mlbamID,playerName,keeperPrice,G,AB,R,H,2B,3B,HR,RBI,SB,CS,BB,SO,HBP,SH,SF,team,league,defaultPos,G_C,G_1B,G_2B,G_3B,G_SS,G_LF,G_CF,G_RF,G_OF
110029,Bobby Abreu,,149,562,97,156,33,3,14,95,23,8,82,117,2,0,6,LAA,AL,OF,0,0,0,0,0,10,0,126,136
110236,Garret Anderson,,130,492,57,130,26,1,14,71,3,1,28,75,2,0,7,,,OF,0,0,0,0,0,124,0,0,124
110383,Rich Aurilia,,100,305,31,73,13,1,8,37,1,0,21,47,2,0,3,,,1B,0,22,0,13,0,0,0,0,0
110385,Brad Ausmus,,89,265,23,56,9,1,3,23,2,1,23,51,4,5,1,LAN,NL,C,30,0,0,0,0,0,0,0,0
110840,Mark Bellhorn,,69,193,24,45,11,1,7,28,0,0,26,57,2,0,1,COL,NL,2B,,,,,,,,,
111072,Henry Blanco,,62,175,18,39,9,0,4,18,0,0,15,37,1,2,1,,,C,60,0,0,1,0,0,0,0,0
111548,Emil Brown,,107,367,44,87,18,1,9,50,4,3,29,76,3,0,4,,,OF,0,0,0,0,0,0,0,1,1
111851,Orlando Cabrera,,151,614,86,168,34,2,8,69,15,4,43,71,2,4,10,CIN,NL,SS,0,0,0,0,158,0,0,0,0
111867,Miguel Cairo,,98,261,37,65,13,2,3,28,7,2,16,40,3,4,1,CIN,NL,2B,0,0,5,1,3,0,0,0,0
111904,Mike Cameron,,139,524,77,126,30,3,19,70,13,5,63,149,6,1,4,BOS,AL,OF,0,0,0,0,0,0,147,0,147
112116,Luis Castillo,,129,480,75,135,18,3,3,40,15,5,63,57,2,0,0,NYN,NL,2B,0,0,137,0,0,0,0,0,0
112131,Frank Catalanotto,,97,282,36,73,18,2,5,29,2,1,26,38,6,2,2,,,OF,0,0,3,0,0,7,0,31,37
112223,Raul Chavez,,73,226,20,52,10,0,4,23,1,0,10,34,2,3,1,TOR,AL,C,51,0,0,0,0,0,0,0,0
112736,Craig Counsell,,115,329,44,76,14,4,3,27,4,3,38,48,5,3,3,MIL,NL,2B,0,0,50,44,27,0,0,0,0
113028,Johnny Damon,,141,539,97,144,30,3,18,70,19,4,68,90,3,2,2,,,OF,0,0,0,0,0,133,0,0,133
113232,Carlos Delgado,,109,411,58,101,21,1,20,72,1,0,43,90,8,0,5,,,1B,0,25,0,0,0,0,0,0,0
113240,David Dellucci,,90,257,32,58,14,2,7,28,2,1,21,63,5,0,3,,,OF,0,0,0,0,0,7,0,0,7
113679,Jermaine Dye,,141,517,81,132,27,1,27,84,2,2,53,107,5,0,4,,,OF,0,0,0,0,0,0,0,133,133
114031,Sal Fasano,,50,151,14,32,7,0,4,14,1,0,8,46,4,1,2,,,C,,,,,,,,,
114260,Cliff Floyd,,81,241,28,57,10,0,7,31,1,0,25,50,5,0,2,,,,0,0,0,0,0,0,0,0,0
114596,Nomar Garciaparra,,93,309,37,80,16,0,8,43,2,1,22,38,2,0,2,,,3B,0,16,0,6,0,0,0,0,0
114739,Jason Giambi,,114,353,54,79,15,0,20,67,1,1,61,86,11,0,4,COL,NL,1B,0,63,0,0,0,0,0,0,0
114789,Brian Giles,,111,429,52,102,22,2,9,45,3,2,55,50,3,0,3,,,OF,0,0,0,0,0,0,0,58,58
115017,Tony Graffanino,,85,286,35,66,17,1,5,31,2,1,23,54,3,1,2,CLE,AL,2B,0,0,4,3,0,0,0,0,0
115135,Ken Griffey Jr.,,122,433,53,95,18,1,17,60,1,1,56,81,2,0,5,SEA,AL,,0,0,0,0,0,8,0,3,11
115210,Mark Grudzielanek,,63,249,32,63,12,1,3,21,1,1,13,36,3,1,2,CLE,AL,2B,,,,,,,,,
115223,Vladimir Guerrero,,125,482,73,143,27,2,22,84,4,2,37,68,5,0,3,TEX,AL,,0,0,0,0,0,0,0,2,2
115229,Jose Guillen,,115,431,51,110,22,1,13,67,2,1,26,82,10,0,3,KCA,AL,OF,0,0,0,0,0,4,0,65,69
115732,Todd Helton,,134,491,74,141,32,2,13,73,0,1,83,71,3,0,6,COL,NL,1B,0,149,0,0,0,0,0,0,0
116338,Torii Hunter,,135,510,79,140,29,1,23,86,15,6,44,101,5,0,4,LAA,AL,OF,0,0,0,0,0,0,115,0,115
116380,Raul Ibanez,,141,544,84,147,31,3,26,100,2,2,54,110,3,0,6,PHI,NL,OF,0,0,0,0,0,129,0,0,129
116539,Derek Jeter,,148,601,97,183,31,2,14,71,19,6,59,95,9,5,3,NYA,AL,SS,0,0,0,0,150,0,0,0,0
116662,Andruw Jones,,111,387,58,83,18,1,20,63,4,2,53,100,5,0,5,CHA,AL,OF,0,8,0,0,0,12,0,5,17
116706,Chipper Jones,,130,468,81,134,26,2,20,75,4,1,80,80,1,0,5,ATL,NL,3B,0,0,0,133,0,0,0,0,0
116974,Jason Kendall,,137,479,50,118,23,1,2,44,6,3,40,56,13,5,4,KCA,AL,C,133,0,0,0,0,0,0,0,0
117244,Paul Konerko,,143,520,73,135,27,1,26,84,1,0,63,94,7,0,6,CHA,AL,1B,0,134,0,0,0,0,0,0,0
117276,Mark Kotsay,,98,345,36,87,18,1,6,41,4,2,28,41,1,1,3,CHA,AL,1B,0,41,0,0,0,4,5,12,20
117601,Derrek Lee,,135,518,84,148,31,2,24,88,4,2,65,107,3,0,4,CHN,NL,1B,0,140,0,0,0,0,0,0,0
117928,Mark Loretta,,113,333,35,81,15,0,3,34,1,1,31,38,3,1,3,,,3B,0,17,3,23,0,0,0,0,0
119865,Abraham O. Nunez,,93,255,29,60,10,1,3,29,3,2,32,51,2,3,2,ARI,NL,SS,,,,,,,,,
120044,Magglio Ordonez,,139,518,73,154,31,1,16,86,2,2,54,76,2,0,4,DET,AL,OF,0,0,0,0,0,0,0,104,104
120074,David Ortiz,,139,520,88,136,31,1,30,102,1,1,81,115,4,0,5,BOS,AL,,0,6,0,0,0,0,0,0,0
120691,Jorge Posada,,110,376,53,99,24,1,16,67,1,0,47,86,4,0,4,NYA,AL,C,100,2,0,0,0,0,0,0,0
120903,Manny Ramirez,,122,434,71,119,24,1,23,81,1,1,68,99,7,0,4,LAN,NL,OF,0,0,0,0,0,101,0,0,101
121074,Edgar Renteria,,128,489,69,131,24,1,9,53,8,3,43,74,2,4,4,SFN,NL,SS,0,0,0,0,123,0,0,0,0
121347,Alex Rodriguez,,135,497,98,141,24,1,36,109,15,3,74,113,11,0,5,NYA,AL,3B,0,0,0,116,0,0,0,0,0
121358,Ivan Rodriguez,,119,441,51,108,22,2,9,48,4,2,20,82,2,2,3,WAS,NL,C,115,0,0,0,0,0,0,0,0
121409,Scott Rolen,,122,443,67,120,29,2,13,63,5,3,45,66,8,0,6,CIN,NL,3B,0,0,0,127,0,0,0,0,0
122111,Gary Sheffield,,102,347,54,79,12,1,13,47,7,2,45,56,4,0,3,,,OF,0,0,0,0,0,46,0,18,63
122644,Matt Stairs,,105,254,32,55,9,0,9,34,1,1,29,57,3,0,2,SDN,NL,OF,0,0,0,0,0,6,0,9,15
123041,Mike Sweeney,,72,243,25,62,14,0,7,33,0,0,18,33,4,0,3,,,,0,5,0,0,0,0,0,0,0
123107,Fernando Tatis,,124,387,49,99,21,3,13,52,4,2,33,78,6,2,3,NYN,NL,1B,0,41,7,27,2,26,0,2,28
123173,Miguel Tejada,,147,589,81,174,35,1,15,78,5,3,26,61,9,0,5,BAL,AL,SS,0,0,0,0,158,0,0,0,0
123272,Jim Thome,,130,426,72,100,18,0,26,81,0,0,76,126,3,0,4,MIN,AL,,0,0,0,0,0,0,0,0,0
123609,Javier Valentin,,60,130,11,32,7,0,3,16,0,0,12,22,1,0,1,,,C,,,,,,,,,
123660,Jason Varitek,,113,382,43,83,18,1,12,51,0,1,52,101,5,0,3,BOS,AL,C,108,0,0,0,0,0,0,0,0
123744,Omar Vizquel,,100,342,37,76,11,2,3,31,7,3,24,39,2,8,2,CHA,AL,SS,0,0,16,20,27,0,0,0,0
124748,Gregg Zaun,,94,279,35,63,15,0,8,34,1,1,40,49,2,1,2,MIL,NL,C,83,0,0,0,0,0,0,0,0
132720,Paul Bako,,79,233,22,49,8,1,4,23,0,1,22,66,2,1,1,,,C,42,0,0,0,0,0,0,0,0
132788,Kevin Millar,,115,393,51,87,19,0,12,50,0,1,54,73,4,0,2,CHN,NL,1B,0,46,0,4,0,0,0,0,0
133140,Scott McClain,,78,265,37,65,13,0,11,45,2,2,30,59,1,0,2,CHN,NL,3B,,,,,,,,,
133160,Randy Winn,,147,555,70,147,32,3,8,55,15,3,46,93,3,3,7,NYA,AL,OF,0,0,0,0,0,54,22,104,146
133226,Mike Redmond,,63,211,19,53,10,0,2,23,0,0,15,26,3,0,1,CLE,AL,C,44,0,0,0,0,0,0,0,0
133380,Aramis Ramirez,,121,453,72,132,28,2,23,90,2,1,46,67,8,0,4,CHN,NL,3B,0,0,0,79,0,0,0,0,0
134001,Paul Lo Duca,,80,279,35,74,15,1,4,35,2,0,20,25,5,2,3,COL,NL,C,,,,,,,,,
134181,Adrian Beltre,,131,519,71,139,35,1,18,72,10,3,34,87,5,0,3,BOS,AL,3B,0,0,0,111,0,0,0,0,0
134260,Bengie Molina,,131,484,45,126,24,1,16,77,0,0,15,61,5,0,8,SFN,NL,C,123,0,0,0,0,0,0,0,0
134341,Jay Payton,,97,317,43,83,15,3,5,43,5,2,20,41,2,2,2,COL,NL,OF,,,,,,,,,
135783,Ramon Castro,,63,184,21,43,9,0,8,27,0,0,17,46,2,1,1,CHA,AL,C,52,0,0,0,0,0,0,0,0
135784,Placido Polanco,,139,567,85,166,30,3,10,65,5,2,35,44,8,5,4,PHI,NL,2B,0,0,151,0,0,0,0,0,0
136267,Troy Glaus,,109,373,55,92,18,1,17,61,1,1,61,89,3,0,3,ATL,NL,3B,0,2,0,8,0,0,0,0,0
136300,Vance Wilson,,37,116,12,26,5,0,3,12,0,1,7,30,2,2,1,KCA,AL,C,,,,,,,,,
136460,Alex Gonzalez,,110,389,43,91,18,1,10,43,1,1,19,73,5,0,0,TOR,AL,SS,0,0,0,0,112,0,0,0,0
136500,Wes Helms,,114,243,24,60,13,1,5,35,0,1,18,61,4,2,4,FLO,NL,3B,0,4,0,70,0,0,0,0,0
136660,Mark DeRosa,,140,499,79,131,26,2,17,74,3,2,54,107,7,2,5,SFN,NL,3B,0,10,2,105,0,18,0,10,28
136664,Michael Barrett,,76,257,27,62,13,1,7,31,1,1,18,44,2,1,2,,,C,7,0,0,0,0,0,0,0,0
136722,Carlos Guillen,,116,418,64,112,23,4,14,62,7,5,52,76,3,1,4,DET,AL,OF,0,2,0,0,0,42,0,0,42
136767,Eric Chavez,,78,287,36,66,15,1,10,36,2,1,33,62,1,0,2,OAK,AL,3B,0,0,0,8,0,0,0,0,0
136770,J.D. Drew,,131,440,81,117,25,3,18,71,3,3,77,102,3,1,4,BOS,AL,OF,0,0,0,0,0,0,0,132,132
136780,Mike Lowell,,126,476,62,133,28,1,16,81,2,2,38,68,3,0,6,BOS,AL,3B,0,0,0,107,0,0,0,0,0
136860,Carlos Beltran,,123,466,82,128,28,2,22,83,16,2,63,81,2,1,5,NYN,NL,OF,0,0,0,0,0,0,77,0,77
137002,Gabe Kapler,,94,212,30,53,13,1,7,31,4,2,22,39,1,1,2,TBA,AL,OF,0,0,0,0,0,14,12,66,88
137140,Russell Branyan,,98,289,41,69,13,1,20,46,2,1,38,98,4,1,3,,,1B,0,116,0,0,0,0,0,0,0
150020,Jerry Hairston Jr.,,107,302,44,73,17,1,6,32,8,3,24,47,4,8,3,,,3B,0,0,12,49,42,19,5,14,36
150021,Darnell McDonald,,120,421,53,109,23,4,10,49,14,5,30,97,3,2,4,BOS,AL,OF,0,0,0,0,0,20,8,10,36
150029,Jayson Werth,,136,447,76,117,20,2,24,75,15,2,67,123,5,1,4,PHI,NL,OF,0,0,0,0,0,3,12,146,157
150040,Jose Molina,,82,231,25,51,12,0,3,20,1,0,15,49,3,4,2,,,C,49,3,0,1,0,0,0,0,0
150061,Julio Lugo,,107,366,49,91,18,2,5,35,16,4,40,64,2,4,4,SLN,NL,2B,0,0,30,0,56,0,0,0,0
150070,Kevin Barker,,126,414,57,99,21,1,20,66,1,1,50,113,2,0,7,,,1B,0,6,0,0,0,0,0,0,0
150071,Ronnie Belliard,,116,370,44,96,21,1,11,47,3,1,29,70,2,2,2,LAN,NL,2B,0,15,60,12,0,0,0,0,0
150089,Michel Hernandez,,77,237,25,60,10,1,3,23,1,1,19,34,1,1,2,TBA,AL,C,35,0,0,0,0,0,0,0,0
150093,Alfonso Soriano,,122,507,80,131,28,2,26,67,16,5,39,123,4,0,3,CHN,NL,OF,0,0,2,1,0,116,0,0,116
150100,Pat Burrell,,137,455,59,102,22,2,20,72,1,0,80,127,3,0,6,TBA,AL,,0,0,0,0,0,1,0,1,2
150134,Toby Hall,,44,142,12,35,5,0,3,14,0,0,8,19,2,1,1,TEX,AL,C,,,,,,,,,
150137,Paul Hoover,,79,249,24,55,13,1,3,25,1,1,22,73,2,1,3,PHI,NL,C,3,0,0,0,0,0,0,0,0
150148,Rod Barajas,,105,352,41,82,17,0,13,48,0,0,22,63,3,2,4,,,C,120,0,0,0,0,0,0,0,0
150178,Jason LaRue,,63,170,17,35,7,0,4,16,1,0,14,42,5,2,1,,,C,43,2,0,0,0,0,0,0,0
150207,Paul Phillips,,73,248,27,67,12,1,3,26,0,0,16,33,1,3,2,COL,NL,C,15,0,0,0,0,0,0,0,0
150212,Michael Cuddyer,,135,505,79,133,28,5,20,81,5,1,52,102,7,0,3,MIN,AL,OF,0,34,1,0,0,0,3,117,117
150217,Cristian Guzman,,123,490,68,141,25,5,7,46,4,4,21,64,3,3,2,WAS,NL,SS,0,0,0,0,117,0,0,0,0
150224,Chad Moeller,,64,187,17,42,10,0,4,19,0,1,13,41,3,1,2,BAL,AL,C,30,0,0,0,0,0,0,0,0
150229,A.J. Pierzynski,,135,501,60,137,26,1,13,55,1,1,22,65,5,3,4,CHA,AL,C,131,0,0,0,0,0,0,0,0
150251,Yamid Haad,,49,146,13,30,6,0,2,11,1,1,9,38,1,1,2,SEA,AL,C,,,,,,,,,
150268,Pedro Feliz,,147,527,58,132,26,2,16,73,1,1,32,72,2,2,4,HOU,NL,3B,0,0,0,155,2,0,0,0,0
150275,Yorvit Torrealba,,91,314,34,79,18,1,6,43,1,2,24,63,4,4,3,,,C,64,0,0,0,0,0,0,0,0
150286,Mike Lamb,,85,261,29,65,13,2,4,29,0,1,17,32,2,1,3,,,3B,,,,,,,,,
150289,Carlos Pena,,137,472,80,114,23,1,34,95,2,1,85,151,9,0,6,TBA,AL,1B,0,134,0,0,0,0,0,0,0
150317,Joe Crede,,100,356,43,86,17,1,15,53,0,1,29,54,3,0,3,,,3B,0,0,0,84,0,0,0,0,0
150322,Mark Johnson,,49,144,14,35,5,0,2,16,1,1,19,24,2,1,1,CHN,NL,C,,,,,,,,,
150324,Carlos Lee,,131,497,67,144,28,1,25,96,3,4,38,58,3,4,2,HOU,NL,OF,0,1,0,0,0,154,0,0,154
150396,Milton Bradley,,112,377,59,100,19,1,14,51,5,3,61,93,8,1,2,SEA,AL,OF,0,0,0,0,0,0,1,109,110
150398,Geoff Blum,,114,332,33,77,15,1,9,43,0,1,26,57,4,1,5,HOU,NL,3B,0,10,0,102,1,0,0,0,0
150411,Brian Schneider,,101,323,26,76,16,0,6,43,0,0,35,49,2,3,4,PHI,NL,C,57,0,0,0,0,0,0,0,0
150415,Brad Wilkerson,,80,247,35,56,14,1,8,36,2,2,31,71,2,2,3,BOS,AL,OF,,,,,,,,,
150416,Danny Ardoin,,39,121,12,26,6,0,2,9,0,0,9,32,2,2,1,LAN,NL,C,,,,,,,,,
150421,Ramon Hernandez,,117,406,45,105,20,1,14,61,2,1,41,57,6,2,5,CIN,NL,C,55,30,0,1,0,0,0,0,0
150433,Ben Davis,,39,135,14,32,6,1,3,15,0,1,8,29,1,0,1,CIN,NL,C,,,,,,,,,
150439,Gary Matthews Jr.,,120,426,61,106,23,2,9,53,8,3,45,94,3,0,4,NYN,NL,OF,0,0,0,0,0,12,56,28,91
150449,Rick Ankiel,,130,439,63,109,23,3,20,67,4,2,34,112,4,0,4,KCA,AL,OF,0,0,0,0,0,25,66,27,101
150456,Adam Kennedy,,128,444,51,116,21,2,8,48,12,5,36,71,4,3,3,,,3B,0,1,50,82,0,0,0,1,1
150472,Ryan Freel,,85,270,39,66,14,1,3,18,12,6,26,55,5,2,0,,,OF,0,0,3,9,0,7,5,14,25
150479,Felipe Lopez,,149,568,81,157,32,4,9,53,14,8,60,101,3,3,3,,,2B,0,0,144,0,0,0,0,0,0
150482,Josh Phelps,,72,212,29,56,11,1,9,33,1,1,21,54,3,0,2,SFN,NL,1B,,,,,,,,,
150484,Vernon Wells,,142,561,77,148,31,3,19,75,11,3,45,79,3,0,6,TOR,AL,OF,0,0,0,0,0,0,155,0,155
204020,Lance Berkman,,143,508,84,140,30,2,27,92,8,4,85,109,5,0,5,HOU,NL,1B,0,131,0,0,0,0,0,0,0
206551,Melvin Mora,,127,479,63,124,22,1,13,66,5,4,40,74,8,3,5,COL,NL,3B,0,0,0,124,0,0,0,0,0
209315,David Newhan,,78,215,26,53,11,2,5,27,3,2,17,46,2,1,3,PHI,NL,OF,,,,,,,,,
217100,Willie Bloomquist,,104,293,42,76,9,3,3,22,16,5,24,51,2,3,1,KCA,AL,OF,0,3,14,3,38,9,22,61,84
232694,Casey Blake,,137,496,71,127,27,3,18,72,4,3,51,116,8,2,7,LAN,NL,3B,0,2,0,134,0,2,0,0,2
275930,David Eckstein,,120,446,52,114,23,1,3,34,4,2,33,44,10,9,4,SDN,NL,2B,0,0,131,0,0,0,0,0,0
276055,Adam Dunn,,153,525,84,128,25,1,34,95,3,1,106,166,5,0,3,WAS,NL,1B,0,67,0,0,0,62,0,22,84
276346,Brandon Inge,,143,482,63,108,19,2,19,70,4,4,48,138,11,4,4,DET,AL,3B,0,0,0,161,0,0,0,0,0
276347,Eric Munson,,87,276,32,63,14,1,9,40,0,1,33,60,3,1,4,,,,0,0,0,0,0,0,0,0,0
276354,Matt Treanor,,55,163,16,38,7,1,3,19,0,0,18,37,3,2,1,MIL,NL,C,4,0,0,0,0,0,0,0,0
276361,Adam Everett,,104,326,38,75,17,1,4,38,4,2,23,53,3,9,3,DET,AL,SS,0,0,0,0,116,0,0,0,0
276372,Luis Rivas,,69,215,27,51,10,2,4,21,3,2,18,32,2,2,2,CHN,NL,2B,,,,,,,,,
276376,Nick Johnson,,118,406,63,109,25,1,12,56,3,3,81,80,10,1,3,NYA,AL,1B,0,129,0,0,0,0,0,0,0
276519,Jimmy Rollins,,149,638,104,169,38,8,20,74,35,6,50,72,4,2,5,PHI,NL,SS,0,0,0,0,155,0,0,0,0
276523,Tike Redman,,69,247,36,65,11,2,2,19,8,5,22,32,2,2,2,MIL,NL,OF,,,,,,,,,
276534,Guillermo Rodriguez,,91,242,24,54,12,1,4,23,2,1,17,49,2,0,0,,,C,6,0,0,0,0,0,0,0,0
276537,Chris Richard,,111,372,49,87,18,2,14,55,3,2,40,100,7,0,3,TBA,AL,1B,0,13,0,0,0,0,0,0,0
276545,Michael Young,,144,587,84,173,35,2,15,82,9,2,48,100,2,0,4,TEX,AL,3B,0,0,0,134,0,0,0,0,0
276547,Dewayne Wise,,93,248,37,64,14,4,8,26,9,5,15,53,4,5,2,PHI,NL,OF,0,0,0,0,0,5,35,34,70
279576,Steve Torrealba,,57,162,15,39,8,0,5,21,0,0,16,36,2,2,2,BAL,AL,C,,,,,,,,,
279577,Rafael Furcal,,128,524,82,141,26,4,9,44,17,7,55,75,2,2,2,LAN,NL,SS,0,0,0,0,149,0,0,0,0
279827,Humberto Quintero,,85,255,25,62,13,1,5,26,0,1,12,52,5,2,1,HOU,NL,C,59,0,0,0,0,0,0,0,0
279913,Corey Patterson,,131,422,53,98,22,2,9,43,23,9,21,93,3,7,3,SEA,AL,OF,0,0,0,0,0,0,6,2,8
280061,Corky Miller,,66,189,19,42,9,0,5,26,1,0,20,37,5,2,2,,,C,32,0,0,0,0,0,0,0,0
282597,Adam Melhuse,,29,80,9,17,4,0,2,9,0,0,9,21,1,0,1,PIT,NL,C,,,,,,,,,
282905,Andy Tracy,,132,439,64,105,24,1,21,76,4,2,59,109,4,1,6,,,1B,0,1,0,0,0,0,0,0,0
285068,Cody Ransom,,114,357,54,83,22,1,15,53,6,3,39,100,3,1,3,PHI,NL,3B,0,1,1,23,3,0,0,0,0
285078,Josh Hamilton,,112,423,62,116,23,3,19,73,7,3,39,93,4,0,5,TEX,AL,OF,0,0,0,0,0,0,56,24,79
285131,Cesar Izturis,,114,370,38,94,15,3,2,27,11,4,23,33,3,3,1,BAL,AL,SS,0,0,0,0,112,0,0,0,0
291565,Eric Byrnes,,110,402,60,101,22,3,13,52,18,5,29,62,5,1,3,SEA,AL,OF,0,0,0,0,0,49,6,5,58
292294,Luis Figueroa,,69,236,27,61,11,1,2,24,2,3,14,24,2,4,2,LAA,AL,SS,,,,,,,,,
294558,Xavier Nady,,103,373,47,103,22,1,15,57,2,1,25,76,7,0,2,CHN,NL,OF,0,0,0,0,0,0,0,6,6
324432,Augie Ojeda,,100,252,35,62,12,2,2,22,2,1,28,32,6,6,2,ARI,NL,2B,0,0,35,28,34,0,0,0,0
325392,Scott Podsednik,,120,411,59,113,22,4,4,35,22,10,35,66,4,4,2,KCA,AL,OF,0,0,0,0,0,78,50,3,116
333292,Jack Wilson,,115,412,45,104,23,1,6,37,3,2,25,52,4,6,4,SEA,AL,SS,0,0,0,0,105,0,0,0,0
333492,Aubrey Huff,,147,536,69,139,34,3,18,82,1,3,48,88,4,0,5,SFN,NL,,0,93,0,0,0,0,0,0,0
334393,Juan Pierre,,142,493,68,138,20,6,2,36,39,13,30,36,6,10,1,CHA,AL,OF,0,0,0,0,0,94,15,0,103
340192,Marco Scutaro,,130,466,75,126,25,1,8,53,8,3,62,64,3,4,6,BOS,AL,SS,0,0,2,0,143,0,0,0,0
340393,Ross Gload,,112,292,38,78,15,2,6,37,2,2,20,37,2,1,4,PHI,NL,1B,0,41,0,0,0,1,0,10,10
346795,Endy Chavez,,95,244,30,67,11,2,3,22,8,2,18,30,1,7,2,,,OF,0,0,0,0,0,40,8,4,48
346857,Nick Punto,,124,396,55,95,18,3,2,34,15,5,52,74,1,9,4,MIN,AL,2B,0,0,63,5,58,0,0,0,0
346859,Jason Michaels,,107,267,36,64,15,1,7,38,3,3,26,62,2,1,3,HOU,NL,OF,0,0,0,0,0,31,14,3,45
346874,Juan Uribe,,126,417,49,105,23,3,14,57,2,3,27,84,2,5,4,SFN,NL,3B,0,0,38,44,41,0,0,0,0
348562,Keith Ginter,,83,286,30,66,14,1,6,33,2,1,30,60,5,2,3,CHA,AL,2B,,,,,,,,,
400018,Miguel Olivo,,112,395,48,99,19,3,20,61,4,2,16,113,4,1,1,COL,NL,C,103,0,0,0,0,0,0,0,0
400023,Aaron Rowand,,141,516,68,136,31,1,15,65,5,3,35,118,14,1,3,SFN,NL,OF,0,0,0,0,0,0,137,0,137
400073,Oscar Salazar,,132,429,58,125,29,2,17,72,3,3,32,66,1,0,4,SDN,NL,OF,0,8,3,5,2,16,0,4,20
400083,Andres Torres,,107,333,50,81,14,8,7,32,12,4,32,91,3,6,2,SFN,NL,OF,0,0,0,0,0,33,37,5,69
400085,Ichiro Suzuki,,149,639,90,197,26,5,8,48,30,6,36,73,4,3,2,SEA,AL,OF,0,0,0,0,0,0,0,145,145
400090,Alex Cintron,,79,224,24,57,9,1,4,24,2,2,11,37,1,3,1,WAS,NL,2B,0,0,2,0,2,0,0,0,0
400091,Jack Cust,,147,480,77,114,19,0,28,74,2,1,107,179,2,0,5,OAK,AL,,0,0,0,0,0,0,0,51,51
400098,Travis Hafner,,111,399,56,102,21,1,17,65,1,1,60,86,5,0,3,CLE,AL,,0,0,0,0,0,0,0,0,0
400120,Chris Coste,,95,274,26,62,15,0,6,34,0,0,20,58,5,2,2,NYN,NL,C,55,16,0,0,0,0,0,0,0
400121,Victor Martinez,,136,513,72,152,33,1,17,90,0,0,58,69,4,0,6,BOS,AL,C,85,70,0,0,0,0,0,0,0
400134,Eric Hinske,,104,262,39,62,14,1,11,35,4,1,35,67,4,0,1,ATL,NL,OF,0,6,0,13,0,2,0,35,37
400136,Jason Smith,,106,300,33,62,11,3,9,32,4,2,15,102,2,3,4,HOU,NL,2B,0,0,5,1,1,0,0,0,0
400140,Wilson Betemit,,108,283,34,69,19,0,9,41,1,1,26,79,1,1,2,KCA,AL,1B,0,7,0,6,0,0,0,0,0
400154,Dane Sardinha,,89,272,25,54,12,1,6,28,1,0,17,82,2,4,3,PHI,NL,C,12,0,0,0,0,0,0,0,0
400268,J.C. Boscan,,62,175,12,39,9,0,2,19,1,1,17,41,2,0,0,ATL,NL,C,,,,,,,,,
400284,Chase Utley,,149,573,110,165,35,3,28,95,15,2,69,107,22,1,6,PHI,NL,2B,0,0,155,0,0,0,0,0,0
400290,Austin Kearns,,113,376,51,88,18,1,10,46,2,2,52,85,8,0,2,CLE,AL,OF,0,0,0,0,0,0,3,54,57
405395,Albert Pujols,,151,554,103,176,40,1,38,117,8,4,88,63,7,0,7,SLN,NL,1B,0,159,0,0,0,0,0,0,0
406550,Jamie Burke,,72,207,21,47,10,0,3,20,0,1,14,36,2,2,1,WAS,NL,C,18,1,0,0,0,0,0,0,0
406878,Brian Roberts,,150,596,101,166,45,4,12,63,34,8,74,102,2,2,6,BAL,AL,2B,0,0,158,0,0,0,0,0,0
407155,Craig Monroe,,93,294,42,67,15,1,12,47,1,1,24,77,2,0,2,,,OF,0,0,0,0,0,8,0,9,17
407397,Esteban German,,113,337,49,92,16,4,4,39,15,6,42,63,5,4,4,TEX,AL,3B,0,1,6,10,0,1,0,0,1
407399,J.R. House,,97,345,40,92,20,1,7,41,1,1,26,47,2,1,3,KCA,AL,C,,,,,,,,,
407483,Willie Harris,,131,349,56,84,17,5,8,32,14,7,50,68,7,2,2,WAS,NL,OF,0,0,19,4,0,45,63,1,98
407487,Juan Rivera,,121,423,54,117,22,1,19,74,0,1,29,51,3,0,0,LAA,AL,OF,0,0,0,0,0,124,0,7,128
407489,Lyle Overbay,,136,470,61,120,30,2,14,61,1,1,63,100,2,0,4,TOR,AL,1B,0,130,0,0,0,0,0,0,0
407496,Ramon Vazquez,,104,283,38,68,13,1,4,28,1,1,36,66,2,5,3,PIT,NL,SS,0,0,22,14,28,0,0,0,0
407556,Angel Berroa,,100,315,38,75,17,1,6,33,2,2,20,57,5,5,2,LAN,NL,3B,0,0,0,16,8,0,0,0,0
407576,Mike Rivera,,81,254,26,59,13,0,9,40,2,2,19,58,4,0,2,NYA,AL,C,34,0,0,0,0,0,0,0,0
407777,Ben Broussard,,67,204,28,51,9,0,9,30,1,0,15,46,3,0,2,CHA,AL,1B,,,,,,,,,
407781,Marlon Byrd,,137,485,70,134,29,3,15,76,6,4,39,92,9,1,6,CHN,NL,OF,0,0,0,0,0,36,105,6,144
407786,Jorge Padilla,,121,385,52,103,18,2,6,34,9,7,31,59,6,5,2,WAS,NL,OF,0,0,0,0,0,7,1,5,13
407792,Alfredo Amezaga,,101,279,34,70,12,3,3,24,8,4,22,44,3,3,2,LAN,NL,SS,0,0,0,0,5,2,15,3,18
407797,Nick Green,,104,323,36,76,14,1,9,36,2,4,21,86,5,4,3,LAN,NL,SS,0,0,7,9,81,3,0,0,3
407798,Ryan Langerhans,,118,297,41,66,16,2,8,35,5,4,41,86,3,3,4,SEA,AL,OF,0,0,0,0,0,30,4,5,36
407801,Marcus Thames,,99,310,45,74,13,1,18,50,1,2,29,87,2,0,3,,,,0,2,0,0,0,20,0,0,20
407812,Matt Holliday,,151,580,101,175,38,3,25,102,16,5,67,111,10,0,5,SLN,NL,OF,0,0,0,0,0,155,0,0,155
407832,Wilson Valdez,,125,395,59,103,16,2,3,30,9,5,34,51,3,6,2,PHI,NL,SS,0,0,1,1,32,2,0,0,2
407833,John Buck,,101,330,37,73,17,2,13,47,1,2,29,90,5,1,3,TOR,AL,C,46,0,0,0,0,0,0,0,0
407835,Jason Lane,,85,280,38,61,17,1,9,36,2,2,32,61,3,1,4,TOR,AL,OF,,,,,,,,,
407849,Bill Hall,,125,416,53,93,28,1,13,52,5,5,37,133,2,1,4,SEA,AL,OF,0,0,3,69,0,22,1,15,37
407855,Ed Rogers,,61,192,23,49,9,0,4,21,3,2,12,36,2,1,2,ARI,NL,SS,,,,,,,,,
407861,Orlando Hudson,,137,511,66,139,29,5,9,54,7,2,56,87,3,6,5,,,2B,0,0,145,0,0,0,0,0,0
407862,Reed Johnson,,96,307,44,80,18,2,6,33,4,3,22,59,10,3,2,LAN,NL,OF,0,0,0,0,0,10,42,7,54
407871,Joe Thurston,,98,283,35,71,17,3,3,28,5,4,28,52,4,2,1,ATL,NL,3B,0,0,47,68,0,5,0,0,5
407876,Chip Ambres,,93,312,42,77,18,2,9,39,3,3,34,70,2,0,3,NYN,NL,OF,,,,,,,,,
407885,Mark Ellis,,122,455,60,112,23,2,12,56,9,3,38,71,5,3,4,OAK,AL,2B,0,0,105,0,0,0,0,0,0
407886,Ryan Ludwick,,142,476,72,127,27,1,24,87,4,4,45,117,7,2,5,SLN,NL,OF,0,0,0,0,0,1,1,133,134
407893,Mark Teixeira,,149,569,94,162,39,2,34,113,2,0,78,108,8,0,5,NYA,AL,1B,0,152,0,0,0,0,0,0,0
408036,Josh Bard,,100,306,26,74,18,1,5,34,0,1,31,56,1,1,1,SEA,AL,C,79,0,0,0,0,0,0,0,0
408038,JD Closser,,71,213,21,48,11,0,3,23,2,2,25,49,1,1,2,LAN,NL,C,,,,,,,,,
408039,So Taguchi,,101,234,34,56,9,1,3,24,4,3,21,32,5,3,2,,,OF,0,0,0,0,0,3,0,1,3
408042,Gerald Laird,,117,388,53,93,22,2,6,39,4,2,32,75,7,6,4,DET,AL,C,135,1,0,0,0,0,0,0,0
408045,Joe Mauer,,138,518,87,170,32,3,18,87,4,2,72,59,2,1,7,MIN,AL,C,109,0,0,0,0,0,0,0,0
408047,Justin Morneau,,146,554,84,153,34,2,27,108,1,1,64,87,4,0,9,MIN,AL,1B,0,123,0,0,0,0,0,0,0
408050,Mike Ryan,,80,237,28,59,13,1,7,29,1,1,21,57,1,0,0,FLO,NL,OF,,,,,,,,,
408108,Freddy Sanchez,,132,520,68,147,31,3,8,58,2,1,25,72,4,5,6,SFN,NL,2B,0,0,110,0,0,0,0,0,0
408201,Howie Clark,,67,228,29,57,11,1,3,24,1,1,17,25,2,3,2,TOR,AL,2B,,,,,,,,,
408209,Tommy Murphy,,77,259,33,62,13,2,3,19,12,6,23,63,2,4,1,KCA,AL,OF,,,,,,,,,
408210,Chone Figgins,,138,529,90,145,24,5,4,46,38,14,80,101,2,5,4,SEA,AL,3B,0,0,2,154,0,1,0,0,1
408211,Kevin Cash,,65,181,16,37,8,0,4,21,0,0,19,56,2,1,2,HOU,NL,C,10,0,0,0,0,0,0,0,0
408212,Gabe Gross,,118,284,39,67,15,2,9,35,4,2,42,71,1,1,2,OAK,AL,OF,0,0,0,0,0,0,0,100,100
408213,Hank Blalock,,110,417,58,105,22,3,19,63,2,1,31,85,3,0,3,,,1B,0,66,0,1,0,0,0,0,0
408219,Chris Duncan,,116,352,45,85,20,1,12,48,1,1,47,93,2,0,2,WAS,NL,OF,0,6,0,0,0,68,0,0,68
408232,Ray Olmedo,,88,285,28,69,12,2,3,25,5,5,16,49,2,7,2,TEX,AL,SS,,,,,,,,,
408234,Miguel Cabrera,,156,595,92,185,37,1,34,114,4,2,63,109,5,0,5,DET,AL,1B,0,153,0,0,0,0,0,0,0
408236,Adrian Gonzalez,,155,577,87,157,33,2,34,94,0,1,79,118,5,1,4,SDN,NL,1B,0,156,0,0,0,0,0,0,0
408242,Wil Nieves,,73,214,19,52,9,1,2,25,1,1,16,39,2,2,3,WAS,NL,C,71,0,0,0,0,0,0,0,0
408252,Brandon Phillips,,150,579,83,154,27,5,22,87,25,8,39,87,7,2,6,CIN,NL,2B,0,0,151,0,0,0,0,0,0
408299,Omar Infante,,91,275,37,76,15,2,4,33,3,1,23,41,2,2,4,ATL,NL,2B,0,0,30,10,10,7,8,3,16
408305,Jorge Cantu,,137,513,64,137,33,1,17,80,3,1,39,85,7,0,6,FLO,NL,1B,0,111,0,45,0,0,0,0,0
408306,Rocco Baldelli,,83,269,38,69,14,2,11,38,4,2,20,64,5,0,1,,,OF,0,0,0,1,0,2,8,35,45
408307,Carl Crawford,,142,561,87,162,26,9,13,70,47,11,42,90,6,2,4,TBA,AL,OF,0,0,0,0,0,154,0,0,154
408311,Justin Huber,,110,361,37,88,18,1,12,48,2,2,29,80,6,1,3,MIN,AL,1B,0,1,0,0,0,0,0,0,0
408312,Mike Jacobs,,131,456,56,110,24,1,21,70,1,1,38,118,2,0,3,KCA,AL,,0,15,0,0,0,0,0,0,0
408314,Jose Reyes,,129,536,87,151,29,10,12,54,47,12,53,66,2,3,2,NYN,NL,SS,0,0,0,0,35,0,0,0,0
421064,Ty Wigginton,,124,440,53,119,24,1,18,58,3,4,31,78,6,0,3,BAL,AL,1B,0,40,8,39,9,2,0,0,2
421124,Ramon Santiago,,96,279,37,71,12,2,5,31,3,3,20,54,6,9,2,DET,AL,SS,0,0,29,2,69,0,0,0,0
424325,David Ross,,88,242,29,55,11,1,11,31,0,0,34,71,2,4,2,ATL,NL,C,52,0,0,0,0,0,0,0,0
424366,John-Ford Griffin,,81,268,33,63,15,2,8,35,2,1,26,73,2,0,3,LAN,NL,1B,,,,,,,,,
424726,Jason Bay,,150,539,96,140,25,2,32,102,9,2,86,148,7,0,6,NYN,NL,OF,0,0,0,0,0,150,0,0,150
424825,Coco Crisp,,103,365,56,90,17,4,7,37,20,5,40,57,2,6,3,OAK,AL,OF,0,0,0,0,0,0,49,0,49
425206,Jamey Carroll,,105,322,54,81,13,2,3,28,5,3,36,64,5,6,2,LAN,NL,2B,0,0,56,23,0,4,0,6,10
425429,Andy Phillips,,72,213,28,56,9,1,6,27,1,1,18,36,2,2,2,,,1B,,,,,,,,,
425446,Aaron Miles,,116,343,39,86,15,2,2,24,3,2,19,42,1,5,2,CIN,NL,2B,0,0,35,4,8,0,0,0,0
425472,Alejandro Machado,,66,211,25,54,11,1,3,21,8,3,19,34,2,2,2,NYN,NL,2B,,,,,,,,,
425491,Ryan Doumit,,100,340,46,91,22,1,12,49,3,2,23,60,5,0,4,PIT,NL,C,71,0,0,0,0,0,0,1,1
425496,Cody Ross,,132,429,58,111,26,2,19,69,4,2,33,99,7,0,3,FLO,NL,OF,0,0,0,0,0,0,103,58,151
425506,Jody Gerut,,123,349,49,89,16,2,12,43,7,4,30,56,2,0,3,MIL,NL,OF,0,0,0,0,0,3,42,37,79
425508,Ryan Church,,116,381,50,102,26,1,10,51,5,2,37,81,5,1,3,PIT,NL,OF,0,0,0,0,0,0,23,86,105
425509,Jhonny Peralta,,152,581,80,151,34,2,17,77,2,2,56,130,4,2,6,CLE,AL,3B,0,0,0,105,41,0,0,0,0
425511,Prentice Redman,,84,297,43,73,17,1,10,36,3,3,27,63,3,2,2,LAN,NL,OF,,,,,,,,,
425533,Jason Ellison,,87,252,33,62,12,1,3,20,6,3,24,48,3,2,2,PHI,NL,OF,,,,,,,,,
425542,Koyie Hill,,95,290,33,67,16,1,7,36,1,1,26,74,2,2,2,CHN,NL,C,79,0,0,1,0,0,0,0,0
425543,Josh Wilson,,107,328,38,80,19,3,6,32,6,3,24,63,6,5,3,SEA,AL,SS,0,0,4,6,55,0,0,0,0
425545,Josh Willingham,,131,448,66,114,26,2,20,67,4,2,59,103,13,0,2,WAS,NL,OF,0,1,0,0,0,87,0,35,118
425547,Brad Hawpe,,145,502,77,138,32,3,24,93,2,3,75,138,3,0,3,COL,NL,OF,0,0,0,0,0,0,0,141,141
425548,Garrett Atkins,,141,508,69,133,26,1,17,81,1,1,50,84,3,0,6,BAL,AL,3B,0,28,0,78,0,0,0,0,0
425549,Clint Barmes,,136,482,64,122,26,4,15,61,10,7,26,92,9,6,4,COL,NL,2B,0,0,139,0,16,0,0,0,0
425556,Laynce Nix,,115,361,50,88,21,1,19,57,2,1,27,95,3,0,3,CIN,NL,OF,0,0,0,0,0,72,5,10,85
425557,Jeff Baker,,105,297,42,77,17,2,10,45,2,1,27,74,2,1,3,CHN,NL,2B,0,3,52,20,0,0,0,0,0
425560,Adam LaRoche,,147,534,76,141,36,2,25,86,1,2,59,135,2,0,5,ARI,NL,1B,0,148,0,0,0,0,0,0,0
425565,Guillermo Quiroz,,73,229,19,52,11,1,5,29,0,0,14,50,2,2,2,SEA,AL,C,4,0,0,0,0,0,0,0,0
425567,Alex Rios,,148,580,83,156,35,4,19,78,23,6,45,102,5,1,7,CHA,AL,OF,0,0,0,0,0,0,42,110,149
425631,Robby Hammock,,71,224,25,52,11,1,5,24,1,1,19,47,2,1,2,COL,NL,C,,,,,,,,,
425632,Matt Kata,,107,298,34,73,15,3,6,29,7,2,15,48,4,2,3,HOU,NL,2B,0,1,7,0,0,4,0,0,4
425634,Mike Hessman,,93,320,43,69,14,2,20,51,2,2,39,117,5,1,2,NYN,NL,3B,,,,,,,,,
425650,Jason Dubois,,86,277,34,65,14,1,13,39,1,1,23,81,5,0,2,NYN,NL,OF,,,,,,,,,
425659,Hector Luna,,82,274,35,70,14,2,7,29,3,2,20,53,3,0,2,FLO,NL,3B,,,,,,,,,
425661,Ronny Paulino,,105,344,37,88,18,1,9,45,1,1,33,70,2,1,2,FLO,NL,C,77,0,0,0,0,0,0,0,0
425664,Shane Victorino,,147,531,90,148,29,7,11,54,26,8,47,66,8,5,2,PHI,NL,OF,0,0,0,0,0,0,150,0,150
425686,Hideki Matsui,,121,423,62,114,21,1,17,71,1,1,53,68,3,0,3,LAA,AL,,0,0,0,0,0,0,0,0,0
425766,James Loney,,153,548,66,157,32,4,14,84,6,3,54,71,2,1,5,LAN,NL,1B,0,155,0,0,0,0,0,0,0
425769,Eliezer Alfonzo,,92,302,27,70,14,1,10,36,1,1,11,81,4,1,2,SEA,AL,C,30,0,0,0,0,0,0,0,0
425772,Jeff Mathis,,106,333,44,73,17,1,8,40,2,2,30,88,4,6,3,LAA,AL,C,79,0,0,0,0,0,0,0,0
425773,Casey Kotchman,,125,419,49,113,25,1,10,57,1,1,40,43,5,1,3,BOS,AL,1B,0,114,0,0,0,0,0,0,0
425774,Dallas McPherson,,86,266,36,54,11,2,11,30,4,3,32,109,2,0,0,OAK,AL,3B,,,,,,,,,
425783,Shin-Soo Choo,,129,458,71,132,30,4,16,69,14,5,59,111,9,0,6,CLE,AL,OF,0,0,0,0,0,20,1,124,143
425784,Rene Rivera,,63,203,17,44,10,0,6,22,0,1,12,53,2,2,2,NYN,NL,C,,,,,,,,,
425785,Greg Dobbs,,115,253,34,68,13,1,8,38,3,1,19,48,2,0,3,PHI,NL,3B,0,6,0,16,0,13,0,2,15
425796,Jeff Francoeur,,155,604,75,162,33,3,18,85,4,3,32,102,7,1,6,NYN,NL,OF,0,0,0,0,0,0,0,154,154
425821,Todd Linden,,77,219,30,53,12,2,6,26,2,1,26,64,2,1,1,NYA,AL,OF,,,,,,,,,
425824,Angel Chavez,,92,326,36,83,20,1,5,36,3,2,15,48,2,2,2,BOS,AL,3B,,,,,,,,,
425833,Max St. Pierre,,62,189,18,42,9,1,5,24,0,0,10,31,2,0,0,DET,AL,C,,,,,,,,,
425834,B.J. Upton,,146,538,84,142,33,3,14,65,42,15,76,135,4,2,5,TBA,AL,OF,0,0,0,0,0,0,144,0,144
425852,Mike Rose,,65,197,18,42,8,1,5,18,1,1,19,62,1,2,2,LAN,NL,C,,,,,,,,,
425853,Bobby Crosby,,109,371,48,88,20,1,8,41,6,2,35,68,2,2,2,PIT,NL,SS,0,54,5,42,6,0,0,1,1
425859,Russ Adams,,113,369,48,86,18,2,8,42,4,3,34,69,2,3,3,NYN,NL,OF,0,0,0,0,0,5,0,0,5
425867,Khalil Greene,,114,390,48,93,22,2,15,52,4,1,26,83,4,1,6,TEX,AL,SS,0,0,0,16,30,0,0,0,0
425877,Yadier Molina,,130,443,39,123,23,1,8,54,4,2,40,40,5,4,3,SLN,NL,C,138,6,0,0,0,0,0,0,0
425900,Dioner Navarro,,117,395,43,99,21,1,9,45,3,2,31,54,4,5,3,TBA,AL,C,113,0,0,0,0,0,0,0,0
425902,Prince Fielder,,156,572,93,162,33,2,43,113,3,2,87,122,11,0,8,MIL,NL,1B,0,162,0,0,0,0,0,0,0
425903,Kevin Youkilis,,141,522,94,150,34,2,23,93,5,3,75,118,13,0,6,BOS,AL,1B,0,78,0,63,0,2,0,0,2
428642,Lou Montanez,,77,238,30,63,14,1,7,29,1,2,16,42,3,1,1,BAL,AL,OF,0,0,0,0,0,19,2,2,22
429662,Josh Barfield,,111,388,43,97,21,2,5,38,10,5,16,74,2,2,3,CLE,AL,2B,0,0,8,0,0,1,0,0,1
429663,Chris Burke,,113,333,44,78,18,1,6,31,11,3,31,64,7,4,3,CIN,NL,SS,0,0,1,2,25,0,0,0,0
429664,Robinson Cano,,152,586,84,181,43,3,21,84,4,5,30,65,5,1,4,NYA,AL,2B,0,0,161,0,0,0,0,0,0
429665,Edwin Encarnacion,,124,437,61,111,22,1,19,63,4,1,47,87,9,0,3,TOR,AL,3B,0,0,0,85,0,0,0,0,0
429666,J.J. Hardy,,132,504,64,129,24,2,18,60,1,1,40,85,2,3,3,MIN,AL,SS,0,0,0,0,112,0,0,0,0
429667,Ryan Howard,,153,582,96,153,29,2,45,136,3,1,77,185,5,0,6,PHI,NL,1B,0,156,0,0,0,0,0,0,0
429708,Andy Marte,,122,405,48,103,24,2,15,57,1,1,30,79,2,3,4,CLE,AL,1B,0,45,0,0,0,0,0,0,0
429710,Chad Tracy,,105,337,41,83,19,1,10,47,1,2,28,62,2,1,0,CHN,NL,1B,0,66,0,8,0,0,0,0,0
429711,Franklin Gutierrez,,141,475,71,126,26,1,15,54,13,5,38,103,4,8,2,SEA,AL,OF,0,0,0,0,0,0,153,0,153
429712,Felix Pie,,119,369,55,99,19,4,11,47,9,6,31,72,2,3,3,BAL,AL,OF,0,0,0,0,0,44,41,0,83
429713,Grady Sizemore,,135,541,94,144,32,5,24,71,24,7,79,114,9,1,2,CLE,AL,OF,0,0,0,0,0,0,92,0,92
429731,Eric Bruntlett,,102,217,30,49,10,1,2,19,7,3,23,42,3,3,2,WAS,NL,2B,0,2,13,7,9,4,1,5,10
429801,Scott Thorman,,86,276,32,69,14,1,12,38,3,2,15,57,3,2,2,KCA,AL,OF,,,,,,,,,
429841,Matt Diaz,,113,319,40,94,15,2,10,42,7,3,23,70,7,2,2,ATL,NL,OF,0,0,0,0,0,50,2,66,109
430001,Rickie Weeks,,102,372,73,94,18,4,15,40,16,4,52,91,11,1,2,MIL,NL,2B,0,0,36,0,0,0,0,0,0
430041,Ray Sadler,,89,302,33,63,12,2,10,38,4,3,23,87,4,1,3,TBA,AL,OF,,,,,,,,,
430203,David DeJesus,,141,548,81,152,28,7,11,67,7,7,53,83,11,5,4,KCA,AL,OF,0,0,0,0,0,139,3,2,144
430321,Delmon Young,,129,493,62,144,28,3,12,70,10,5,23,94,5,0,6,MIN,AL,OF,0,0,0,0,0,98,0,0,98
430404,Jonny Gomes,,123,376,51,88,21,1,20,57,7,3,40,115,8,0,3,,,OF,0,0,0,0,0,37,0,34,70
430565,Kazuo Matsui,,113,419,62,107,21,3,7,39,19,4,34,75,2,10,3,HOU,NL,2B,0,0,130,0,0,0,0,0,0
430567,Brandon Watson,,90,325,44,90,13,3,3,28,8,6,17,32,2,8,2,ARI,NL,OF,,,,,,,,,
430571,John Gall,,85,279,29,69,15,1,6,32,3,3,24,51,3,0,2,HOU,NL,1B,,,,,,,,,
430573,Shane Costa,,78,261,35,72,18,2,5,26,5,2,19,37,3,2,2,KCA,AL,OF,,,,,,,,,
430574,Mitch Maier,,134,455,58,119,24,3,6,46,8,4,38,83,4,5,5,KCA,AL,OF,0,0,0,0,0,17,85,36,123
430583,Jason Bartlett,,139,499,73,141,27,5,8,51,22,6,45,82,8,3,4,TBA,AL,SS,0,0,0,0,134,0,0,0,0
430584,Terry Tiffee,,74,269,29,73,16,1,6,35,0,1,13,35,2,0,2,PHI,NL,3B,,,,,,,,,
430585,Jason Kubel,,136,458,63,126,27,2,20,79,2,1,46,90,2,1,5,MIN,AL,,0,0,0,0,0,29,0,30,58
430592,Ronny Cedeno,,113,347,41,85,14,3,9,38,6,3,22,68,3,8,1,PIT,NL,SS,0,0,13,2,82,7,0,0,7
430593,Brendan Harris,,128,440,55,113,26,2,8,47,2,2,37,89,4,4,5,MIN,AL,SS,0,3,11,44,56,0,0,0,0
430598,Jeremy Reed,,123,351,42,89,19,3,6,32,5,4,26,55,2,3,3,TOR,AL,OF,0,4,0,0,0,50,12,8,69
430603,Don Kelly,,122,379,47,96,18,4,5,36,12,4,33,53,3,3,2,DET,AL,OF,0,2,1,4,0,18,0,2,20
430605,Ryan Raburn,,117,343,56,91,19,2,16,56,7,4,36,82,3,1,2,DET,AL,OF,0,10,0,6,0,70,7,14,87
430611,Corey Hart,,132,470,68,125,30,4,17,65,16,7,38,93,7,3,6,MIL,NL,OF,0,0,0,0,0,0,0,112,112
430622,Cory Sullivan,,132,396,51,102,20,4,5,36,8,4,35,70,2,4,4,HOU,NL,OF,0,0,0,0,0,38,6,2,44
430631,Reggie Abercrombie,,94,301,37,68,14,3,8,27,14,6,14,102,3,2,2,HOU,NL,OF,,,,,,,,,
430632,Willy Aybar,,115,364,44,94,20,1,13,47,2,2,41,58,4,1,2,TBA,AL,1B,0,31,28,18,0,0,0,0,0
430637,Kelly Johnson,,126,426,71,115,27,6,13,57,9,4,49,81,3,5,4,ARI,NL,2B,0,0,84,0,0,0,0,0,0
430649,Ivan Ochoa,,72,219,30,55,10,2,3,17,9,3,19,44,4,4,2,BOS,AL,SS,,,,,,,,,
430652,Jason Bourgeois,,128,461,62,125,21,5,6,40,26,8,28,60,4,4,3,HOU,NL,OF,0,0,0,0,0,1,0,6,7
430653,Justin Knoedler,,71,212,26,46,11,1,6,24,2,1,15,63,2,0,0,SFN,NL,C,,,,,,,,,
430658,Justin Leone,,77,257,33,56,13,1,8,33,6,2,33,76,2,0,4,TEX,AL,3B,,,,,,,,,
430668,Scott Hairston,,114,366,45,90,20,2,15,46,5,2,29,77,3,2,3,SDN,NL,OF,0,0,0,0,0,60,51,0,107
430669,Josh Kroeger,,94,329,39,84,18,1,11,40,8,3,25,63,2,0,2,CHA,AL,OF,,,,,,,,,
430686,Freddy Guzman,,122,430,65,105,18,6,3,31,41,11,35,68,2,3,4,PHI,NL,OF,0,0,0,0,0,5,0,3,7
430828,Chris Shelton,,122,422,54,103,23,2,12,55,1,1,52,115,4,1,4,HOU,NL,1B,0,4,0,0,0,0,0,0,0
430832,Jose Bautista,,128,418,58,96,21,2,15,52,4,2,56,100,5,6,4,TOR,AL,OF,0,0,0,26,0,42,6,36,79
430838,Willy Taveras,,117,435,64,111,16,3,2,25,37,8,28,67,5,11,2,OAK,AL,OF,0,0,0,0,0,0,98,0,98
430895,Maicer Izturis,,109,376,62,105,21,2,6,54,11,4,37,43,3,3,5,LAA,AL,2B,0,0,68,5,28,1,0,0,1
430897,Nick Swisher,,150,515,87,123,30,1,26,79,2,2,92,132,6,2,6,NYA,AL,OF,0,20,0,0,0,8,0,130,134
430905,Ruben Gotay,,87,227,29,57,14,1,5,27,2,2,36,47,2,2,2,SLN,NL,3B,,,,,,,,,
430906,Donnie Murphy,,69,225,32,55,14,1,8,29,3,2,17,58,3,2,2,FLO,NL,2B,,,,,,,,,
430910,Brayan Pena,,99,312,36,87,19,1,7,39,4,3,20,34,2,4,2,KCA,AL,C,30,0,0,0,0,0,0,0,0
430917,Mike Fontenot,,127,357,50,92,22,2,9,44,4,2,36,72,2,2,4,CHN,NL,2B,0,0,70,50,0,0,0,0,0
430927,Brian Buscher,,116,355,40,89,16,1,8,44,1,2,40,67,4,1,4,CLE,AL,3B,0,13,0,25,0,0,0,0,0
430930,Fred Lewis,,123,375,64,98,20,6,8,37,13,5,44,96,4,1,1,SFN,NL,OF,0,0,0,0,0,83,0,0,83
430931,Daniel Ortmeier,,80,264,31,66,12,2,5,34,6,3,23,60,4,0,4,COL,NL,1B,,,,,,,,,
430945,Adam Jones,,128,463,75,130,25,5,19,69,11,5,33,94,7,1,3,BAL,AL,OF,0,0,0,0,0,0,119,0,119
430946,Jose Lopez,,152,587,75,165,33,4,16,81,8,4,31,76,7,4,3,SEA,AL,2B,0,16,141,0,0,0,0,0,0
430947,Erick Aybar,,118,394,57,113,20,5,4,46,13,7,23,47,4,8,3,LAA,AL,SS,0,0,0,0,136,0,0,0,0
430948,Alberto Callaspo,,130,449,63,129,27,5,7,51,3,2,42,40,2,1,4,KCA,AL,2B,0,0,146,14,1,0,0,0,0
430951,Nick Gorneault,,89,300,35,63,14,2,8,33,5,4,25,90,2,1,2,LAA,AL,OF,,,,,,,,,
430952,Miguel Perez,,60,180,15,42,8,0,3,18,1,1,9,43,3,1,2,PIT,NL,C,,,,,,,,,
430956,Michael Aubrey,,110,391,40,103,26,1,10,50,1,1,21,53,3,1,4,BAL,AL,1B,0,25,0,0,0,0,0,0,0
430957,Brad Snyder,,77,257,33,60,14,2,9,34,6,2,21,81,2,1,2,CHN,NL,OF,,,,,,,,,
430961,Carlos Maldonado,,58,167,15,40,8,0,3,21,0,0,17,36,1,2,2,BOS,AL,C,,,,,,,,,
430965,Chris Snyder,,97,288,37,67,15,1,12,48,0,0,43,74,4,3,4,ARI,NL,C,56,1,0,0,0,0,0,0,0
431094,Aaron Hill,,137,537,75,150,31,1,21,72,5,3,38,79,4,3,4,TOR,AL,2B,0,0,156,0,0,0,0,0,0
431138,John Rodriguez,,70,199,28,48,10,1,8,28,0,1,21,54,4,1,2,NYA,AL,OF,,,,,,,,,
431143,Edwin Bellorin,,86,292,26,76,17,1,5,42,1,1,15,40,2,2,3,KCA,AL,C,2,0,0,0,0,0,0,0,0
431145,Russell Martin,,147,519,75,139,27,2,13,67,14,7,72,79,8,1,3,LAN,NL,C,137,0,0,1,0,0,0,0,0
431151,David Wright,,151,573,97,170,39,2,23,96,23,7,80,121,4,0,8,NYN,NL,3B,0,0,0,142,0,0,0,0,0
431157,Joey Gathright,,122,377,55,103,12,2,1,29,21,9,34,58,6,9,2,TOR,AL,OF,0,0,0,0,0,7,15,2,22
431158,Jeff Bailey,,114,386,60,101,21,3,15,53,3,2,50,89,8,0,3,ARI,NL,1B,0,23,0,0,0,2,0,1,3
431159,Kelly Shoppach,,94,288,42,67,17,0,14,42,0,0,30,100,10,3,2,TBA,AL,C,81,0,0,0,0,0,0,0,0
431166,Matt Pagnozzi,,86,248,21,52,10,1,3,22,1,1,20,68,3,5,2,SLN,NL,C,5,1,0,0,0,0,0,0,0
431171,Casey McGehee,,128,425,53,112,23,1,13,64,1,3,36,79,2,0,5,MIL,NL,3B,0,3,22,71,0,0,0,1,1
432928,Luke Scott,,136,445,62,116,27,2,23,71,2,1,54,102,3,0,2,BAL,AL,,0,10,0,0,0,26,0,0,26
433217,Andres Blanco,,104,310,34,82,16,2,4,34,5,3,19,39,4,7,3,CHN,NL,2B,0,0,40,0,15,0,0,0,0
433477,Andy Green,,101,298,43,71,14,2,7,28,3,2,35,60,3,4,2,NYN,NL,2B,0,0,1,1,0,0,0,0,0
433582,Conor Jackson,,110,383,57,105,22,2,11,58,5,2,45,50,5,1,2,ARI,NL,OF,0,6,0,0,0,23,0,0,23
433590,Jesus Cota,,102,358,42,89,18,1,11,44,2,1,27,68,2,2,2,LAA,AL,OF,,,,,,,,,
433597,Mark Teahen,,145,536,74,138,30,4,16,63,8,3,47,123,4,2,2,CHA,AL,3B,0,11,3,107,0,0,0,32,32
433697,Robinzon Diaz,,93,318,30,88,16,1,5,34,2,2,12,28,3,3,2,DET,AL,C,33,0,0,0,0,0,0,0,0
433898,Jeff Keppinger,,121,414,49,114,22,2,7,41,2,2,35,36,3,8,4,HOU,NL,3B,0,0,22,67,11,2,0,0,2
434158,Curtis Granderson,,152,588,102,154,28,10,26,70,17,4,68,133,3,3,2,NYA,AL,OF,0,0,0,0,0,0,160,0,160
434338,Joe Dillon,,100,275,44,70,14,1,8,35,3,1,34,47,5,0,4,TBA,AL,3B,0,0,2,3,0,0,0,0,0
434525,Brad Nelson,,108,337,38,79,16,1,12,43,3,2,34,74,2,0,2,SEA,AL,OF,0,0,0,0,0,1,0,1,2
434540,Garrett Jones,,145,523,70,139,32,2,23,80,10,4,42,108,2,0,7,PIT,NL,OF,0,30,0,0,0,15,0,39,53
434562,Chris Roberson,,96,306,44,79,15,3,4,35,14,7,21,48,2,2,2,ARI,NL,OF,,,,,,,,,
434563,Carlos Ruiz,,114,355,43,88,23,1,9,49,3,2,43,48,5,4,2,PHI,NL,C,107,0,0,0,0,0,0,0,0
434567,Geovany Soto,,121,396,50,104,25,1,17,68,0,0,51,90,3,1,6,CHN,NL,C,96,0,0,0,0,0,0,0,0
434582,Paul McAnulty,,85,267,30,66,17,1,8,37,0,1,33,63,2,0,4,COL,NL,1B,,,,,,,,,
434601,Pedro Lopez,,80,266,30,68,12,1,3,23,2,2,19,38,2,7,2,WAS,NL,SS,,,,,,,,,
434604,Mike Morse,,104,340,41,91,20,2,11,54,2,1,24,68,5,1,3,WAS,NL,1B,0,11,0,1,0,2,0,3,5
434605,Wladimir Balentien,,117,390,55,97,22,1,18,58,6,4,42,95,2,1,5,CIN,NL,OF,0,0,0,0,0,61,0,22,83
434624,Jayson Nix,,107,342,51,84,18,1,13,44,12,4,33,74,4,3,2,CHA,AL,2B,0,0,52,12,15,3,0,4,7
434625,Jeff Salazar,,115,344,52,86,16,4,9,42,10,3,39,68,3,2,3,BAL,AL,OF,0,0,0,0,0,1,2,1,4
434626,Ryan Shealy,,71,246,28,59,12,0,8,35,0,0,26,64,3,0,2,TBA,AL,1B,,,,,,,,,
434630,Eli Whiteside,,82,250,26,57,12,2,6,32,1,1,13,64,3,2,2,SFN,NL,C,47,0,0,0,0,0,0,0,0
434633,John Baker,,109,350,50,89,21,1,8,47,1,1,40,85,4,1,3,FLO,NL,C,105,0,0,0,0,0,0,0,0
434634,Jason Perry,,72,245,35,55,12,2,10,34,2,0,26,74,5,1,2,TBA,AL,OF,,,,,,,,,
434636,Angel Pagan,,92,280,42,75,16,5,6,30,11,4,23,49,1,3,2,NYN,NL,OF,0,0,0,0,0,20,61,6,84
434658,Rajai Davis,,120,349,51,93,19,4,4,33,35,11,27,60,5,3,3,OAK,AL,OF,0,0,0,0,0,0,113,5,116
434659,Chris Duffy,,75,252,33,62,13,2,4,23,13,4,23,55,4,1,1,PHI,NL,OF,0,0,0,0,0,3,5,2,10
434660,Brad Eldred,,78,261,32,59,14,1,12,40,3,2,17,79,5,0,2,WAS,NL,1B,,,,,,,,,
434661,Nate McLouth,,133,449,81,113,27,3,18,59,19,4,56,85,9,4,4,ATL,NL,OF,0,0,0,0,0,0,129,0,129
434670,Hanley Ramirez,,153,600,117,191,41,4,28,83,39,11,67,104,8,2,4,FLO,NL,SS,0,0,0,0,147,0,0,0,0
434681,Pete Orr,,126,336,44,79,13,5,5,33,11,5,20,70,5,5,4,WAS,NL,2B,0,0,18,4,0,0,0,1,1
434682,Luis Hernandez,,111,330,33,84,15,2,2,29,3,3,18,46,2,0,0,KCA,AL,SS,0,0,8,5,23,0,0,0,0
434698,Reid Gorecki,,104,334,46,80,17,3,9,41,11,7,30,80,3,2,3,NYA,AL,OF,0,0,0,0,0,22,5,1,28
434703,Brian Myrow,,80,245,34,65,13,1,8,35,1,1,38,56,3,1,4,PIT,NL,1B,,,,,,,,,
434704,Delwyn Young,,127,375,50,98,24,2,9,49,2,1,31,85,3,1,2,PIT,NL,2B,0,0,53,0,0,4,0,26,30
434705,Jason Repko,,123,383,51,86,17,3,9,33,16,6,31,98,7,2,4,LAN,NL,OF,0,0,0,0,0,2,3,3,7
434778,Kendry Morales,,130,465,62,133,30,1,21,77,2,5,31,83,3,0,4,LAA,AL,1B,0,152,0,0,0,0,0,0,0
434938,Javi Herrera,,70,184,19,40,9,1,3,19,2,2,21,45,3,0,0,WAS,NL,C,,,,,,,,,
434939,Ryan Garko,,132,446,53,118,21,1,16,70,0,1,39,76,15,1,5,SEA,AL,1B,0,84,0,0,0,7,0,5,12
435038,Anderson Hernandez,,133,463,56,113,21,4,4,39,9,7,35,76,1,4,2,WAS,NL,2B,0,0,74,0,38,1,0,0,1
435041,Carlos Quentin,,123,419,71,109,24,1,24,77,4,2,45,67,18,0,4,CHA,AL,OF,0,0,0,0,0,89,0,0,89
435042,Brian Anderson,,109,285,39,69,16,1,7,30,4,5,25,72,3,2,2,,,OF,0,0,0,0,0,4,67,17,83
435062,Howie Kendrick,,118,437,63,130,30,3,10,59,12,5,21,77,6,1,2,LAA,AL,2B,0,0,95,0,0,0,0,0,0
435063,Mike Napoli,,104,328,53,84,17,1,18,53,5,3,42,90,6,1,4,LAA,AL,C,96,0,0,0,0,0,0,0,0
435064,Bobby Wilson,,102,337,31,84,19,1,6,42,1,1,23,60,2,3,1,LAA,AL,C,11,1,0,0,0,0,0,0,0
435065,Reggie Willits,,113,318,54,79,14,1,2,27,14,6,45,64,2,8,4,LAA,AL,OF,0,0,0,0,0,27,6,10,39
435078,Joaquin Arias,,113,436,54,117,17,5,5,43,18,5,18,53,3,3,3,TEX,AL,2B,0,0,2,1,0,0,0,0,0
435079,Ian Kinsler,,136,529,98,144,31,3,24,76,25,4,56,75,6,5,6,TEX,AL,2B,0,0,144,0,0,0,0,0,0
435180,Robert Andino,,109,362,45,86,17,4,7,29,8,6,27,83,2,2,3,BAL,AL,SS,0,0,8,2,62,1,1,0,2
435181,Jeremy Hermida,,130,445,59,118,24,2,15,55,5,2,48,102,5,1,2,BOS,AL,OF,0,0,0,0,0,51,0,81,120
435198,Tim Gradoville,,38,99,9,20,5,0,2,9,1,1,5,30,1,0,0,PHI,NL,C,,,,,,,,,
435219,Jack Hannahan,,129,409,45,91,23,1,9,47,3,2,54,118,3,2,4,SEA,AL,3B,0,18,1,84,2,0,0,0,0
435220,Ryan Sweeney,,130,455,59,127,26,2,8,53,7,5,43,66,3,2,4,OAK,AL,OF,0,0,0,0,0,7,57,85,132
435222,Josh Fields,,119,403,54,100,20,2,14,52,7,5,47,118,3,3,2,KCA,AL,3B,0,17,0,49,0,0,0,0,0
435238,Gustavo Molina,,70,204,17,46,10,0,3,20,0,1,11,36,2,3,1,BOS,AL,C,,,,,,,,,
435263,Brian McCann,,141,496,62,141,37,1,22,91,3,1,49,72,5,2,5,ATL,NL,C,127,0,0,0,0,0,0,0,0
435358,Yuniesky Betancourt,,146,517,61,140,31,4,7,53,5,4,21,47,2,7,5,KCA,AL,SS,0,0,0,0,133,0,0,0,0
435401,Skip Schumaker,,145,479,68,138,26,2,6,39,5,3,43,63,2,3,2,SLN,NL,2B,0,0,133,0,0,39,6,11,54
435402,Luis Maza,,75,236,29,58,11,2,3,24,1,1,17,38,3,3,2,PHI,NL,2B,,,,,,,,,
435408,Omir Santos,,95,292,27,70,14,1,5,34,1,1,17,54,4,2,4,NYN,NL,C,91,0,0,0,0,0,0,0,0
435459,George Kottaras,,96,298,37,70,19,1,9,36,0,0,40,75,2,1,3,MIL,NL,C,39,0,0,1,0,0,0,0,0
435501,Danny Sandoval,,76,257,26,68,11,1,3,24,3,2,12,34,2,4,2,COL,NL,SS,,,,,,,,,
435520,Jesus Flores,,91,277,31,70,15,1,9,42,0,1,22,71,4,1,2,WAS,NL,C,24,0,0,0,0,0,0,0,0
435522,Neil Walker,,121,416,53,107,28,3,13,60,7,4,30,76,2,2,5,PIT,NL,3B,0,0,0,9,0,0,0,0,0
435523,Brian Peterson,,55,161,15,36,8,0,3,16,0,1,14,38,2,2,2,NYA,AL,C,,,,,,,,,
435539,Jerry Owens,,121,430,59,111,14,4,3,31,28,11,42,66,2,4,3,WAS,NL,OF,0,0,0,0,0,3,4,0,7
435558,Daric Barton,,130,441,68,112,27,3,11,57,2,2,66,71,6,3,4,OAK,AL,1B,0,51,0,0,0,0,0,0,0
435559,Kurt Suzuki,,137,501,61,134,29,1,11,64,4,2,39,62,8,2,5,OAK,AL,C,135,0,0,0,0,0,0,0,0
435560,Omar Quintanilla,,96,268,38,68,17,1,4,25,2,1,26,60,2,5,2,COL,NL,2B,0,0,25,10,13,0,0,0,0
435622,Ian Desmond,,119,402,45,98,22,3,9,36,14,7,34,90,4,5,2,WAS,NL,SS,0,0,5,0,17,0,0,1,1
435623,Kevin Frandsen,,110,346,44,92,18,2,7,35,4,3,21,35,10,3,2,SFN,NL,2B,0,0,14,0,7,0,0,0,0
435624,John Bowker,,134,441,60,118,23,5,15,64,5,4,45,91,5,1,5,SFN,NL,OF,0,4,0,0,0,13,0,5,17
435625,Nate Schierholtz,,126,406,52,115,27,6,11,50,7,3,20,66,4,0,4,SFN,NL,OF,0,0,0,0,0,0,0,86,86
435626,Clay Timpner,,90,307,36,77,14,3,4,27,6,5,22,46,2,3,2,SFN,NL,OF,,,,,,,,,
436913,Yurendell de Caster,,75,251,29,62,14,1,7,31,3,3,21,61,5,1,1,NYA,AL,3B,,,,,,,,,
439664,John Lindsey,,98,326,39,79,17,1,12,53,0,1,29,81,9,0,2,LAN,NL,1B,,,,,,,,,
440251,Ryan Roberts,,120,376,51,97,20,3,10,45,8,3,47,78,3,2,3,ARI,NL,2B,0,0,57,19,0,16,0,0,16
440361,Norris Hopper,,77,244,30,67,10,2,1,18,9,4,19,23,1,3,2,MIL,NL,OF,,,,,,,,,
443558,Nelson Cruz,,135,471,75,124,22,2,29,84,15,6,49,121,4,0,3,TEX,AL,OF,0,0,0,0,0,2,0,120,122
444041,Gil Velazquez,,98,288,35,67,16,1,4,27,3,2,18,57,3,4,3,BOS,AL,SS,0,0,0,2,4,0,0,0,0
444135,Ryan Theriot,,147,545,82,150,23,4,5,47,22,9,55,72,4,8,3,CHN,NL,SS,0,0,0,0,151,0,0,0,0
444348,Drew Meyer,,80,264,32,63,13,2,2,21,3,2,25,55,1,4,2,HOU,NL,2B,,,,,,,,,
444351,Kyle Phillips,,97,327,28,78,14,1,7,33,0,1,25,66,2,2,2,TOR,AL,C,5,0,0,0,0,0,0,0,0
444363,Andrew Graham,,43,126,17,32,5,1,2,14,1,2,11,29,2,2,1,COL,NL,C,,,,,,,,,
444379,John Jaso,,83,269,32,68,12,1,5,30,1,1,32,39,3,1,2,TBA,AL,C,,,,,,,,,
444384,Christian Colonel,,93,311,39,83,20,1,7,41,3,3,24,51,2,0,3,BOS,AL,3B,,,,,,,,,
444430,Wyatt Toregas,,94,294,28,70,15,0,7,38,1,1,25,61,4,2,4,CLE,AL,C,19,0,0,0,0,0,0,0,0
444448,Brian Bixler,,131,442,60,104,20,5,7,39,14,5,37,138,8,6,2,CLE,AL,SS,0,0,5,0,10,0,1,0,1
444489,Manuel Pina,,66,216,20,51,11,1,3,21,0,0,11,37,3,2,2,TEX,AL,C,,,,,,,,,
444571,Eliezer Zambrano,,32,95,11,24,4,2,2,14,1,2,6,15,2,3,2,SFN,NL,C,,,,,,,,,
444839,Craig Stansberry,,120,401,50,92,21,3,7,38,7,6,49,84,3,2,3,SDN,NL,,0,0,0,0,0,0,0,0,0
444843,Andre Ethier,,150,519,74,145,35,4,22,80,5,4,58,93,8,0,6,LAN,NL,OF,0,0,0,0,0,0,0,158,158
444844,Jake Fox,,129,430,58,110,26,2,20,70,3,2,30,92,10,0,6,OAK,AL,3B,3,7,0,27,0,23,0,3,26
444875,Matt Murton,,64,205,30,56,13,1,5,27,3,1,20,32,2,1,2,,,OF,0,0,0,0,0,12,0,5,16
444876,Alcides Escobar,,135,488,68,135,21,5,5,44,29,11,28,72,4,11,4,MIL,NL,SS,0,0,0,0,37,0,0,0,0
444882,Josh Whitesell,,121,384,47,92,21,1,14,60,2,2,57,105,5,1,4,WAS,NL,1B,0,30,0,0,0,0,0,0,0
444961,Matt Miller,,100,373,51,105,22,3,7,59,2,2,31,59,4,0,5,COL,NL,OF,,,,,,,,,
445010,Fernando Perez,,106,373,57,89,14,5,5,25,21,10,42,107,2,4,1,TBA,AL,OF,0,0,0,0,0,5,8,1,14
445011,Doug Pickens,,54,191,16,45,7,1,2,20,2,1,17,35,2,1,1,CLE,AL,C,,,,,,,,,
445095,Jason Pridie,,133,493,60,121,21,7,10,45,18,8,22,101,3,4,5,MIN,AL,OF,0,0,0,0,0,0,0,0,0
445162,Sean Henry,,88,299,37,75,15,2,8,31,11,6,24,55,3,2,2,CIN,NL,OF,,,,,,,,,
445169,Landon Powell,,87,284,34,65,11,1,12,40,0,0,35,70,1,0,2,OAK,AL,C,36,6,0,0,0,0,0,0,0
445175,Yusuf Carter,,74,271,29,57,11,2,8,29,5,3,17,75,1,1,2,OAK,AL,C,,,,,,,,,
445195,Travis Metcalf,,90,299,35,68,15,1,7,35,2,2,22,71,2,2,4,TEX,AL,3B,,,,,,,,,
445196,Matt Tolbert,,113,371,48,94,18,4,5,37,10,4,27,60,2,7,3,MIN,AL,2B,0,1,36,27,3,0,0,0,0
445584,Matt Tupman,,64,208,19,52,9,1,2,23,0,1,17,29,1,2,2,KCA,AL,C,,,,,,,,,
445599,Scott Moore,,86,261,32,67,16,2,11,41,2,2,23,62,5,0,0,BAL,AL,3B,,,,,,,,,
445615,Max Ramirez,,54,167,20,41,8,0,5,22,0,0,19,48,3,1,1,TEX,AL,C,,,,,,,,,
445928,Drew Macias,,140,424,50,98,20,2,8,42,6,6,55,82,5,1,3,ARI,NL,OF,0,0,0,0,0,17,6,7,30
445933,Bryan LaHair,,95,345,41,84,20,1,11,46,1,2,30,94,2,1,2,CHN,NL,1B,,,,,,,,,
445988,Martin Prado,,122,405,56,119,28,2,8,46,3,3,35,52,2,6,3,ATL,NL,2B,0,29,63,41,0,0,0,1,1
446037,Brendan Monaghan,,38,114,13,26,5,1,2,14,2,1,11,27,1,1,1,BAL,AL,C,,,,,,,,,
446041,John Purdom,,57,165,13,37,8,0,3,23,1,1,12,34,2,2,2,FLO,NL,C,,,,,,,,,
446132,Mike Hollimon,,73,247,32,54,11,3,7,25,4,2,26,75,2,2,2,DET,AL,SS,,,,,,,,,
446192,Adam Moore,,118,410,41,101,22,1,10,47,1,1,29,85,6,1,3,SEA,AL,C,6,0,0,0,0,0,0,0,0
446224,Chris Denove,,55,139,11,33,8,0,2,15,1,1,11,29,2,0,0,CIN,NL,C,,,,,,,,,
446308,Matt Wieters,,135,466,59,135,23,3,19,67,1,1,50,94,2,1,4,BAL,AL,C,86,0,0,0,0,0,0,0,0
446334,Evan Longoria,,137,493,77,135,32,1,27,88,7,1,58,110,7,0,6,TBA,AL,3B,0,0,0,151,0,0,0,0,0
446345,Michael Taylor,,85,297,35,78,17,2,9,39,9,5,23,56,3,0,2,OAK,AL,OF,,,,,,,,,
446359,Zachary Cozart,,90,303,38,74,15,2,8,32,4,2,29,60,4,2,2,CIN,NL,SS,,,,,,,,,
446373,Tommy Manzella,,126,445,47,109,23,4,6,39,8,5,31,93,2,6,3,HOU,NL,SS,0,0,0,0,2,0,0,0,0
446382,Brian Barton,,122,370,43,88,16,3,8,40,12,6,40,105,9,3,3,LAN,NL,OF,0,0,0,0,0,0,0,1,1
446474,Edwin Maysonet,,109,320,37,76,16,1,5,26,4,2,27,70,3,6,3,HOU,NL,2B,0,0,15,7,3,0,0,0,0
446481,Sean Rodriguez,,128,436,66,104,22,3,19,60,8,4,45,123,10,3,3,TBA,AL,2B,0,0,5,0,0,3,2,2,7
446653,Jose Lobaton,,88,270,25,57,13,1,6,25,0,1,27,75,1,3,4,TBA,AL,C,6,0,1,0,0,0,0,0,0
446868,Wilkin Castillo,,100,324,33,82,17,2,6,31,7,5,14,51,3,6,2,CIN,NL,,0,0,0,0,0,0,0,0,0
446928,Joe Inglett,,104,350,46,97,17,5,4,39,7,5,30,57,4,8,2,MIL,NL,OF,0,0,3,0,0,14,1,11,26
447736,Chris Dickerson,,117,368,54,90,17,5,12,40,17,6,51,113,4,3,2,CIN,NL,OF,0,0,0,0,0,37,27,20,77
447761,Brandon Jones,,124,427,51,110,27,3,11,61,8,5,47,95,2,2,6,ATL,NL,OF,0,0,0,0,0,4,0,0,4
448145,Dayton Buller,,44,135,14,30,6,1,3,15,0,0,10,42,2,1,2,COL,NL,C,,,,,,,,,
448170,Travis Ishikawa,,121,375,49,95,20,3,14,54,3,2,35,98,4,1,3,SFN,NL,1B,0,113,0,0,0,0,0,0,0
448242,Tony Gwynn,,136,437,61,116,17,5,3,30,19,7,45,70,2,4,3,SDN,NL,OF,0,0,0,0,0,0,102,11,110
448276,Brett Carroll,,114,316,42,74,17,3,11,40,2,2,25,82,5,1,2,FLO,NL,OF,0,0,0,0,0,15,2,60,75
448590,Kevin Melillo,,86,293,35,68,15,2,7,34,3,2,35,64,1,2,3,MIL,NL,1B,,,,,,,,,
448602,Mark Reynolds,,146,512,88,131,26,3,32,93,13,5,64,175,4,1,5,ARI,NL,3B,0,28,0,130,0,0,0,0,0
448603,Adam Ricks,,63,172,16,37,8,0,2,18,1,1,18,39,1,2,1,CHA,AL,C,,,,,,,,,
448605,Justin Ruggiano,,92,314,41,74,16,2,9,39,12,4,29,96,3,1,2,TBA,AL,OF,,,,,,,,,
448646,Sean McCraw,,59,185,17,40,8,0,2,16,1,1,28,42,2,2,1,MIL,NL,C,,,,,,,,,
448653,John Poppert,,43,141,15,31,6,0,3,14,0,1,12,38,2,1,2,WAS,NL,C,,,,,,,,,
448676,Ryan Spilborghs,,125,355,59,96,21,2,10,53,8,5,42,71,2,2,4,COL,NL,OF,0,0,0,0,0,65,16,37,106
448767,Dusty Ryan,,96,294,30,61,11,2,9,33,1,1,33,100,3,1,2,DET,AL,C,12,0,0,0,0,0,0,0,0
448801,Chris Davis,,141,486,70,126,28,2,26,77,2,2,36,145,4,0,3,TEX,AL,1B,0,100,0,11,0,0,0,0,0
448833,Chris Barnwell,,79,259,29,61,13,1,3,21,6,3,20,51,5,3,2,PIT,NL,SS,,,,,,,,,
449082,Xavier Paul,,101,346,41,87,19,3,7,34,11,7,31,82,2,5,2,LAN,NL,OF,0,0,0,0,0,0,1,3,4
449107,Mike Aviles,,111,419,54,115,24,4,9,47,6,3,20,59,2,2,3,KCA,AL,SS,0,0,0,2,34,0,0,0,0
449145,Brian Esposito,,58,181,14,41,6,1,3,18,0,1,6,38,2,2,1,HOU,NL,C,,,,,,,,,
449162,Angel Salome,,72,245,28,66,15,2,6,37,1,1,18,42,2,0,4,MIL,NL,C,,,,,,,,,
449168,Matt Tuiasosopo,,110,385,51,88,20,2,10,42,3,3,44,110,6,2,4,SEA,AL,2B,0,0,6,0,0,0,0,0,0
449172,Greg Golson,,127,460,52,106,19,5,8,39,18,7,25,136,2,5,4,NYA,AL,OF,0,0,0,0,0,0,1,0,1
449471,Brian Barden,,118,372,46,91,18,2,7,40,2,2,30,81,5,3,3,FLO,NL,3B,0,0,1,46,4,0,0,0,0
449776,Drew T. Anderson,,88,282,35,72,17,2,5,31,5,4,17,68,2,0,0,,,OF,,,,,,,,,
449786,Carlos Corporan,,81,246,20,57,14,1,4,30,1,1,12,53,5,5,3,ARI,NL,C,1,0,0,0,0,0,0,0,0
449803,David Cook,,95,320,48,75,15,2,15,43,6,5,41,81,3,1,2,HOU,NL,OF,,,,,,,,,
450192,Luke Carlin,,90,268,33,62,13,1,5,26,1,2,41,72,2,2,1,PIT,NL,C,4,0,0,0,0,0,0,0,0
450204,Ben Francisco,,132,459,66,120,30,2,17,55,13,6,43,89,7,4,4,PHI,NL,OF,0,0,0,0,0,61,40,18,107
450217,Adam Donachie,,69,206,20,43,10,0,3,19,0,1,22,59,1,2,2,BAL,AL,C,,,,,,,,,
450260,Kevin Kouzmanoff,,141,518,56,133,31,2,19,76,1,1,28,104,10,1,6,OAK,AL,3B,0,0,0,139,0,0,0,0,0
450300,Drew Sutton,,117,386,55,96,22,3,11,39,9,6,45,90,5,4,3,CIN,NL,2B,0,0,8,2,7,5,0,1,6
450314,Ben Zobrist,,128,428,66,112,22,4,17,59,11,5,65,82,3,3,4,TBA,AL,2B,0,3,91,1,13,9,7,59,70
450315,Brandon Allen,,136,471,60,113,23,3,20,64,6,3,40,120,4,0,1,ARI,NL,1B,0,32,0,0,0,0,0,0,0
450317,J.P. Arencibia,,95,329,35,72,15,1,12,44,0,0,14,95,3,0,0,TOR,AL,C,,,,,,,,,
450604,Lars Davis,,63,233,22,53,8,2,2,22,2,3,11,54,3,3,2,COL,NL,C,,,,,,,,,
450825,Callix Crabbe,,87,273,35,65,12,3,3,22,8,6,36,44,2,5,3,SEA,AL,2B,,,,,,,,,
451143,Mat Gamel,,135,391,46,101,23,3,12,53,4,2,42,116,3,0,2,MIL,NL,3B,0,0,0,27,0,0,0,0,0
451186,Lastings Milledge,,117,417,51,113,23,2,10,48,15,8,31,77,10,3,5,PIT,NL,OF,0,0,0,0,0,56,5,0,61
451188,Andy LaRoche,,133,443,61,112,23,2,13,57,4,2,54,70,6,3,3,PIT,NL,3B,0,0,0,146,0,0,0,0,0
451207,Emerson Frostad,,69,225,25,52,12,1,4,23,1,2,23,56,1,1,2,TEX,AL,C,,,,,,,,,
451259,Dusty Brown,,90,298,29,73,17,1,5,34,0,0,29,76,2,0,3,BOS,AL,C,6,0,0,0,0,0,0,0,0
451494,Neil Wilson,,57,185,20,45,10,1,3,21,1,1,13,35,2,1,1,FLO,NL,C,,,,,,,,,
451500,Kila Ka'aihue,,97,284,38,68,14,1,9,36,1,1,47,57,2,0,0,KCA,AL,1B,,,,,,,,,
451537,Damaso Espino,,52,165,14,41,8,0,1,15,0,1,12,20,1,2,1,CLE,AL,C,,,,,,,,,
451594,Dexter Fowler,,105,339,58,93,21,6,5,31,21,10,50,79,2,8,2,COL,NL,OF,0,0,0,0,0,0,127,0,127
451599,Alex Garabedian,,62,213,19,46,10,1,3,20,1,3,18,47,1,1,1,LAN,NL,C,,,,,,,,,
451629,Justin Christian,,78,274,39,71,13,2,4,27,18,4,15,43,2,2,2,BAL,AL,OF,,,,,,,,,
451687,Micah Hoffpauir,,98,272,39,70,16,1,12,45,1,1,23,55,2,0,1,CHN,NL,1B,0,27,0,0,0,11,0,25,36
451705,Alberto Rosario,,73,201,20,47,9,2,1,20,4,3,8,33,3,2,1,LAA,AL,C,,,,,,,,,
451715,Luis Nunez,,112,399,44,98,14,2,3,29,14,11,20,57,2,7,2,NYA,AL,SS,,,,,,,,,
451803,Colt Morton,,43,124,12,25,6,0,3,12,0,0,11,38,2,0,1,SEA,AL,C,,,,,,,,,
452015,Michael Collins,,82,251,23,57,14,2,3,27,2,2,16,51,7,0,0,SDN,NL,C,,,,,,,,,
452035,Kyle Blanks,,121,403,49,100,19,2,17,57,3,2,47,101,10,0,3,SDN,NL,OF,0,8,0,0,0,18,0,22,38
452052,Ben Johnson,,89,297,32,68,15,2,7,33,4,3,17,64,6,2,3,LAA,AL,,,,,,,,,,
452063,P.J. Pilittere,,74,223,20,53,11,1,2,22,0,0,11,29,2,0,0,NYA,AL,C,,,,,,,,,
452080,Chris Carter,,129,471,55,127,28,1,16,65,1,3,41,75,3,1,1,NYN,NL,OF,0,0,0,0,0,0,0,1,1
452095,Tyler Flowers,,120,384,50,90,22,1,13,52,3,3,54,109,6,1,3,CHA,AL,C,6,0,0,0,0,0,0,0,0
452096,Darren Ford,,89,346,53,75,12,3,4,29,29,10,38,89,2,4,2,SFN,NL,OF,,,,,,,,,
452104,Chase Headley,,146,512,59,130,31,2,14,57,5,2,59,130,6,1,3,SDN,NL,OF,0,1,0,28,0,114,0,0,114
452105,John Hester,,103,331,41,86,22,3,9,46,6,3,19,75,2,0,2,ARI,NL,C,8,0,0,0,0,0,0,0,0
452121,Brent Lillibridge,,122,412,55,95,18,4,8,41,24,7,41,101,5,7,2,CHA,AL,2B,0,0,23,1,7,0,12,0,12
452150,Ryan Budde,,78,238,23,49,12,1,4,26,2,1,20,68,2,1,1,LAA,AL,C,2,0,0,0,0,0,0,0,0
452215,Luke Montz,,84,264,28,57,13,1,6,32,1,2,29,66,2,1,2,NYN,NL,C,,,,,,,,,
452220,Stephen Drew,,144,554,77,148,31,9,16,67,5,2,49,93,2,4,7,ARI,NL,SS,0,0,0,0,132,0,0,0,0
452221,Eric Patterson,,140,504,73,127,26,6,11,52,28,7,47,100,2,5,5,OAK,AL,OF,0,0,5,0,0,26,4,2,31
452225,Jeff Fiorentino,,76,229,31,62,12,2,5,32,5,2,26,47,1,1,1,,,OF,0,0,0,0,0,7,14,2,22
452232,Jason Jaramillo,,102,348,37,89,19,1,6,39,1,1,31,62,3,2,2,PIT,NL,C,62,0,0,0,0,0,0,0,0
452234,Seth Smith,,110,295,49,84,18,3,12,47,3,1,37,56,2,1,2,COL,NL,OF,0,0,0,0,0,86,0,0,86
452238,Brad Davis,,77,212,19,46,12,1,5,23,1,1,19,55,2,0,0,FLO,NL,C,,,,,,,,,
452239,Justin Maxwell,,121,384,55,85,15,4,13,43,23,8,44,126,5,1,2,WAS,NL,OF,0,0,0,0,0,2,32,2,36
452252,Adam Lind,,145,524,70,149,33,2,25,89,2,1,43,102,4,1,4,TOR,AL,,0,0,0,0,0,55,0,0,55
452254,Hunter Pence,,149,558,76,156,31,6,24,78,13,9,49,108,2,0,3,HOU,NL,OF,0,0,0,0,0,0,0,157,157
452655,Denard Span,,135,496,83,146,21,7,8,58,22,10,61,80,7,10,4,MIN,AL,OF,0,0,0,0,0,74,84,39,145
452668,Elijah Dukes,,109,369,52,93,21,3,13,55,9,8,55,77,6,0,2,WAS,NL,OF,0,0,0,0,0,5,35,65,100
452671,Diory Hernandez,,114,391,37,98,21,2,6,44,9,8,26,69,5,3,2,ATL,NL,SS,0,0,4,3,22,0,0,0,0
452672,Ryan Hanigan,,100,296,34,77,13,1,5,29,0,0,35,43,4,3,2,CIN,NL,C,88,0,0,0,0,0,0,0,0
452678,Asdrubal Cabrera,,139,498,78,142,34,3,8,60,14,7,50,85,4,9,5,CLE,AL,SS,0,0,28,0,101,0,0,0,0
452732,Orlando Mercado,,64,189,18,49,10,1,3,26,0,1,25,26,2,1,2,ARI,NL,C,,,,,,,,,
452783,Nick Evans,,122,394,44,93,23,3,12,43,1,1,34,89,2,0,3,NYN,NL,OF,0,5,0,0,0,10,0,0,10
452784,Tommy Everidge,,135,489,60,115,25,1,15,66,1,1,43,109,5,1,7,OAK,AL,1B,0,21,0,0,0,0,0,0,0
452989,Edgar Gonzalez,,117,335,35,83,17,1,8,34,4,5,32,73,4,1,2,,,2B,0,2,15,5,0,1,0,14,14
453056,Jacoby Ellsbury,,142,554,89,164,25,7,8,54,53,11,44,70,7,4,4,BOS,AL,OF,0,0,0,0,0,0,153,0,153
453064,Troy Tulowitzki,,141,522,92,151,31,5,24,84,11,8,61,95,5,2,5,COL,NL,SS,0,0,0,0,151,0,0,0,0
453152,Jordan Abruzzo,,44,159,15,38,8,0,5,16,1,0,8,29,1,0,1,NYN,NL,C,,,,,,,,,
453181,Matt LaPorta,,119,409,58,107,26,2,18,59,2,2,41,80,9,1,4,CLE,AL,OF,0,10,0,0,0,29,0,10,39
453203,Shane Robinson,,100,333,40,85,17,3,4,31,13,6,23,45,4,4,4,SLN,NL,OF,0,0,0,0,0,1,2,6,7
453211,Drew Stubbs,,101,349,48,89,17,2,10,33,19,8,36,94,2,1,1,CIN,NL,OF,0,0,0,0,0,0,42,0,42
453303,Matt Downs,,83,279,36,71,16,1,7,32,5,3,20,48,3,0,1,SFN,NL,2B,0,0,17,0,0,0,0,0,0
453318,John Shelby,,90,318,40,74,18,2,8,35,15,6,22,68,2,5,2,CHA,AL,OF,,,,,,,,,
453454,Mike McCoy,,126,387,61,101,19,3,4,40,18,6,52,70,2,10,5,COL,NL,2B,0,0,2,0,0,0,0,1,1
453525,J.R. Towles,,70,201,25,48,11,1,6,27,2,2,19,44,6,1,0,HOU,NL,C,15,0,0,0,0,0,0,0,0
453531,Rob Johnson,,107,360,37,86,20,1,5,34,5,4,29,68,2,3,2,SEA,AL,C,80,0,0,0,0,0,0,0,0
453539,Sam Fuld,,124,403,63,106,21,5,4,37,13,6,46,50,3,4,2,CHN,NL,OF,0,0,0,0,0,29,26,2,53
453568,Charles Blackmon,,83,345,47,98,20,4,5,36,14,8,21,46,8,2,2,COL,NL,OF,,,,,,,,,
453895,Brendan Ryan,,121,379,56,101,18,4,4,29,13,5,26,57,4,5,2,SLN,NL,SS,0,0,19,0,105,0,0,0,0
453911,Kevin Thompson,,60,188,28,46,11,1,4,20,9,3,20,41,2,2,1,TEX,AL,OF,,,,,,,,,
453923,Gregor Blanco,,127,420,62,103,17,3,3,32,15,8,65,89,3,8,3,ATL,NL,OF,0,0,0,0,0,3,9,2,14
453941,Mike Cervenak,,89,327,40,86,19,1,8,45,1,1,14,46,3,1,5,NYN,NL,3B,,,,,,,,,
453943,Todd Frazier,,87,302,37,79,19,2,12,38,5,4,26,58,2,0,2,CIN,NL,OF,,,,,,,,,
453974,Lou Marson,,109,352,43,89,20,1,4,36,3,2,47,76,3,1,2,CLE,AL,C,21,0,0,0,0,0,0,0,0
454560,A.J. Ellis,,59,167,21,40,8,1,2,21,1,1,26,33,2,0,0,LAN,NL,C,7,0,0,0,0,0,0,0,0
454573,Cole Armstrong,,71,231,21,55,12,0,7,27,0,0,11,51,2,2,2,CHA,AL,C,,,,,,,,,
454975,Hernan Iribarren,,71,211,24,58,12,2,2,22,5,4,16,41,1,0,0,MIL,NL,2B,0,0,2,1,0,1,0,0,1
454998,Matt Carson,,121,415,52,97,20,3,15,55,8,3,26,96,6,3,4,OAK,AL,OF,0,0,0,0,0,1,0,8,9
455077,Mike Carp,,128,437,50,107,22,1,13,50,1,1,53,97,9,1,4,SEA,AL,1B,0,16,0,0,0,0,0,0,0
455083,Joel Collins,,33,104,12,27,6,1,2,9,0,0,8,17,6,1,1,PIT,NL,C,,,,,,,,,
455088,Blake DeWitt,,132,445,52,111,23,4,10,50,3,2,44,69,3,1,4,LAN,NL,3B,0,0,2,14,2,0,0,0,0
455104,Chris Iannetta,,103,325,49,82,18,2,15,56,0,1,50,79,10,2,4,COL,NL,C,89,0,0,0,0,0,0,0,0
455113,Donny Lucy,,54,163,16,37,8,0,3,14,2,1,11,42,2,1,1,CHA,AL,C,,,,,,,,,
455126,Chris Nelson,,72,252,32,66,16,2,6,34,8,3,21,52,2,2,3,COL,NL,SS,,,,,,,,,
455139,Robinson Chirinos,,78,228,27,55,12,2,5,25,3,3,27,48,4,2,2,CHN,NL,C,,,,,,,,,
455167,Shelley Duncan,,118,392,56,96,21,1,21,63,1,1,47,96,3,0,5,CLE,AL,OF,0,0,0,0,0,0,0,8,8
455369,Ramiro Pena,,102,328,38,80,15,3,3,27,7,4,26,61,2,7,2,NYA,AL,SS,0,0,8,27,34,0,0,0,0
455725,Steve Holm,,81,209,23,49,11,0,5,16,0,0,20,45,3,0,0,SFN,NL,C,4,0,0,0,0,0,0,0,0
455755,Chris Stewart,,66,195,24,49,11,0,2,18,1,1,17,29,3,3,2,SDN,NL,C,,,,,,,,,
455759,Chris Young,,137,442,65,103,26,4,18,53,13,6,53,118,4,3,4,ARI,NL,OF,0,0,0,0,0,0,124,0,124
455976,Nick Markakis,,155,591,94,176,43,2,20,93,9,4,67,95,3,1,6,BAL,AL,OF,0,0,0,0,0,0,0,161,161
455986,Mark Saccomanno,,99,341,41,85,17,2,12,45,2,1,22,76,2,1,3,HOU,NL,1B,,,,,,,,,
456030,Dustin Pedroia,,149,582,101,178,42,1,14,68,15,5,61,46,6,5,6,BOS,AL,2B,0,0,154,0,0,0,0,0,0
456035,Danny Putnam,,82,276,32,62,14,1,8,37,3,2,27,66,3,2,1,SDN,NL,OF,,,,,,,,,
456050,James Skelton,,83,261,35,60,12,2,3,25,7,4,41,62,2,4,2,ARI,NL,C,,,,,,,,,
456078,Welington Castillo,,74,229,21,53,11,0,6,24,0,1,11,57,3,2,1,CHN,NL,C,,,,,,,,,
456121,Chris Denorfia,,111,383,48,94,18,3,7,38,9,5,28,60,2,3,4,SDN,NL,OF,0,0,0,0,0,1,1,1,3
456124,Erik Kratz,,67,217,26,52,14,0,8,28,2,0,16,52,3,2,2,PIT,NL,C,,,,,,,,,
456376,Brandon Yarbrough,,70,204,21,45,8,3,3,20,1,1,22,61,1,2,2,CIN,NL,C,,,,,,,,,
456422,Michael Bourn,,136,436,70,114,17,6,4,29,41,8,44,97,2,5,1,HOU,NL,OF,0,0,0,0,0,0,154,0,154
456488,Eduardo Nunez,,91,320,34,80,14,1,5,31,11,6,14,48,2,2,2,NYA,AL,SS,,,,,,,,,
456544,Eric Farris,,89,358,44,89,14,2,5,31,33,6,22,39,2,9,2,MIL,NL,2B,,,,,,,,,
456655,Ian Stewart,,144,459,78,118,27,4,23,78,7,4,55,122,7,1,4,COL,NL,3B,0,0,21,121,0,6,0,3,9
456665,Steve Pearce,,95,292,36,74,19,2,10,40,4,3,28,61,3,0,1,PIT,NL,1B,0,42,0,0,0,0,0,1,1
456670,Brian Peacock,,56,185,20,38,10,2,4,18,4,3,13,52,2,1,2,WAS,NL,C,,,,,,,,,
456714,Billy Butler,,149,544,71,164,39,2,19,84,1,1,57,77,3,0,4,KCA,AL,1B,0,145,0,0,0,0,0,0,0
456727,John Suomi,,59,163,17,38,8,1,4,17,0,1,10,31,2,0,0,PHI,NL,C,,,,,,,,,
456762,Matthew Brown,,86,284,37,65,16,1,10,35,2,3,27,79,3,0,0,TEX,AL,1B,,,,,,,,,
456849,Matt Inouye,,31,105,14,25,6,0,4,13,2,1,8,22,2,1,2,CHA,AL,C,,,,,,,,,
456873,Matthew Morizio,,44,140,11,32,7,1,2,16,2,2,14,29,2,2,1,KCA,AL,C,,,,,,,,,
457130,Vinny Rottino,,93,299,38,73,15,1,5,32,7,3,30,50,3,1,4,FLO,NL,1B,,,,,,,,,
457133,Wilkin Ramirez,,122,416,52,94,15,4,12,43,22,9,30,133,3,0,2,DET,AL,OF,0,0,0,0,0,3,0,2,5
457384,Bobby Scales,,128,403,57,104,21,3,9,47,6,5,46,93,5,2,3,CHN,NL,OF,0,0,11,8,0,17,0,4,20
457420,Brandon Wood,,128,454,59,110,25,2,20,63,7,3,37,122,4,1,4,LAA,AL,3B,0,4,0,9,5,0,0,0,0
457454,Jarrod Saltalamacchia,,98,327,41,81,17,1,11,42,1,1,35,90,2,1,1,TEX,AL,C,83,0,0,0,0,0,0,0,0
457477,Alejandro De Aza,,99,278,43,73,17,3,6,26,10,5,28,60,3,6,3,FLO,NL,OF,0,0,0,0,0,6,5,0,11
457493,Shawn Riggans,,79,254,26,60,13,1,7,30,1,1,16,54,4,1,1,,,C,7,0,0,0,0,0,0,0,0
457705,Andrew McCutchen,,144,530,81,148,29,8,14,56,27,10,61,88,4,1,3,PIT,NL,OF,0,0,0,0,0,0,108,0,108
457706,Austin Jackson,,99,360,44,92,17,4,6,35,14,5,27,86,3,2,3,DET,AL,OF,,,,,,,,,
457708,Justin Upton,,135,475,76,131,26,6,25,73,14,7,56,116,4,1,4,ARI,NL,OF,0,0,0,0,0,0,0,136,136
457727,Cameron Maybin,,124,410,61,105,20,6,11,44,16,7,51,111,4,3,3,FLO,NL,OF,0,0,0,0,0,0,52,0,52
457745,Luis Flores,,48,149,13,36,9,1,2,17,0,2,17,29,2,2,2,CHN,NL,C,,,,,,,,,
457759,Justin Turner,,122,414,51,111,24,1,7,42,5,4,33,59,5,2,5,BAL,AL,3B,0,0,3,7,0,0,0,0,0
457760,Daniel Dorn,,87,280,36,70,15,1,14,40,1,1,24,66,4,1,2,CIN,NL,OF,,,,,,,,,
457762,Bryan Anderson,,71,227,24,59,11,2,3,22,1,1,20,46,2,2,2,SLN,NL,C,,,,,,,,,
457763,Buster Posey,,100,336,47,87,19,2,9,41,3,2,37,59,4,0,2,SFN,NL,C,7,0,0,0,0,0,0,0,0
457775,Desmond Jennings,,83,288,39,77,14,3,5,23,22,7,29,44,3,1,2,TBA,AL,OF,,,,,,,,,
457788,Jordan Schafer,,102,341,40,81,18,4,10,34,10,7,39,92,1,1,1,ATL,NL,OF,0,0,0,0,0,0,50,0,50
457794,Josue Peley,,46,158,14,35,6,1,2,17,2,1,11,28,1,1,1,PIT,NL,C,,,,,,,,,
457803,Jay Bruce,,126,443,65,114,24,3,30,70,7,6,42,102,3,1,3,CIN,NL,OF,0,0,0,0,0,0,0,98,98
457821,Wes Bankston,,87,311,37,79,16,2,13,48,1,1,18,64,3,1,3,CIN,NL,3B,,,,,,,,,
457850,Kory Casto,,93,308,36,73,15,2,7,38,2,3,32,68,2,1,4,DET,AL,3B,,,,,,,,,
457859,Randy Ruiz,,137,495,64,123,28,2,22,73,1,1,36,141,8,0,4,TOR,AL,,0,3,0,0,0,0,0,0,0
457926,Paul Janish,,117,372,46,86,22,1,7,36,4,1,34,68,7,7,2,CIN,NL,SS,0,0,0,2,82,0,0,0,0
457958,John Otness,,63,209,20,50,13,1,2,23,0,1,13,33,3,0,2,TEX,AL,C,,,,,,,,,
458000,Terry Evans,,124,444,59,104,23,3,14,52,16,6,28,135,4,1,4,LAA,AL,OF,0,0,0,0,0,2,1,7,8
458015,Joey Votto,,143,504,75,148,33,2,27,87,9,5,64,107,3,0,3,CIN,NL,1B,0,130,0,0,0,0,0,0,0
458036,Nick Stavinoha,,83,245,27,64,14,1,6,34,2,1,15,44,2,1,2,SLN,NL,OF,0,0,0,0,0,13,0,10,23
458061,German Duran,,71,233,30,57,11,2,6,27,3,2,14,47,2,2,2,TEX,AL,2B,,,,,,,,,
458085,Chris Coghlan,,135,487,74,139,30,5,9,60,17,7,55,72,5,2,2,FLO,NL,OF,0,0,1,0,0,123,0,0,123
458108,Jordan Newton,,58,214,23,46,10,2,5,20,4,2,11,59,3,2,2,DET,AL,C,,,,,,,,,
458210,Alexi Casilla,,129,444,58,113,17,4,5,37,20,7,39,64,4,9,4,MIN,AL,2B,0,0,72,0,2,0,0,0,0
458239,Travis Denker,,90,290,33,70,20,1,5,32,2,2,33,59,2,1,3,SEA,AL,3B,,,,,,,,,
458501,Luis Cruz,,120,397,43,100,25,1,7,38,4,4,18,46,3,3,3,PIT,NL,SS,0,0,5,0,17,0,0,0,0
458536,Corey Kemp,,89,313,35,70,20,0,5,33,2,3,42,59,2,0,2,MIL,NL,C,,,,,,,,,
458582,Reid Brignac,,125,458,55,114,26,3,10,48,8,5,31,90,3,2,5,TBA,AL,SS,0,0,3,0,28,0,0,0,0
458628,Joe Mather,,80,259,33,64,14,2,10,33,5,2,23,51,5,1,2,SLN,NL,OF,,,,,,,,,
458643,Jose Morales,,102,320,33,87,17,1,4,28,1,2,25,50,2,1,2,MIN,AL,C,29,0,0,0,0,0,0,0,0
458675,Colby Rasmus,,131,439,62,113,24,3,16,50,11,4,48,85,4,3,3,SLN,NL,OF,0,0,0,0,0,9,124,6,135
458701,Luis Exposito,,67,236,20,56,14,1,5,24,2,1,12,54,2,0,2,BOS,AL,C,,,,,,,,,
458731,Brett Gardner,,115,371,64,98,15,7,3,30,33,7,46,68,3,7,3,NYA,AL,OF,0,0,0,0,0,0,99,0,99
458913,Eric Young,,144,509,97,136,24,7,8,42,45,18,50,91,8,8,1,COL,NL,2B,0,0,6,0,0,0,5,0,5
459323,Kevin Richardson,,86,277,31,57,10,1,9,30,0,1,19,103,4,2,1,TEX,AL,C,4,0,0,0,0,0,0,0,0
459334,Brent Clevlen,,95,323,38,75,14,3,11,38,4,2,31,102,2,2,2,ATL,NL,OF,,,,,,,,,
459422,Billy Killian,,34,105,12,26,5,1,1,8,1,1,5,21,1,2,1,BAL,AL,C,,,,,,,,,
459423,Joe Koshansky,,105,349,47,78,17,2,16,58,2,2,43,117,3,0,4,MIL,NL,1B,,,,,,,,,
459425,Matt Macri,,82,243,27,54,13,2,7,25,2,2,17,65,2,0,0,MIN,AL,2B,,,,,,,,,
459431,Michael Saunders,,110,377,50,91,16,4,9,36,12,7,36,100,4,4,2,SEA,AL,OF,0,0,0,0,0,39,0,0,39
459438,Brent Dlugach,,115,386,39,89,20,3,6,36,4,3,25,119,2,3,2,DET,AL,3B,0,0,0,2,2,0,0,0,0
459440,Jarrett Hoffpauir,,120,379,44,101,24,2,8,42,3,3,42,40,3,4,3,SLN,NL,2B,0,0,5,1,0,0,0,0,0
459714,Buck Coats,,96,346,46,89,18,2,5,33,10,4,27,61,2,2,3,KCA,AL,OF,,,,,,,,,
459920,Jeff Howell,,78,212,16,47,10,1,3,19,1,2,12,48,2,0,0,KCA,AL,C,,,,,,,,,
459941,Travis Buck,,95,339,44,85,19,3,9,38,4,2,35,68,5,1,3,OAK,AL,OF,0,0,0,0,0,5,0,28,32
459943,Jeff Clement,,90,317,43,82,20,1,12,48,1,1,33,71,5,0,2,PIT,NL,1B,,,,,,,,,
459964,Matt Joyce,,131,430,57,101,26,3,16,59,6,5,50,108,3,0,4,TBA,AL,OF,0,0,0,0,0,0,4,5,9
459991,Gaby Sanchez,,114,375,54,100,22,1,12,53,6,4,47,64,4,1,3,FLO,NL,1B,0,1,0,0,0,0,0,0,0
460003,Taylor Teagarden,,98,324,44,74,16,1,13,40,1,1,35,112,3,2,2,TEX,AL,C,60,0,0,0,0,0,0,0,0
460004,Clete Thomas,,110,341,46,85,20,3,7,37,10,4,39,89,2,2,0,DET,AL,OF,0,0,0,0,0,23,7,87,100
460022,Tyler Greene,,93,281,37,68,14,2,7,24,10,3,21,76,5,1,1,SLN,NL,SS,0,1,7,11,30,0,1,0,1
460026,Nick Hundley,,104,351,36,80,18,1,12,44,2,1,33,88,2,1,4,SDN,NL,C,74,0,0,0,0,1,0,0,1
460037,Mark Wagner,,75,261,26,63,22,0,4,31,0,0,23,50,3,0,3,BOS,AL,C,,,,,,,,,
460051,Chris Getz,,113,392,52,108,19,3,4,35,17,5,35,50,4,3,3,KCA,AL,2B,0,0,106,0,0,0,0,0,0
460055,John Mayberry,,131,432,52,102,24,2,18,54,7,3,34,118,5,1,3,PHI,NL,OF,0,0,0,0,0,26,0,4,30
460060,Cliff Pennington,,141,504,68,120,24,4,5,43,21,6,60,88,2,4,3,OAK,AL,SS,0,0,0,0,60,0,0,0,0
460067,Trevor Crowe,,113,398,56,98,22,3,5,35,18,8,43,79,3,3,3,CLE,AL,OF,0,0,0,0,0,32,30,5,65
460075,Ryan Braun,,148,573,97,171,36,5,35,101,18,6,49,112,9,0,4,MIL,NL,OF,0,0,0,0,0,158,0,0,158
460086,Alex Gordon,,119,424,62,111,27,2,14,54,10,3,50,99,8,1,3,KCA,AL,3B,0,0,0,49,0,0,0,0,0
460099,Nolan Reimold,,124,419,59,114,24,2,20,59,8,4,47,87,4,0,4,BAL,AL,OF,0,0,0,0,0,88,0,2,90
460101,Chris Robinson,,77,223,19,59,13,1,2,27,2,2,11,46,2,0,0,CHN,NL,C,,,,,,,,,
460252,Jeff Larish,,121,392,49,92,20,1,15,52,3,3,50,106,4,0,3,DET,AL,,0,11,0,1,0,0,0,0,0
460261,Clint Sammons,,102,332,31,75,16,0,7,36,5,2,25,74,3,2,3,ATL,NL,C,6,0,0,0,0,0,0,0,0
460267,Brandon Boggs,,112,360,43,81,18,3,9,41,6,3,49,112,3,1,3,TEX,AL,OF,0,0,0,0,0,3,3,0,6
460269,Chris Gimenez,,103,327,42,73,16,1,10,31,2,2,41,91,5,3,3,CLE,AL,1B,8,18,0,0,0,14,0,7,20
460271,Devin Ivany,,67,208,23,47,10,1,4,22,2,2,15,47,2,2,2,WAS,NL,C,,,,,,,,,
460576,Carlos Gomez,,129,396,56,100,19,5,6,39,28,9,30,84,7,4,2,MIL,NL,OF,0,0,0,0,0,0,132,0,132
460579,Nyjer Morgan,,118,422,65,116,17,5,3,32,35,14,33,71,8,7,3,WAS,NL,OF,0,0,0,0,0,63,57,0,118
460590,Brian Dopirak,,95,335,33,79,18,1,12,43,1,1,23,89,2,0,2,TOR,AL,1B,,,,,,,,,
460612,Cody Clark,,55,142,13,34,7,1,3,14,1,1,8,28,2,0,0,KCA,AL,C,,,,,,,,,
461235,Brandon Moss,,135,435,52,112,28,4,11,56,3,4,41,103,3,0,3,PIT,NL,OF,0,0,0,0,0,21,0,79,99
461314,Matt Kemp,,150,550,88,162,32,6,21,80,30,8,44,120,3,1,4,LAN,NL,OF,0,0,0,0,0,0,158,7,158
461315,Lucas May,,83,255,29,59,14,2,7,29,2,2,20,70,3,0,0,LAN,NL,C,,,,,,,,,
461416,Will Venable,,109,354,44,88,17,3,12,43,6,2,32,92,4,1,1,SDN,NL,OF,0,0,0,0,0,6,16,68,81
461427,Phillip Britton,,60,192,18,44,10,1,3,15,2,2,7,35,2,2,1,BAL,AL,C,,,,,,,,,
461811,Josh Anderson,,135,464,63,124,20,4,5,39,30,8,26,69,5,5,2,CIN,NL,OF,0,0,0,0,0,49,32,29,107
461815,David Murphy,,130,452,62,120,28,3,14,63,7,3,43,91,1,1,6,TEX,AL,OF,0,0,0,0,0,104,1,10,112
461834,Tug Hulett,,77,234,34,60,12,2,5,25,4,2,28,56,2,1,0,BOS,AL,2B,0,0,5,1,1,1,0,2,3
461861,Mark Reed,,70,188,18,40,7,1,2,17,2,3,12,53,2,2,1,CHN,NL,C,,,,,,,,,
461865,Andrew Romine,,98,370,46,86,11,2,2,23,23,11,31,64,4,8,2,LAA,AL,SS,,,,,,,,,
461866,Freddy Sandoval,,112,412,53,107,25,3,8,50,10,5,34,73,2,3,4,LAA,AL,2B,0,0,3,2,0,0,0,0,0
461867,Lou Santangelo,,73,236,21,49,10,1,6,21,1,1,18,75,1,1,2,HOU,NL,C,,,,,,,,,
461874,Craig Tatum,,101,322,30,74,15,1,8,39,1,1,23,79,3,1,3,CIN,NL,C,26,0,0,0,0,0,0,0,0
461882,Jesus Guzman,,121,441,55,116,23,3,12,58,2,3,32,85,4,3,3,SFN,NL,1B,0,3,0,0,0,0,0,0,0
462101,Elvis Andrus,,132,464,66,117,19,5,6,45,33,11,38,87,5,6,3,TEX,AL,SS,0,0,0,0,145,0,0,0,0
462405,Brooks Conrad,,136,478,70,106,27,4,17,65,8,3,50,136,5,2,5,ATL,NL,2B,0,0,11,1,0,0,0,0,0
462413,Andy Gonzalez,,110,346,39,81,14,1,7,36,6,4,45,88,4,1,2,FLO,NL,SS,0,0,0,2,4,0,0,0,0
462536,Mitch Jones,,99,338,44,78,18,2,17,57,4,2,33,109,4,0,3,ATL,NL,,0,0,0,0,0,0,0,1,1
462564,Dan Uggla,,152,564,97,138,32,2,29,88,3,3,78,151,9,2,6,FLO,NL,2B,0,0,158,0,0,0,0,0,0
462855,Eider Torres,,82,303,34,75,12,1,2,27,12,6,20,49,2,5,2,COL,NL,SS,,,,,,,,,
462950,Danny Richar,,109,382,51,99,22,4,10,41,7,5,32,67,2,3,2,FLO,NL,3B,0,0,1,4,0,0,0,0,0
462962,Niuman Romero,,117,357,38,83,15,1,3,32,7,4,30,63,3,5,4,CLE,AL,SS,0,1,0,1,4,0,0,0,0
463610,Gregorio Petit,,116,404,41,93,19,1,4,35,4,5,26,84,2,6,4,OAK,AL,2B,0,0,8,3,0,0,0,0,0
464299,Eugenio Velez,,129,428,58,112,22,8,6,44,28,13,27,76,3,2,3,SFN,NL,OF,0,0,31,0,0,42,12,5,51
464341,Chin-lung Hu,,80,246,32,63,13,3,3,22,4,2,16,37,2,1,1,LAN,NL,SS,0,0,0,0,3,0,0,0,0
464433,Juan Francisco,,141,500,58,122,24,3,28,75,4,3,20,129,3,0,3,CIN,NL,3B,0,0,0,4,0,0,0,0,0
464900,Alex Romero,,129,413,52,113,24,5,5,49,9,5,31,51,3,3,3,HOU,NL,OF,0,0,0,0,0,21,4,21,44
465041,Francisco Cervelli,,77,230,24,59,13,1,4,24,1,3,17,44,4,3,1,NYA,AL,C,40,0,0,0,0,0,0,0,0
465668,Roger Bernadina,,101,338,43,84,16,4,5,27,20,8,34,78,2,4,1,WAS,NL,OF,0,0,0,0,0,1,1,1,3
465674,Pedro Ciriaco,,93,340,38,87,13,2,2,28,17,7,12,59,2,4,3,ARI,NL,SS,,,,,,,,,
465698,Juan Apodaca,,55,171,17,41,8,0,3,17,1,0,13,40,2,0,1,BOS,AL,C,,,,,,,,,
465784,Everth Cabrera,,111,409,58,104,20,7,4,33,31,12,47,84,6,6,1,SDN,NL,SS,0,0,0,0,102,0,0,0,0
466320,Melky Cabrera,,148,507,68,142,28,3,12,66,12,4,50,62,4,5,5,ATL,NL,OF,0,0,0,0,0,40,103,48,151
466454,Jesus Sanchez,,41,132,19,32,5,0,3,14,1,0,10,23,1,1,1,PHI,NL,C,,,,,,,,,
466988,Emilio Bonifacio,,136,504,74,129,20,6,2,34,26,11,39,97,2,6,4,FLO,NL,3B,0,0,7,86,20,6,11,0,17
467055,Pablo Sandoval,,139,494,68,155,36,4,19,75,3,3,34,64,3,1,4,SFN,NL,3B,3,26,0,120,0,0,0,0,0
467070,Elian Herrera,,64,242,29,51,9,1,2,17,15,5,17,61,2,1,2,LAN,NL,C,,,,,,,,,
467092,Wilson Ramos,,75,253,25,63,14,1,6,30,0,0,12,50,2,0,2,MIN,AL,C,,,,,,,,,
467793,Carlos Santana,,89,284,40,70,18,2,9,41,2,2,42,59,2,1,4,CLE,AL,C,,,,,,,,,
467827,Gerardo Parra,,141,510,63,142,23,8,8,58,16,11,38,82,4,3,6,ARI,NL,OF,0,0,0,0,0,75,43,9,113
467833,Harold Garcia,,92,349,40,83,14,2,8,33,23,9,23,74,8,3,5,PHI,NL,2B,,,,,,,,,
468175,Cristian Santana,,53,200,17,38,9,1,7,21,2,2,11,71,3,1,1,TEX,AL,C,,,,,,,,,
468406,Jonathan Herrera,,89,293,40,79,12,3,3,29,11,5,26,41,2,7,2,COL,NL,SS,,,,,,,,,
468452,Daniel Mayora,,93,325,36,84,18,2,5,30,9,5,23,70,3,5,2,COL,NL,2B,,,,,,,,,
468470,Reegie Corona,,96,334,42,83,17,1,4,26,12,4,34,56,2,4,3,NYA,AL,2B,,,,,,,,,
468474,Jose Gil,,52,176,14,42,9,0,5,19,2,2,10,35,2,2,1,NYA,AL,C,,,,,,,,,
468475,Jair Fernandez,,49,158,16,37,9,0,2,16,1,1,12,29,2,2,1,MIN,AL,C,,,,,,,,,
468915,Alvin Colina,,64,206,21,46,10,1,6,32,1,1,17,56,2,0,2,TBA,AL,C,,,,,,,,,
468936,Melvin Dorta,,92,295,33,75,14,2,3,24,9,8,20,38,2,6,3,PHI,NL,2B,,,,,,,,,
469040,Argenis Reyes,,122,414,46,103,17,3,3,30,12,5,26,62,2,7,2,LAN,NL,2B,0,0,3,0,1,0,0,0,0
469137,Gabriel Ortiz,,45,160,17,34,7,0,4,17,4,2,10,44,1,1,2,OAK,AL,C,,,,,,,,,
469141,Mario Mercedes,,38,128,14,35,8,0,2,14,1,1,7,13,1,1,1,CHN,NL,C,,,,,,,,,
469721,Trent Oeltjen,,127,413,58,106,21,9,8,45,15,7,23,88,8,4,4,MIL,NL,OF,0,0,0,0,0,11,5,3,18
469835,Jonathan Jaspe,,61,218,23,50,10,1,4,25,1,0,17,38,2,1,2,TOR,AL,C,,,,,,,,,
469845,Jamie Hoffmann,,120,402,48,99,19,3,8,51,14,8,39,72,3,3,4,NYA,AL,OF,0,0,0,0,0,0,0,5,5
470490,Joel Naughton,,59,198,20,50,9,1,4,20,1,1,17,32,1,2,2,PHI,NL,C,,,,,,,,,
470491,Tim Kennelly,,72,227,23,55,14,2,3,27,2,2,19,47,3,2,2,PHI,NL,C,,,,,,,,,
470516,Luis Durango,,127,426,57,106,14,3,2,24,24,13,57,69,2,8,2,SDN,NL,OF,0,0,0,0,0,1,1,0,2
470920,Jose Yepez,,47,141,14,33,7,0,2,13,0,0,11,24,3,2,2,SEA,AL,C,,,,,,,,,
471083,Miguel Montero,,113,348,46,95,21,1,14,53,1,1,33,64,4,1,3,ARI,NL,C,111,0,0,0,0,0,0,0,0
471107,Elliot Johnson,,79,279,31,64,12,2,7,27,8,4,20,71,3,4,1,TBA,AL,2B,,,,,,,,,
471865,Carlos Gonzalez,,134,443,69,128,29,5,16,70,12,6,34,97,4,0,0,COL,NL,OF,0,0,0,0,0,47,43,8,80
471868,Alberto Gonzalez,,126,400,45,102,22,4,4,41,4,3,23,48,5,6,4,WAS,NL,2B,0,0,55,3,41,0,0,0,0
472528,Luis Valbuena,,132,446,57,113,24,3,10,40,9,7,44,83,1,5,3,CLE,AL,2B,0,0,77,1,28,0,0,0,0
473234,Tony Abreu,,109,384,49,105,24,3,8,41,3,3,22,63,4,2,3,ARI,NL,2B,0,0,1,1,0,0,0,0,0
473277,Juan Fuentes,,55,197,19,49,7,2,3,19,1,1,18,32,2,2,1,SEA,AL,C,,,,,,,,,
474233,Hank Conger,,84,284,29,72,14,1,7,37,3,2,20,51,2,1,4,LAA,AL,C,,,,,,,,,
474865,Julio Borbon,,124,478,72,140,21,4,6,43,35,13,33,62,6,7,2,TEX,AL,OF,0,0,0,0,0,16,4,0,20
475247,Ryan Flaherty,,78,297,39,74,17,2,11,36,3,3,27,62,1,1,2,CHN,NL,SS,,,,,,,,,
475424,Tony Delmonico,,80,302,31,65,13,1,6,25,2,0,28,69,7,1,1,LAN,NL,C,,,,,,,,,
475582,Ryan Zimmerman,,146,574,91,163,38,3,26,93,4,2,60,102,3,0,6,WAS,NL,3B,0,0,0,154,0,0,0,0,0
475715,Charles Cutler,,65,235,29,59,9,2,4,26,1,1,23,30,5,1,3,SLN,NL,C,,,,,,,,,
476192,Johnny Monell,,59,202,22,50,14,0,5,23,2,1,17,35,3,1,1,SFN,NL,C,,,,,,,,,
476704,Jed Lowrie,,106,358,45,90,28,3,6,47,2,1,43,74,2,1,6,BOS,AL,SS,0,0,2,4,26,0,0,0,0
476883,Pedro Alvarez,,96,334,39,78,17,1,15,46,1,1,38,98,1,0,4,PIT,NL,3B,,,,,,,,,
485573,Victor Castillo,,38,113,11,28,4,0,2,11,1,1,8,21,1,1,1,BAL,AL,C,,,,,,,,,
488651,Adam Abraham,,83,280,26,62,15,1,5,20,2,3,26,53,3,3,2,CLE,AL,C,,,,,,,,,
488652,Miguel Abreu,,94,321,33,84,17,1,4,26,12,6,7,42,2,4,1,BAL,AL,2B,,,,,,,,,
488666,Kyle Anson,,65,195,19,44,9,0,3,21,1,1,24,39,2,1,2,NYA,AL,C,,,,,,,,,
488671,Alex Avila,,93,288,31,70,16,1,9,35,1,1,33,69,2,1,2,DET,AL,C,25,0,0,0,0,0,0,0,0
488686,Aaron Bates,,126,442,50,108,27,1,9,48,1,0,36,108,10,0,4,BOS,AL,1B,0,5,0,0,0,0,0,0,0
488726,Michael Brantley,,127,446,62,119,20,2,4,40,30,9,52,51,2,5,3,CLE,AL,OF,0,0,0,0,0,8,20,0,28
488730,Michael Brenly,,59,208,23,52,11,0,3,21,1,1,14,37,2,2,2,CHN,NL,C,,,,,,,,,
488740,Jordan Brown,,89,318,39,87,21,1,7,39,2,2,25,51,3,1,2,CLE,AL,OF,,,,,,,,,
488771,Jason Castro,,79,272,27,66,14,1,5,30,2,2,27,57,2,0,2,HOU,NL,C,,,,,,,,,
488784,Koby Clemens,,86,320,33,74,18,2,10,41,2,2,35,83,4,1,4,HOU,NL,C,,,,,,,,,
488810,Tony Cruz,,83,259,23,59,14,2,5,28,1,1,16,56,2,0,0,SLN,NL,C,,,,,,,,,
488811,Aaron Cunningham,,115,413,54,102,22,3,12,44,12,7,36,93,5,4,4,SDN,NL,OF,0,0,0,0,0,9,0,16,23
488818,Chase D'Arnaud,,68,260,35,65,15,3,4,26,14,5,28,42,6,1,2,PIT,NL,SS,,,,,,,,,
488862,Yunel Escobar,,138,500,73,143,28,2,11,62,6,5,53,65,7,5,2,ATL,NL,SS,0,0,0,0,139,0,0,0,0
488995,Andy Jenkins,,81,255,23,61,14,1,3,26,2,1,13,52,2,1,2,TEX,AL,C,,,,,,,,,
489027,Matthew Klimas,,39,125,11,28,5,1,2,12,3,2,10,28,3,1,1,SFN,NL,C,,,,,,,,,
489065,Andrew Locke,,90,318,36,83,17,2,8,42,2,2,22,64,2,1,3,HOU,NL,OF,,,,,,,,,
489166,Thomas Neal,,87,328,45,79,18,2,11,43,2,2,33,69,7,1,2,SFN,NL,OF,,,,,,,,,
489231,John Raynor,,91,314,46,78,16,2,5,24,17,6,30,87,5,2,2,PIT,NL,OF,,,,,,,,,
489232,Anthony Recker,,81,276,24,58,12,2,7,29,1,1,23,88,2,2,2,OAK,AL,C,,,,,,,,,
489262,Ryan Rohlinger,,134,448,56,109,27,2,11,55,3,3,36,86,7,2,4,SFN,NL,3B,0,0,1,8,3,0,0,0,0
489267,Adam Rosales,,124,398,56,98,23,4,13,48,5,3,35,81,8,2,5,OAK,AL,3B,0,11,4,57,6,0,0,0,0
489277,Rusty Ryal,,126,426,52,107,24,5,13,53,4,4,27,102,6,2,3,ARI,NL,2B,0,10,13,0,0,0,0,0,0
489304,Travis Scott,,66,239,20,50,11,1,5,26,1,1,22,62,2,1,2,SEA,AL,C,,,,,,,,,
489365,Josh Thole,,102,317,30,85,18,2,3,34,3,3,33,39,3,1,4,NYN,NL,C,16,0,0,0,0,0,0,0,0
489432,Corey Wimberly,,73,266,36,67,10,2,1,18,21,8,17,36,5,3,2,OAK,AL,SS,,,,,,,,,
489564,Juan Rivera,,110,390,47,101,18,1,17,57,5,4,26,51,2,1,5,LAA,AL,2B,,,,,,,,,
491627,Miguel Fermin,,60,220,29,58,11,1,10,30,3,1,13,44,2,1,2,FLO,NL,C,,,,,,,,,
491696,Jesus Sucre,,79,293,23,68,14,1,5,25,2,4,14,45,2,0,1,ATL,NL,C,,,,,,,,,
492706,Kenji Johjima,,54,190,19,48,10,0,6,22,1,1,9,21,4,1,1,,,C,70,0,0,0,0,0,0,0,0
492802,Juan Graterol,,34,109,12,28,5,0,2,12,1,0,8,17,2,1,1,KCA,AL,C,,,,,,,,,
493120,Kosuke Fukudome,,140,486,80,123,30,4,11,58,8,7,80,107,3,3,5,CHN,NL,OF,0,0,0,0,0,0,113,44,140
493127,Akinori Iwamura,,117,448,68,125,25,5,5,35,9,4,53,92,3,2,4,PIT,NL,2B,0,0,67,1,0,0,0,0,0
493351,Alexei Ramirez,,145,523,71,143,21,2,17,74,13,7,38,67,2,5,6,CHA,AL,SS,0,0,0,0,148,0,0,0,0
493364,Dayan Viciedo,,99,356,43,83,14,0,10,47,2,2,15,71,3,0,4,CHA,AL,3B,,,,,,,,,
493596,Gordon Beckham,,122,447,67,123,34,2,17,67,7,5,46,73,6,2,4,CHA,AL,3B,0,0,0,102,0,0,0,0,0
494686,Fernando Martinez,,83,299,33,70,17,2,8,30,4,3,20,59,4,1,1,NYN,NL,OF,0,0,0,0,0,11,8,6,25
498568,Barbaro Canizares,,117,415,43,110,24,1,10,54,1,1,37,67,4,0,3,ATL,NL,1B,0,5,0,0,0,0,0,0,0
500207,Jhonatan Solano,,67,207,21,48,11,0,2,20,1,1,13,35,2,2,2,WAS,NL,C,,,,,,,,,
500739,Humberto Sosa,,68,246,25,58,14,0,3,26,1,1,23,44,2,1,1,CIN,NL,C,,,,,,,,,
500768,Federico Hernandez,,83,281,28,62,10,1,5,24,1,0,15,55,2,2,2,HOU,NL,C,,,,,,,,,
501248,Rossmel Perez,,79,289,26,74,14,1,2,29,1,0,22,32,5,1,1,ARI,NL,C,,,,,,,,,
501440,Greg Veloz,,83,317,32,61,11,2,3,20,13,8,23,76,2,3,1,NYN,NL,C,,,,,,,,,
501463,Luis Bernardo,,68,220,21,50,9,1,3,23,2,0,11,42,2,5,1,BAL,AL,C,,,,,,,,,
501647,Wilin Rosario,,53,185,17,43,10,1,5,24,1,1,11,45,2,2,3,COL,NL,C,,,,,,,,,
501800,Allen Craig,,93,330,43,90,18,1,12,43,2,1,25,65,4,0,3,SLN,NL,OF,,,,,,,,,
501822,Chris Hatcher,,77,205,23,41,9,2,5,20,2,2,14,73,3,0,0,FLO,NL,C,,,,,,,,,
501896,David Freese,,109,368,50,95,21,2,12,54,3,1,34,89,4,0,3,SLN,NL,3B,1,3,0,7,0,0,0,0,0
501933,Brian Baisley,,46,170,15,37,8,0,4,19,0,0,11,48,3,0,2,NYA,AL,C,,,,,,,,,
501941,Chris Pettit,,74,224,30,59,14,1,5,26,5,2,17,44,4,0,1,LAA,AL,OF,0,0,0,0,0,2,0,4,5
501960,Vincent DiFazio,,57,212,29,55,14,2,7,28,2,0,29,41,7,0,2,TEX,AL,C,,,,,,,,,
501961,Derrick Robinson,,92,379,45,84,14,3,2,26,35,14,23,70,2,3,2,KCA,AL,OF,,,,,,,,,
501983,Travis Snider,,134,451,59,109,25,2,22,67,3,4,50,138,4,1,4,TOR,AL,OF,0,0,0,0,0,56,0,21,75
502003,Scott Sizemore,,88,311,39,78,18,2,6,29,9,4,29,60,3,3,2,DET,AL,2B,,,,,,,,,
502034,Emmanuel Burriss,,107,351,46,92,13,2,2,29,23,10,25,47,5,3,2,SFN,NL,2B,0,0,61,0,0,0,0,0,0
502117,Kristopher Negron,,87,319,43,74,13,2,5,24,16,5,27,63,7,3,2,CIN,NL,SS,,,,,,,,,
502125,Tyler Colvin,,127,448,55,112,22,6,12,57,8,4,25,100,3,3,5,CHN,NL,OF,0,0,0,0,0,0,6,0,6
502182,Steve Clevenger,,77,241,23,66,14,2,2,28,3,2,20,33,2,2,3,CHN,NL,C,,,,,,,,,
502189,Austin Rauch,,34,119,13,25,6,1,4,14,1,1,11,35,2,1,1,COL,NL,C,,,,,,,,,
502196,Michael Thomas,,71,276,37,62,17,2,5,25,15,6,26,66,3,2,1,BOS,AL,C,,,,,,,,,
502210,Josh Reddick,,111,388,45,94,19,5,11,43,6,4,25,81,2,0,3,BOS,AL,OF,0,0,0,0,0,12,2,10,23
502213,Nevin Ashley,,83,260,24,54,9,2,3,20,4,4,23,70,5,1,2,TBA,AL,C,,,,,,,,,
502226,Craig Gentry,,121,440,61,111,21,3,5,33,25,8,29,82,9,3,3,TEX,AL,OF,0,0,0,0,0,0,7,2,9
502236,Mike Grace,,38,132,13,29,6,0,2,13,2,1,8,33,2,2,1,CHA,AL,C,,,,,,,,,
502261,Cole Gillespie,,98,316,42,76,17,3,8,39,9,4,42,73,3,2,4,ARI,NL,OF,,,,,,,,,
502262,Mitch Canham,,78,268,26,59,12,2,3,30,3,2,27,56,2,1,2,SDN,NL,C,,,,,,,,,
502288,Torre Langley,,56,194,15,44,8,1,4,21,1,0,10,37,1,1,2,FLO,NL,C,,,,,,,,,
502317,Chris Heisey,,101,350,49,93,21,2,12,40,12,3,27,60,5,4,3,CIN,NL,OF,,,,,,,,,
502355,Sean Rooney,,63,200,17,48,11,1,3,20,1,1,14,39,1,2,2,WAS,NL,C,,,,,,,,,
502365,Robert Taylor,,41,129,13,28,6,1,4,18,2,0,11,39,1,0,2,FLO,NL,C,,,,,,,,,
502374,Michael McKenry,,82,273,31,68,17,1,8,36,2,3,30,60,3,2,2,COL,NL,C,,,,,,,,,
502454,Kris Watts,,68,232,25,57,13,1,3,26,1,1,24,38,4,2,2,PIT,NL,C,,,,,,,,,
502517,Daniel Murphy,,141,465,56,121,30,3,11,60,6,4,38,65,2,2,6,NYN,NL,1B,0,101,0,0,0,27,0,0,27
502620,Mark Thomas,,48,164,13,35,7,1,4,16,2,2,13,35,2,1,1,TBA,AL,C,,,,,,,,,
502802,Joshua Rodriguez,,67,255,30,54,9,2,5,23,5,3,30,59,1,2,2,CLE,AL,C,,,,,,,,,
503082,Luis Castillo,,104,377,54,99,11,2,2,30,15,5,46,44,1,10,3,NYN,NL,2B,,,,,,,,,
503353,Tyler LaTorre,,52,113,11,27,5,1,2,13,1,1,12,26,1,0,0,SFN,NL,C,,,,,,,,,
503792,Luis De La Cruz,,39,137,15,30,5,1,2,12,2,1,8,24,1,1,1,SLN,NL,C,,,,,,,,,
506560,Alexi Amarista,,97,375,51,91,23,3,5,29,20,14,30,52,5,9,2,LAA,AL,2B,,,,,,,,,
506673,Juan Miranda,,126,427,53,108,25,2,18,69,1,1,45,106,5,0,5,NYA,AL,1B,0,8,0,0,0,0,0,0,0
506702,Sandy Leon,,63,216,19,47,11,1,2,20,1,1,20,44,2,1,1,WAS,NL,C,,,,,,,,,
506997,Tony Sanchez,,47,173,23,41,13,1,5,28,1,0,18,35,5,0,2,PIT,NL,C,,,,,,,,,
507068,Wally Crancer,,57,200,21,50,8,1,5,22,1,2,14,39,2,1,2,BAL,AL,C,,,,,,,,,
516679,Sebastian Valle,,77,284,28,63,17,2,5,32,1,2,20,65,3,0,3,PHI,NL,C,,,,,,,,,
516770,Starlin Castro,,97,326,32,83,14,3,3,29,14,8,18,47,2,4,1,CHN,NL,SS,,,,,,,,,
517375,Jorge Corniel,,44,133,13,32,8,0,2,15,0,0,9,26,1,1,1,ARI,NL,C,,,,,,,,,
518408,Matt Angle,,87,341,48,90,10,2,2,20,23,8,37,52,2,4,1,BAL,AL,OF,,,,,,,,,
518474,Brock Bond,,81,279,44,76,13,2,2,21,7,7,30,48,4,2,1,SFN,NL,2B,,,,,,,,,
518480,Jason Bour,,58,198,14,43,11,1,5,16,1,0,11,53,2,2,2,CIN,NL,C,,,,,,,,,
518482,Johnny Bowden,,36,126,17,32,8,1,4,18,1,2,11,32,1,2,2,COL,NL,C,,,,,,,,,
518595,Travis D'Arnaud,,79,302,35,68,20,1,9,35,3,2,23,48,3,0,3,TOR,AL,C,,,,,,,,,
518614,Daniel Descalso,,88,296,36,77,16,3,5,33,3,3,26,42,3,2,2,SLN,NL,2B,,,,,,,,,
518623,Phil Disher,,45,168,14,37,8,1,5,21,0,0,17,48,2,0,1,HOU,NL,C,,,,,,,,,
518626,Josh Donaldson,,93,303,33,71,17,2,5,40,2,2,33,71,2,0,0,OAK,AL,C,,,,,,,,,
518650,Ryan Eigsti,,81,267,27,54,14,1,3,25,2,2,21,74,7,2,2,KCA,AL,C,,,,,,,,,
518653,Jacob Elmore,,92,315,45,76,17,3,4,29,8,5,39,48,3,1,1,ARI,NL,2B,,,,,,,,,
518679,Jonathan Fixler,,43,143,12,34,8,2,5,20,1,1,11,35,4,1,2,HOU,NL,C,,,,,,,,,
518696,Evan Frey,,94,345,42,90,15,5,2,29,16,9,35,57,3,2,2,ARI,NL,OF,,,,,,,,,
518700,Eric Fryer,,82,305,38,72,15,2,5,29,7,3,30,59,4,1,2,PIT,NL,C,,,,,,,,,
518734,Chris Gradoville,,48,153,12,37,7,0,2,12,0,0,5,30,2,1,2,TEX,AL,C,,,,,,,,,
518740,Jonathan Greene,,84,317,32,68,14,1,11,42,2,1,21,95,13,1,3,TEX,AL,C,,,,,,,,,
518784,Justin Henry,,81,313,43,77,11,2,2,28,12,5,26,30,2,3,2,DET,AL,2B,,,,,,,,,
518799,Steven Hill,,81,289,28,70,14,2,8,30,1,1,17,70,2,0,2,SLN,NL,C,,,,,,,,,
518810,Doug Hogan,,53,192,19,42,11,1,7,23,1,1,14,60,2,1,1,TEX,AL,C,,,,,,,,,
518811,Darin Holcomb,,93,329,39,89,20,1,7,36,2,1,30,40,3,2,3,COL,NL,3B,,,,,,,,,
518871,Erik Kanaby,,74,260,28,60,7,1,1,18,10,8,32,39,1,2,2,LAN,NL,C,,,,,,,,,
518953,David Lough,,95,327,38,88,17,3,6,31,9,6,15,53,4,5,1,KCA,AL,OF,,,,,,,,,
518960,Jonathan Lucroy,,95,313,35,78,18,2,8,39,2,1,43,54,2,1,4,MIL,NL,C,,,,,,,,,
519000,Sean McCauley,,48,163,17,38,9,1,2,15,1,0,12,29,2,1,1,KCA,AL,C,,,,,,,,,
519023,Devin Mesoraco,,70,250,21,54,14,1,8,27,0,2,22,59,2,1,2,CIN,NL,C,,,,,,,,,
519048,Mitch Moreland,,87,303,38,83,17,2,6,36,1,1,19,56,2,0,0,TEX,AL,OF,,,,,,,,,
519058,Mike Moustakas,,98,382,43,92,23,1,11,48,5,5,23,65,2,1,2,KCA,AL,3B,,,,,,,,,
519083,Derek Norris,,80,290,32,62,14,0,11,35,5,5,46,71,5,0,3,WAS,NL,C,,,,,,,,,
519184,Ben Revere,,82,326,42,82,10,2,2,26,24,11,20,30,4,1,1,MIN,AL,OF,,,,,,,,,
519204,Joshua Roberts,,64,221,23,56,11,2,5,29,4,2,23,41,2,2,2,FLO,NL,C,,,,,,,,,
519208,Clint Robinson,,89,326,37,83,20,1,7,36,2,2,22,57,3,1,2,KCA,AL,2B,,,,,,,,,
519222,Austin Romine,,87,333,38,77,17,1,10,37,5,2,19,59,2,0,2,NYA,AL,C,,,,,,,,,
519299,Eric Sogard,,87,320,41,81,18,2,5,33,6,4,34,42,2,2,3,OAK,AL,2B,,,,,,,,,
519349,Devin Thomas,,45,159,16,32,7,1,3,20,2,1,13,49,2,0,1,DET,AL,C,,,,,,,,,
519425,Jackson Williams,,74,207,19,47,11,0,3,17,1,2,18,45,3,3,2,SFN,NL,C,,,,,,,,,
520209,Konrad Schmidt,,78,267,25,66,15,1,4,24,0,1,13,56,3,0,2,ARI,NL,C,,,,,,,,,
521692,Salvador Perez,,38,135,15,33,8,1,2,12,0,1,8,20,2,1,1,KCA,AL,C,,,,,,,,,
522068,Jose Bonilla,,80,287,31,59,11,2,4,25,3,3,20,72,2,1,1,KCA,AL,C,,,,,,,,,
522728,C.J. Retherford,,98,332,38,82,20,2,8,41,3,3,19,60,3,3,5,CHA,AL,2B,,,,,,,,,
523028,Chris Rosenbaum,,32,92,11,23,5,0,2,9,1,1,8,17,3,0,1,LAA,AL,C,,,,,,,,,
523261,Roger Kieschnick,,101,395,49,90,21,5,12,53,5,1,26,95,3,0,3,SFN,NL,OF,,,,,,,,,
524968,Jesus Montero,,77,275,27,71,14,1,11,38,0,0,17,47,2,1,1,NYA,AL,C,,,,,,,,,
538164,Carlos Gonzalez,,99,365,56,98,24,5,13,56,11,4,30,75,3,3,2,COL,NL,OF,,,,,,,,,
542863,Mitch Abeita,,54,188,19,41,8,1,3,20,1,0,20,43,2,1,1,NYA,AL,C,,,,,,,,,
542974,Beau Brooks,,78,276,38,56,11,2,5,29,2,1,38,70,2,1,3,LAA,AL,C,,,,,,,,,
542999,Tony Campana,,98,373,48,95,8,2,2,24,40,14,29,63,1,4,1,CHN,NL,OF,,,,,,,,,
543015,Jack Cawley,,41,139,15,34,7,0,2,14,1,0,17,28,2,1,2,SLN,NL,C,,,,,,,,,
543018,James Cesario,,98,377,46,101,19,2,8,41,11,9,24,58,4,2,3,COL,NL,2B,,,,,,,,,
543034,Kevin Coddington,,80,293,27,68,14,1,3,28,7,2,20,51,3,2,2,CIN,NL,C,,,,,,,,,
543148,Tim Federowicz,,62,239,24,59,20,0,5,27,4,1,14,41,2,1,2,BOS,AL,C,,,,,,,,,
543213,Johnny Giavotella,,83,315,49,78,17,3,4,29,11,6,29,36,2,4,2,KCA,AL,2B,,,,,,,,,
543233,Maikol Gonzalez,,89,306,44,81,12,5,4,32,11,5,32,47,2,1,1,COL,NL,2B,,,,,,,,,
543238,Anthony Gose,,101,394,49,83,16,4,4,34,42,15,26,85,8,5,2,PHI,NL,OF,,,,,,,,,
543281,Josh Harrison,,80,313,41,82,16,3,5,29,14,8,17,35,5,5,2,PIT,NL,2B,,,,,,,,,
543358,Jake Jefferies,,75,284,29,67,11,1,4,28,3,2,20,28,3,1,2,TBA,AL,C,,,,,,,,,
543376,Caleb Joseph,,69,258,26,68,14,1,8,29,2,1,15,46,2,1,2,BAL,AL,C,,,,,,,,,
543428,Jeff Lanning,,49,161,15,35,8,1,3,15,1,0,12,37,1,1,2,MIN,AL,C,,,,,,,,,
543464,Roberto Lopez,,77,293,38,74,14,0,8,41,3,5,27,44,8,1,5,LAA,AL,OF,,,,,,,,,
543469,Aaron Lowenstein,,39,122,17,29,4,1,2,17,0,0,11,27,2,3,1,SFN,NL,C,,,,,,,,,
543596,Billy Nowlin,,68,258,29,66,13,1,8,35,1,0,19,41,7,0,2,DET,AL,C,,,,,,,,,
543629,Tyler Pastornicky,,96,371,45,80,11,5,3,23,32,14,28,54,2,2,1,TOR,AL,SS,,,,,,,,,
543669,Cody Puckett,,100,386,44,80,20,1,12,39,13,1,29,107,4,3,4,CIN,NL,SS,,,,,,,,,
543743,Dave Sappelt,,104,419,46,100,16,5,7,30,29,18,26,62,2,3,2,CIN,NL,OF,,,,,,,,,
543750,Braeden Schlehuber,,80,285,31,59,17,0,5,28,3,1,17,52,7,2,1,ATL,NL,C,,,,,,,,,
543873,Tyson Van Winkle,,52,170,16,39,11,0,2,20,2,2,19,35,3,0,1,ARI,NL,C,,,,,,,,,
544151,Greg Bordes,,31,91,14,21,3,0,1,10,0,2,11,20,2,1,1,ARI,NL,C,,,,,,,,,
544253,Zach Zaneski,,36,122,14,31,5,0,2,14,0,1,12,22,2,1,1,TEX,AL,C,,,,,,,,,
544385,Keith Hernandez,,42,137,15,32,9,0,2,16,1,0,8,26,2,1,1,DET,AL,C,,,,,,,,,
544936,Kai Gronauer,,59,205,21,43,7,0,5,17,0,1,13,40,3,0,2,NYN,NL,C,,,,,,,,,
545459,Brendan Akashian,,31,89,13,22,4,0,2,11,0,1,16,19,3,0,1,PHI,NL,C,,,,,,,,,
548089,Jordan Comadena,,33,94,11,23,5,0,2,8,1,0,10,19,2,0,1,HOU,NL,C,,,,,,,,,
571734,Jason Hagerty,,49,179,23,35,9,0,4,17,0,0,22,42,2,0,1,SDN,NL,C,,,,,,,,,
572033,Josh Phegley,,49,182,21,40,8,0,8,24,1,1,12,38,2,1,1,CHA,AL,C,,,,,,,,,
576788,Daniel Butler,,29,104,12,26,8,1,3,15,0,1,8,18,3,0,1,BOS,AL,C,,,,,,,,,
