mlbamID,playerName,team,league,defaultPos,Age,AB,H,R,2B,3B,HR,RBI,BB,SO,HBP,SB,CS,G_C,G_1B,G_2B,G_3B,G_SS,G_LF,G_CF,G_RF,G_OF
110029,Bobby Abreu,LAA,AL,,35,600,169,97,40,4,16,95,88,146,3,23,9,0,0,0,0,0,0,0,150,150
110189,Moises Alou,,,,42,126,36,17,7,0,4,18,9,11,2,1,1,0,0,0,0,0,13,0,0,13
110236,Garret Anderson,ATL,NL,,37,444,128,56,25,1,12,62,27,64,1,2,1,0,0,0,0,0,82,0,0,82
110383,Rich Aurilia,SFN,NL,,37,302,81,28,15,1,5,32,21,42,2,0,1,0,82,1,63,0,0,0,0,0
110385,Brad Ausmus,LAN,NL,,40,243,53,20,10,1,1,18,25,47,4,3,2,77,2,1,1,0,0,0,0,0
110870,Gary Bennett,,,,37,80,19,7,3,0,2,8,6,8,0,0,0,10,0,0,0,0,0,0,0,0
111072,Henry Blanco,SDN,NL,,37,99,25,11,3,0,2,10,5,20,0,0,0,45,1,0,0,0,0,0,0,0
111213,Aaron Boone,HOU,NL,,36,206,54,27,11,1,5,34,17,41,7,1,2,0,54,1,16,0,0,0,0,0
111548,Emil Brown,SDN,NL,,34,364,91,43,17,1,9,44,29,85,4,5,2,0,1,0,0,0,65,1,55,100
111851,Orlando Cabrera,OAK,AL,,34,644,182,95,35,2,9,71,49,67,3,19,4,0,0,0,0,161,0,0,0,0
111867,Miguel Cairo,PHI,NL,,35,208,53,29,12,2,0,18,16,32,3,8,1,0,70,5,19,1,2,0,1,3
111904,Mike Cameron,MIL,NL,,36,475,117,74,30,4,19,73,57,132,6,15,5,0,0,0,0,0,0,119,0,119
112116,Luis Castillo,NYN,NL,,33,451,126,69,16,3,3,39,50,44,1,16,5,0,0,81,0,0,0,0,0,0
112128,Juan Castro,LAN,NL,,37,178,37,17,7,0,2,13,12,31,1,0,0,0,0,2,5,57,0,0,0,0
112131,Frankie Catalanotto,TEX,AL,,35,266,73,35,20,2,4,29,26,29,7,1,1,0,33,0,0,0,26,0,0,26
112316,Tony Clark,ARI,NL,,37,147,35,16,5,0,7,22,19,42,1,0,0,0,26,0,0,0,0,0,0,0
112736,Craig Counsell,MIL,NL,,38,220,48,25,11,0,1,18,34,37,4,2,1,0,0,19,38,24,0,0,0,0
113028,Johnny Damon,NYA,AL,,35,564,164,99,30,4,15,69,62,78,2,25,7,0,1,0,0,0,87,34,0,113
113232,Carlos Delgado,NYN,NL,,37,521,137,75,27,1,28,94,54,114,9,1,1,0,154,0,0,0,0,0,0,0
113240,David Dellucci,CLE,AL,,35,254,64,36,13,2,8,37,23,59,6,1,1,0,0,0,0,0,56,0,0,56
113358,Mike DiFelice,TBA,AL,,40,240,57,20,10,0,3,24,13,53,3,0,0,7,0,0,0,0,0,0,0,0
113660,Ray Durham,,,,37,336,79,46,21,1,6,36,45,63,2,7,2,0,0,95,0,0,0,0,0,0
113679,Jermaine Dye,CHA,AL,,35,541,152,82,34,2,30,85,45,108,6,4,2,0,0,0,0,0,0,0,151,151
113702,Damion Easley,,,,39,226,60,24,7,1,6,33,16,33,6,0,0,0,4,64,1,8,7,0,0,7
113744,Jim Edmonds,,,,39,280,68,37,13,1,12,44,39,65,1,1,1,0,0,0,0,0,0,103,0,103
113889,Darin Erstad,HOU,NL,,35,238,59,29,11,1,2,21,17,42,1,3,1,0,12,0,0,0,56,40,6,88
114031,Sal Fasano,COL,NL,,37,150,31,13,5,0,3,16,7,42,8,0,0,15,1,0,0,0,0,0,0,0
114260,Cliff Floyd,SDN,NL,,36,265,67,35,11,0,10,38,29,52,7,2,0,0,0,0,0,0,0,0,0,0
114596,Nomar Garciaparra,OAK,AL,,35,295,82,38,15,0,9,39,24,24,2,2,1,0,8,0,11,31,0,0,0,0
114739,Jason Giambi,OAK,AL,,38,336,77,37,13,0,18,50,53,74,16,2,1,0,113,0,0,0,0,0,0,0
114789,Brian Giles,SDN,NL,,38,466,136,67,28,2,11,53,66,49,3,2,3,0,0,0,0,0,0,2,144,144
114909,Chris Gomez,BAL,AL,,38,160,44,20,7,0,1,18,9,23,1,0,1,0,5,18,20,13,0,0,0,0
114935,Luis Gonzalez,COL,NL,,41,329,84,36,19,1,8,49,38,43,2,2,1,0,0,0,0,0,64,0,22,85
115135,Ken Griffey Jr. ,SEA,AL,,39,489,121,61,24,1,17,68,75,98,2,3,1,0,0,0,0,0,0,32,91,123
115210,Mark Grudzielanek,,,,39,288,83,37,19,1,3,23,15,37,6,1,1,0,0,85,0,0,0,0,0,0
115223,Vladimir Guerrero,LAA,AL,,33,548,167,81,33,2,24,97,54,69,6,6,2,0,0,0,0,0,0,0,99,99
115229,Jose Guillen,KCA,AL,,33,525,143,66,33,1,19,87,27,93,12,3,1,0,0,0,0,0,45,0,67,109
115732,Todd Helton,COL,NL,,35,394,117,60,27,2,11,52,75,56,3,2,1,0,81,0,0,0,0,0,0,0
116338,Torii Hunter,LAA,AL,,33,564,157,86,37,2,22,91,46,102,5,15,6,0,0,0,0,0,0,137,0,137
116380,Raul Ibanez,PHI,NL,,37,579,165,76,39,3,21,99,57,98,3,0,1,0,0,0,0,0,153,0,0,153
116539,Derek Jeter,NYA,AL,,35,636,192,101,32,4,13,78,58,99,11,15,6,0,0,0,0,148,0,0,0,0
116662,Andruw Jones,TEX,AL,,32,395,89,59,18,1,20,61,48,104,7,3,0,0,0,0,0,0,0,66,0,66
116706,Chipper Jones,ATL,NL,,37,434,147,80,28,1,20,83,75,58,1,4,0,0,0,0,115,0,0,0,0,0
116974,Jason Kendall,MIL,NL,,35,458,120,49,22,1,2,39,41,45,12,6,3,149,0,0,0,0,0,0,0,0
116999,Jeff Kent,,,,41,405,114,47,24,1,11,53,33,49,6,0,1,0,1,116,0,0,0,0,0,0
117244,Paul Konerko,CHA,AL,,33,502,135,70,25,0,25,77,67,93,6,1,1,0,116,0,0,0,0,0,0,0
117276,Mark Kotsay,BOS,AL,,33,360,99,47,24,2,5,50,30,39,1,3,3,0,6,0,0,0,0,84,19,103
117601,Derrek Lee,CHN,NL,,33,476,140,72,32,1,16,74,56,95,3,6,2,0,153,0,0,0,0,0,0,0
117928,Mark Loretta,LAN,NL,,37,290,80,31,14,1,3,28,29,29,2,0,1,0,2,46,17,5,0,0,0,0
119811,Trot Nixon,MIL,NL,,35,228,57,25,13,0,6,30,31,38,1,1,0,0,0,0,0,0,6,0,5,10
119853,Greg Norton,ATL,NL,,36,198,53,26,10,0,6,27,28,45,1,1,1,0,11,0,0,0,25,0,2,26
120044,Magglio Ordonez,DET,AL,,35,552,173,80,34,1,20,101,53,75,3,2,3,0,0,0,0,0,0,0,135,135
120074,David Ortiz,BOS,AL,,33,507,145,96,36,1,34,109,91,98,2,2,0,0,0,0,0,0,0,0,0,0
120416,Tomas Perez,HOU,NL,,35,298,69,28,12,1,2,24,15,47,1,2,2,0,0,5,1,0,0,0,0,0
120691,Jorge Posada,NYA,AL,,37,356,102,54,19,3,12,55,43,48,2,1,1,30,7,0,0,0,0,0,0,0
120903,Manny Ramirez,LAN,NL,,37,495,147,77,25,1,28,91,74,110,9,1,0,0,0,0,0,0,119,0,0,119
121074,Edgar Renteria,SFN,NL,,32,507,143,77,26,2,8,58,45,68,1,10,4,0,0,0,0,138,0,0,0,0
121347,Alex Rodriguez,NYA,AL,,33,548,160,110,30,0,37,113,78,124,15,17,4,0,0,0,131,0,0,0,0,0
121358,Ivan Rodriguez,HOU,NL,,37,459,128,52,25,3,9,49,19,85,2,7,2,112,0,0,0,0,0,0,0,0
121409,Scott Rolen,TOR,AL,,34,363,94,54,25,1,10,49,38,61,8,4,2,0,0,0,115,0,0,0,0,0
122027,Richie Sexson,,,,34,387,93,55,20,0,19,68,48,99,3,2,1,0,92,0,0,0,0,0,0,0
122111,Gary Sheffield,DET,AL,,40,423,100,65,16,0,17,53,61,73,6,11,3,0,0,0,0,0,6,0,0,6
122644,Matt Stairs,PHI,NL,,41,254,69,39,12,0,11,40,31,55,4,1,0,0,0,0,0,0,9,0,10,19
122784,Shannon Stewart,TOR,AL,,35,297,82,37,11,2,6,29,26,38,2,4,2,0,0,0,0,0,40,0,0,40
123040,Mark Sweeney,,,,39,132,29,13,6,1,1,11,16,31,2,1,0,0,2,0,0,0,1,0,0,1
123041,Mike Sweeney,SEA,AL,,35,197,51,20,11,0,6,25,15,30,3,1,0,0,13,0,0,0,0,0,0,0
123107,Fernando Tatis,NYN,NL,,34,401,105,50,21,1,15,56,36,78,4,4,2,0,6,0,4,0,51,0,39,71
123173,Miguel Tejada,HOU,NL,,33,553,166,76,31,1,15,74,30,64,8,4,3,0,0,0,0,157,0,0,0,0
123245,Frank Thomas,,,,41,296,77,31,12,0,10,41,44,50,5,0,0,0,0,0,0,0,0,0,0,0
123272,Jim Thome,CHA,AL,,38,456,112,79,23,0,28,82,83,135,5,1,1,0,0,0,0,0,0,0,0,0
123609,Javier Valentin,WAS,NL,,33,138,36,13,8,0,4,20,13,22,0,0,0,17,11,0,4,0,0,0,0,0
123660,Jason Varitek,BOS,AL,,37,411,95,44,18,1,14,52,54,114,6,1,2,131,0,0,0,0,0,0,0,0
123689,Jorge Velandia,CLE,AL,,34,343,83,36,14,1,4,25,23,76,3,3,2,0,0,2,0,4,0,0,0,0
123723,Jose Vidro,,,,34,330,90,39,15,0,7,37,32,40,1,0,0,0,9,0,0,0,0,0,0,0
123744,Omar Vizquel,TEX,AL,,42,282,64,27,9,1,1,20,24,28,0,6,2,0,0,0,0,84,0,0,0,0
124693,Dmitri Young,WAS,NL,,35,279,78,31,17,1,8,36,32,53,1,0,0,0,38,0,0,0,0,0,0,0
124748,Gregg Zaun,BAL,AL,,38,258,60,30,14,0,6,31,38,42,2,1,1,79,0,0,0,0,0,0,0,0
132720,Paul Bako,CHN,NL,,37,190,39,16,5,1,2,17,18,61,0,0,1,96,0,0,0,0,0,0,0,0
132788,Kevin Millar,TOR,AL,,37,449,109,57,22,0,13,55,61,84,5,0,0,0,130,0,0,0,0,0,0,0
132880,Daryle Ward,CIN,NL,,34,133,36,15,10,0,4,20,18,26,1,0,0,0,13,0,0,0,6,0,3,9
132961,Geoff Jenkins,PHI,NL,,34,313,82,38,18,1,12,43,28,80,7,1,1,0,0,0,0,0,0,0,90,90
133120,Jason Wood,FLO,NL,,39,216,49,21,8,0,2,29,16,51,3,2,0,0,0,0,0,0,0,0,0,0
133140,Scott McClain,SFN,NL,,37,460,117,55,22,1,16,60,43,84,1,2,2,0,4,0,4,0,0,0,0,0
133160,Randy Winn,SFN,NL,,35,523,150,69,32,2,10,60,45,73,4,14,3,0,0,0,0,0,15,10,133,150
133226,Mike Redmond,MIN,AL,,38,162,46,15,7,0,0,19,8,14,3,0,0,30,0,0,0,0,0,0,0,0
133321,Alex Cora,NYN,NL,,33,184,46,20,7,2,1,12,12,21,8,2,1,0,0,7,0,69,0,0,0,0
133380,Aramis Ramirez,CHN,NL,,31,546,158,84,39,3,27,100,56,76,8,1,1,0,0,0,147,0,0,0,0,0
134001,Paul Lo Duca,,,,37,261,68,26,11,0,3,27,20,20,5,1,0,26,17,0,0,0,5,0,0,5
134002,Ramon Martinez,,,,36,153,38,15,5,0,1,20,14,16,1,0,0,0,0,5,0,0,0,0,0,0
134181,Adrian Beltre,SEA,AL,,30,579,153,78,34,2,23,87,45,101,4,9,3,0,0,0,139,0,0,0,0,0
134260,Bengie Molina,SFN,NL,,34,452,128,38,22,1,13,58,16,41,5,0,0,136,0,0,0,0,0,0,0,0
134341,Jay Payton,,,,36,360,94,48,16,2,8,52,22,46,3,5,2,0,0,0,0,0,71,38,4,108
135783,Ramon Castro,NYN,NL,,33,141,35,18,7,0,7,25,12,37,1,0,0,47,0,0,0,0,0,0,0,0
135784,Placido Polanco,DET,AL,,33,555,174,87,30,3,7,57,31,35,8,5,2,0,0,141,0,0,0,0,0,0
136267,Troy Glaus,SLN,NL,,32,466,120,65,25,1,21,75,72,98,4,1,1,0,4,0,146,0,0,0,0,0
136460,Alex Gonzalez,CIN,NL,,32,221,57,28,13,1,6,27,13,42,5,1,1,,,,,,,,,
136500,Wes Helms,FLO,NL,,33,213,55,22,12,0,6,37,16,52,5,0,0,0,42,0,60,0,1,0,0,1
136660,Mark DeRosa,CLE,AL,,34,466,132,85,27,3,12,73,52,99,7,3,1,0,1,95,22,1,27,0,38,59
136664,Michael Barrett,TOR,AL,,32,245,63,28,14,1,7,32,19,37,2,0,1,30,0,0,0,0,0,0,0,0
136722,Carlos Guillen,DET,AL,,33,461,134,73,29,4,13,65,55,75,3,10,5,0,24,0,89,0,2,0,0,2
136724,Marlon Anderson,NYN,NL,,35,160,42,21,9,1,3,23,14,31,1,3,1,0,6,1,0,0,25,0,0,25
136767,Eric Chavez,OAK,AL,,31,321,79,43,18,1,11,44,40,66,0,2,1,0,0,0,15,0,0,0,0,0
136770,J.D. Drew,BOS,AL,,33,346,96,65,23,3,13,57,62,72,3,2,1,0,0,0,0,0,0,1,106,106
136780,Mike Lowell,BOS,AL,,35,508,144,67,34,1,16,83,46,64,4,3,2,0,0,0,110,0,0,0,0,0
136860,Carlos Beltran,NYN,NL,,32,551,154,106,36,2,30,105,80,102,2,20,2,0,0,0,0,0,0,158,0,158
137002,Gabe Kapler,TBA,AL,,33,192,53,30,13,1,5,25,13,32,2,2,1,0,0,0,0,0,17,36,14,66
137006,Doug Mientkiewicz,LAN,NL,,35,233,62,28,15,1,4,27,29,33,3,1,1,0,37,0,33,0,0,0,10,10
137140,Russell Branyan,SEA,AL,,33,239,55,30,11,0,14,42,33,89,2,3,0,0,5,0,35,0,0,0,0,0
150020,Jerry Hairston Jr.,CIN,NL,,33,158,43,25,10,1,3,16,12,27,4,5,2,0,0,7,1,36,24,17,12,42
150021,Darnell McDonald,,,,30,465,124,61,26,2,13,56,37,104,3,19,5,,,,,,,,,
150029,Jayson Werth,PHI,NL,,30,342,88,54,15,2,15,53,50,104,4,12,1,0,0,0,0,0,28,31,88,125
150040,Jose Molina,NYA,AL,,34,194,47,17,10,0,3,23,8,44,1,2,0,97,1,0,0,0,0,0,0,0
150061,Julio Lugo,BOS,AL,,33,399,106,54,24,1,6,42,41,79,4,21,6,0,0,0,0,81,1,0,0,1
150071,Ron Belliard,WAS,NL,,34,430,117,50,25,1,12,54,36,85,4,2,1,0,33,29,31,5,0,0,0,0
150089,Michel Hernandez,TBA,AL,,30,253,63,23,9,1,2,18,18,33,2,1,1,4,0,0,0,0,0,0,0,0
150093,Alfonso Soriano,CHN,NL,,33,489,137,81,31,1,28,94,40,113,5,19,5,0,0,1,0,0,108,0,0,108
150100,Pat Burrell,TBA,AL,,32,499,125,72,28,2,27,84,101,131,3,0,0,0,0,0,0,0,155,0,0,155
150137,Paul Hoover,PHI,NL,,33,202,46,20,9,1,4,19,13,58,2,1,1,13,0,0,0,0,0,0,0,0
150148,Rod Barajas,TOR,AL,,33,277,67,34,17,0,9,37,18,52,5,0,0,98,4,0,0,0,0,0,0,0
150178,Jason LaRue,SLN,NL,,35,179,34,16,8,0,4,18,18,44,5,1,0,57,3,0,0,0,0,0,0,0
150207,Paul Phillips,COL,NL,,32,274,72,25,13,0,3,21,14,31,1,0,1,4,0,0,0,0,0,0,0,0
150212,Michael Cuddyer,MIN,AL,,30,400,106,62,23,4,12,62,44,81,6,5,1,0,2,0,0,0,0,1,58,58
150217,Cristian Guzman,WAS,NL,,31,411,123,56,22,4,7,36,21,43,3,3,3,0,0,0,0,136,0,0,0,0
150218,Jacque Jones,CIN,NL,,34,288,73,34,15,2,6,40,27,61,2,4,1,0,0,0,0,0,27,5,3,34
150224,Chad Moeller,,,,34,180,37,16,8,0,4,18,11,44,3,0,0,33,2,0,3,0,0,0,0,0
150229,A.J. Pierzynski,CHA,AL,,32,531,148,65,28,0,15,61,23,73,8,1,1,131,0,0,0,0,0,0,0,0
150268,Pedro Feliz,PHI,NL,,34,427,106,52,20,2,17,63,28,68,1,0,1,0,0,0,129,1,0,0,0,0
150275,Yorvit Torrealba,COL,NL,,30,290,73,31,19,1,7,39,20,57,5,2,3,67,0,0,0,0,0,0,0,0
150286,Mike Lamb,MIL,NL,,33,265,71,35,13,2,5,32,25,38,1,1,1,0,9,0,56,0,0,0,0,0
150289,Carlos Pena,TBA,AL,,31,458,115,70,23,1,31,88,88,142,10,1,1,0,132,0,0,0,0,0,0,0
150317,Joe Crede,MIN,AL,,31,320,80,35,17,0,12,45,21,44,4,0,2,0,0,0,97,0,0,0,0,0
150322,Mark L. Johnson,SLN,NL,,33,227,56,17,8,0,2,20,25,28,1,1,1,10,0,0,0,0,0,0,0,0
150324,Carlos Lee,HOU,NL,,33,525,157,74,32,1,27,92,44,74,4,8,2,0,0,0,0,0,110,0,0,110
150348,John McDonald,TOR,AL,,34,201,47,22,9,1,1,19,10,29,2,4,1,0,0,1,4,67,0,0,0,0
150353,Dave Roberts,SFN,NL,,37,198,49,29,8,3,1,17,25,35,0,11,4,0,0,0,0,0,32,0,0,32
150396,Milton Bradley,CHN,NL,,31,354,103,61,22,1,18,58,58,84,5,5,1,0,0,0,0,0,1,0,19,20
150398,Geoff Blum,HOU,NL,,36,269,66,28,14,0,6,31,21,43,2,1,1,0,5,8,75,4,0,0,0,0
150411,Brian Schneider,NYN,NL,,32,342,86,30,16,0,7,50,43,56,2,1,0,109,0,0,0,0,0,0,0,0
150415,Brad Wilkerson,,,,32,270,62,36,15,1,9,37,33,84,2,2,2,0,4,0,0,0,29,5,64,93
150416,Danny Ardoin,LAN,NL,,34,182,38,19,8,0,3,16,14,57,5,1,0,24,0,0,0,0,0,0,0,0
150421,Ramon Hernandez,CIN,NL,,33,433,114,49,23,1,14,71,35,70,7,1,1,127,2,0,0,0,0,0,0,0
150439,Gary Matthews Jr.,LAA,AL,,34,455,122,65,25,3,11,61,47,87,4,10,3,0,0,0,0,0,37,31,43,106
150449,Rick Ankiel,SLN,NL,,29,462,120,68,21,2,28,85,37,106,4,3,2,0,0,0,0,0,17,89,1,106
150456,Adam Kennedy,TBA,AL,,33,290,75,31,14,1,2,27,21,29,3,7,3,0,3,84,0,0,1,0,9,10
150472,Ryan Freel,BAL,AL,,33,283,73,42,16,2,4,19,27,52,5,18,7,0,0,3,4,0,13,23,5,34
150479,Felipe Lopez,ARI,NL,,29,548,149,77,28,4,10,53,60,93,3,19,9,0,1,101,13,13,16,0,1,17
150482,Josh Phelps,SFN,NL,,31,403,110,47,22,2,16,58,35,93,6,1,1,0,4,0,0,0,3,0,2,5
150484,Vernon Wells,TOR,AL,,30,514,141,72,29,3,18,76,41,71,3,8,6,0,0,0,0,0,0,100,0,100
204020,Lance Berkman,HOU,NL,,33,536,160,95,34,1,30,100,87,112,6,8,2,0,152,0,0,0,0,0,0,0
206551,Melvin Mora,BAL,AL,,37,438,116,61,22,2,15,75,35,70,8,4,4,0,0,0,124,1,0,0,0,0
209315,David Newhan,,,,35,211,54,27,9,1,5,25,15,42,2,5,2,0,0,28,0,0,2,0,0,2
217100,Willie Bloomquist,KCA,AL,,31,209,56,34,5,1,1,18,18,22,2,12,3,0,0,7,1,12,8,23,13,43
232694,Casey Blake,LAN,NL,,35,528,146,68,32,2,20,80,49,113,9,4,2,0,29,1,133,1,0,0,0,0
236155,Robinson Cancel,NYN,NL,,33,203,49,20,9,1,5,21,12,34,2,3,2,15,0,0,0,0,0,0,0,0
275930,David Eckstein,SDN,NL,,34,363,105,48,19,1,2,35,28,26,12,4,2,0,0,24,0,57,0,0,0,0
276055,Adam Dunn,WAS,NL,,29,500,126,85,25,1,36,101,104,150,6,4,1,0,19,0,0,0,119,0,23,141
276346,Brandon Inge,DET,AL,,32,483,116,63,24,3,17,70,47,124,8,6,3,60,0,0,51,0,2,13,0,13
276354,Matt Treanor,DET,AL,,33,149,36,16,6,0,2,19,15,30,4,0,0,65,0,0,0,0,0,0,0,0
276361,Adam Everett,DET,AL,,32,361,85,37,20,1,4,36,21,66,4,8,3,0,0,1,0,44,0,0,0,0
276372,Luis Rivas,,,,29,299,67,32,11,2,5,26,19,43,2,6,3,0,0,29,1,31,0,0,0,0
276376,Nick Johnson,WAS,NL,,30,216,57,38,18,0,10,31,51,46,6,3,1,0,35,0,0,0,0,0,0,0
276377,Wily Mo Pena,WAS,NL,,27,289,71,30,13,1,10,29,21,85,3,1,1,0,0,0,0,0,54,0,0,54
276519,Jimmy Rollins,PHI,NL,,30,614,174,104,37,10,19,68,55,68,5,37,3,0,0,0,0,132,0,0,0,0
276545,Michael Young,TEX,AL,,32,631,184,90,35,2,12,84,52,101,3,9,1,0,0,0,0,152,0,0,0,0
276547,DeWayne Wise,CHA,AL,,31,224,57,33,11,2,8,21,14,49,4,9,3,0,0,0,0,0,24,23,6,46
279566,Nathan Haynes,TEX,AL,,29,312,74,36,9,2,2,25,18,77,2,15,6,0,0,0,0,0,2,2,15,18
279577,Rafael Furcal,LAN,NL,,31,433,124,72,22,4,8,52,48,57,1,22,5,0,0,0,0,36,0,0,0,0
279827,Humberto Quintero,HOU,NL,,29,273,65,24,12,1,4,26,10,46,5,1,1,59,0,0,0,0,0,0,0,0
279913,Corey Patterson,WAS,NL,,29,459,112,57,23,3,11,44,21,83,2,28,9,0,0,0,0,0,0,124,0,124
280061,Corky Miller,CHA,NL,,33,154,34,15,6,0,7,21,15,29,5,1,1,29,0,0,0,0,0,0,0,0
282905,Andy Tracy,PHI,NL,,35,343,88,46,19,0,15,54,42,80,3,2,1,0,0,0,0,0,0,0,0,0
283051,Johnny Estrada,,,,33,294,80,25,15,0,6,38,10,29,3,0,0,14,0,0,0,0,0,0,0,0
285068,Cody Ransom,NYA,AL,,33,458,108,63,23,1,19,70,41,124,4,9,3,0,19,2,4,9,0,0,0,0
285078,Josh Hamilton,TEX,AL,,28,502,147,85,27,3,28,102,56,106,5,7,1,0,0,0,0,0,0,111,34,141
285131,Cesar Izturis,BAL,AL,,29,327,81,36,10,1,1,19,23,22,3,10,4,0,0,0,8,130,0,0,0,0
291565,Eric Byrnes,ARI,NL,,33,381,100,57,21,3,13,53,29,62,6,18,4,0,0,0,0,0,51,1,0,51
294558,Xavier Nady,NYA,AL,,30,487,138,72,29,1,22,89,33,100,10,2,1,0,3,0,0,0,46,0,89,134
324432,Augie Ojeda,ARI,NL,,34,204,49,25,8,1,1,16,23,22,6,0,0,0,0,44,28,22,0,0,0,0
325392,Scott Podsednik,COL,NL,,33,272,75,42,16,2,1,20,24,44,3,20,9,0,0,0,0,0,10,36,1,45
333292,Jack Wilson,PIT,NL,,31,408,109,45,20,1,5,32,26,42,5,3,3,0,0,0,0,80,0,0,0,0
333492,Aubrey Huff,BAL,AL,,32,541,148,74,34,2,22,80,53,101,5,1,1,0,24,0,33,0,0,0,0,0
334393,Juan Pierre,LAN,NL,,31,532,150,68,19,6,1,46,29,32,5,48,13,0,0,0,0,0,84,18,0,93
340192,Marco Scutaro,TOR,AL,,33,352,92,50,16,1,6,39,37,53,3,4,1,0,3,50,41,56,3,0,0,3
340393,Ross Gload,KCA,AL,,33,224,64,27,13,1,3,26,13,25,2,2,2,0,111,0,0,0,8,0,3,11
346795,Endy Chavez,SEA,AL,,31,213,58,25,9,2,1,15,14,24,0,6,2,0,0,0,0,0,54,10,60,120
346857,Nick Punto,MIN,AL,,31,404,103,50,20,5,2,31,40,70,1,13,5,0,0,26,12,61,0,3,0,3
346859,Jason Michaels,HOU,NL,,33,315,82,39,16,0,8,42,28,65,3,4,2,0,0,0,0,0,34,8,43,81
346874,Juan Uribe,SFN,NL,,29,421,107,42,24,2,13,52,25,79,3,2,4,0,0,51,57,4,0,0,0,0
348563,Morgan Ensberg,TBA,AL,,33,284,62,42,12,0,10,39,49,73,2,1,2,0,7,0,21,0,0,0,0,0
400018,Miguel Olivo,KCA,AL,,30,393,99,43,23,2,14,54,10,92,4,6,2,58,0,0,0,0,0,0,0,0
400023,Aaron Rowand,SFN,NL,,31,528,147,68,34,1,13,65,39,105,17,5,4,0,0,0,0,0,0,149,0,149
400073,Oscar Salazar,BAL,AL,1B,31,517,147,72,32,1,19,83,34,70,1,5,3,0,10,0,7,1,0,0,0,0
400083,Andres Torres,SFN,NL,OF,31,374,93,51,18,5,6,42,33,89,3,16,5,,,,,,,,,
400085,Ichiro Suzuki,SEA,AL,,35,648,197,94,21,6,6,68,47,68,4,35,4,0,0,0,0,0,0,69,91,160
400090,Alex Cintron,WAS,NL,,30,232,61,25,8,1,3,24,12,34,1,3,2,0,2,7,8,45,0,0,0,0
400091,Jack Cust,OAK,AL,,30,435,107,66,20,0,26,78,100,160,2,0,1,0,0,0,0,0,78,0,5,83
400098,Travis Hafner,CLE,AL,,32,371,97,58,21,1,18,66,65,88,6,0,0,0,0,0,0,0,0,0,0,0
400120,Chris Coste,PHI,NL,,36,302,77,31,15,0,9,36,16,53,7,0,1,78,1,0,0,0,0,0,0,0
400121,Victor Martinez,CLE,AL,,30,430,126,56,27,0,13,66,48,59,4,0,0,55,10,0,0,0,0,0,0,0
400134,Eric Hinske,PIT,NL,,31,265,62,38,14,1,12,32,34,68,3,4,2,0,11,0,8,0,40,0,49,89
400140,Wilson Betemit,CHA,AL,,27,223,57,32,13,0,11,36,22,64,1,1,1,0,36,3,21,14,0,0,0,0
400154,Dane Sardinha,DET,AL,,30,274,55,25,8,0,7,25,14,76,2,1,1,17,0,0,0,0,0,0,0,0
400284,Chase Utley,PHI,NL,,30,595,177,112,42,4,31,104,65,107,22,12,2,0,2,159,0,0,0,0,0,0
400290,Austin Kearns,WAS,NL,,29,437,110,63,24,1,13,60,58,92,10,3,1,0,0,0,0,0,0,0,85,85
405395,Albert Pujols,SLN,NL,,29,545,179,103,38,1,37,120,97,57,6,5,3,0,144,1,0,0,0,0,0,0
406550,Jamie Burke,SEA,AL,,37,102,28,13,5,0,1,10,6,12,2,0,1,43,1,0,1,0,0,0,0,0
406878,Brian Roberts,BAL,AL,,31,586,167,97,42,4,11,55,80,93,1,39,7,0,0,155,0,0,0,0,0,0
407155,Craig Monroe,PIT,NL,,32,300,72,38,20,1,12,42,23,74,1,1,2,0,0,0,0,0,1,7,3,11
407397,Esteban German,CHN,NL,,31,195,52,30,11,3,1,21,21,34,3,6,3,0,0,35,6,3,39,0,0,39
407399,J.R. House,KCA,AL,1B,29,525,153,63,32,1,14,73,42,64,3,2,3,0,0,0,0,0,0,0,0,0
407483,Willie Harris,WAS,NL,,31,354,91,58,17,4,8,32,40,69,4,14,7,0,0,14,14,3,86,17,0,103
407487,Juan Rivera,LAA,AL,,30,325,87,40,19,0,13,52,21,42,2,1,3,0,1,1,0,0,41,1,19,59
407489,Lyle Overbay,TOR,AL,,32,496,134,65,32,1,13,66,60,94,2,2,1,0,156,0,0,0,0,0,0,0
407496,Ramon Vazquez,,,,32,268,67,33,14,2,4,22,31,58,1,1,1,0,1,11,70,26,0,0,0,0
407556,Angel Berroa,NYA,AL,,31,430,111,56,21,1,8,48,21,77,6,3,2,0,0,5,0,79,0,0,0,0
407777,Ben Broussard,CHA,AL,,32,340,90,47,15,1,16,47,21,75,6,1,1,0,26,0,0,0,0,0,0,0
407781,Marlon Byrd,TEX,AL,,31,409,114,62,23,3,11,58,39,78,9,6,3,0,0,0,0,0,31,57,39,118
407792,Alfredo Amezaga,FLO,NL,,31,315,82,38,12,4,2,24,25,47,3,10,5,0,0,10,15,19,0,79,0,79
407797,Nick Green,MIL,NL,,30,370,94,45,18,1,12,48,21,98,4,4,3,,,,,,,,,
407798,Ryan Langerhans,WAS,NL,,29,301,72,46,16,2,7,33,45,82,2,5,2,0,2,0,0,0,24,0,12,36
407801,Marcus Thames,DET,AL,,32,285,71,45,13,1,20,49,24,79,1,1,2,0,9,0,0,0,73,0,7,80
407812,Matt Holliday,OAK,AL,,29,588,170,99,35,3,25,97,63,117,10,15,3,0,0,0,0,0,139,0,0,139
407833,John Buck,KCA,AL,,28,397,94,48,24,1,14,55,38,98,7,1,3,107,0,0,0,0,0,0,0,0
407849,Bill Hall,MIL,NL,,29,452,112,65,31,2,18,69,44,133,2,5,5,0,0,6,113,0,0,0,0,0
407861,Orlando Hudson,LAN,NL,,31,473,137,65,29,4,10,60,54,74,2,6,3,0,0,105,0,0,0,0,0,0
407862,Reed Johnson,CHN,NL,,32,305,87,47,19,1,5,37,20,59,14,4,3,0,0,0,0,0,26,78,6,99
407876,Chip Ambres,BOS,AL,,29,344,81,45,15,2,11,42,36,88,2,5,1,0,0,0,0,0,0,3,7,10
407885,Mark Ellis,OAK,AL,,32,442,112,59,22,2,11,54,43,71,7,7,2,0,0,115,0,0,0,0,0,0
407886,Ryan Ludwick,SLN,NL,,30,456,125,70,31,2,26,85,46,123,7,3,3,0,0,0,0,0,29,14,124,149
407891,Kevin Mench,TOR,AL,,31,281,71,33,17,1,7,35,18,49,2,1,0,0,0,0,0,0,21,0,15,33
407893,Mark Teixeira,NYA,AL,,29,545,159,91,37,1,28,103,83,103,7,2,0,0,153,0,0,0,0,0,0,0
408036,Josh Bard,BOS,AL,,31,262,69,27,17,0,5,34,31,48,1,0,0,49,0,0,0,0,0,0,0,0
408039,So Taguchi,CHN,NL,,39,137,35,25,7,0,1,12,12,18,2,3,1,0,0,0,0,0,38,1,11,48
408042,Gerald Laird,DET,AL,,29,370,97,55,22,1,9,43,25,75,4,4,3,88,0,0,2,0,0,0,0,0
408045,Joe Mauer,MIN,AL,,26,540,169,91,33,3,12,82,83,56,2,6,2,139,0,0,0,0,0,0,0,0
408047,Justin Morneau,MIN,AL,,28,599,178,94,39,3,30,125,69,86,4,2,2,0,155,0,0,0,0,0,0,0
408108,Freddy Sanchez,PIT,NL,,31,498,142,65,31,2,7,55,25,56,6,0,1,0,0,131,0,0,0,0,0,0
408210,Chone Figgins,LAA,AL,,31,492,138,80,20,4,4,51,59,86,2,36,12,0,0,9,105,0,0,0,0,0
408211,Kevin Cash,BOS,AL,,31,181,35,16,7,0,4,19,18,60,2,0,1,57,0,0,4,0,0,0,0,0
408212,Gabe Gross,TBA,AL,,29,302,74,44,16,2,10,37,44,70,2,3,1,0,0,0,0,0,2,18,121,137
408213,Hank Blalock,TEX,AL,,28,346,94,48,20,2,13,51,32,61,2,2,0,0,34,0,31,0,0,0,0,0
408219,Chris Duncan,SLN,NL,,28,344,90,48,16,1,16,55,45,94,1,2,1,0,21,0,0,0,43,0,2,45
408234,Miguel Cabrera,DET,AL,,26,605,187,104,39,2,36,135,70,113,5,3,2,0,143,0,14,0,0,0,0,0
408236,Adrian Gonzalez,SDN,NL,,27,572,160,92,34,1,31,114,68,128,5,0,0,0,161,0,0,0,0,0,0,0
408242,Wil Nieves,WAS,NL,,31,233,57,19,10,1,2,22,14,29,1,1,1,61,0,0,0,0,0,0,0,0
408252,Brandon Phillips,CIN,NL,,28,605,162,87,28,5,22,80,41,104,7,25,7,0,0,140,0,0,0,0,0,0
408299,Omar Infante,ATL,NL,,27,363,103,49,23,3,4,41,24,59,2,4,1,0,0,10,32,20,34,3,0,36
408305,Jorge Cantu,FLO,NL,,27,493,133,65,31,1,20,75,34,96,7,2,1,0,66,0,129,0,0,0,0,0
408306,Rocco Baldelli,BOS,AL,,27,141,39,22,9,1,6,22,9,32,4,3,1,0,0,0,0,0,1,0,6,7
408307,Carl Crawford,TBA,AL,,27,540,155,84,23,11,12,71,34,83,4,40,8,0,0,0,0,0,108,1,0,108
408311,Justin Huber,SDN,NL,,26,316,77,27,15,0,10,40,23,88,5,0,0,0,0,0,0,0,22,0,0,22
408312,Mike Jacobs,KCA,AL,,28,478,125,67,33,1,24,82,36,100,1,2,1,0,119,0,0,0,0,0,0,0
408314,Jose Reyes,NYN,NL,,26,674,200,120,36,16,17,71,67,78,1,63,17,0,0,0,0,159,0,0,0,0
421064,Ty Wigginton,BAL,AL,,31,439,126,54,26,0,21,73,36,86,7,4,5,0,0,0,82,0,31,0,0,31
421124,Ramon Santiago,DET,AL,,29,216,55,31,10,2,2,19,15,34,6,3,2,0,0,21,6,33,0,0,0,0
421684,Chris Snelling,SDN,NL,,27,225,54,34,9,1,6,29,30,54,6,2,1,0,0,0,0,0,0,0,0,0
424325,Dave Ross,ATL,NL,,32,175,39,19,8,0,6,19,24,49,1,0,1,54,0,0,0,0,0,0,0,0
424726,Jason Bay,BOS,AL,,30,590,164,115,38,3,31,124,89,154,6,9,1,0,0,0,0,0,154,0,0,154
424825,Coco Crisp,KCA,AL,,29,434,116,63,22,3,7,49,39,68,2,20,6,0,0,0,0,0,0,114,0,114
425206,Jamey Carroll,CLE,AL,,35,293,74,50,11,2,1,27,32,54,6,5,4,0,0,74,43,0,1,0,0,1
425429,Andy Phillips,PIT,NL,,32,239,64,30,11,1,7,24,20,42,2,1,1,0,5,6,8,0,2,0,0,2
425446,Aaron Miles,CHN,NL,,32,354,100,42,15,1,2,33,23,36,1,2,1,0,0,85,11,27,4,1,1,6
425468,Rob Bowen,OAK,AL,,28,130,28,17,8,0,2,13,16,43,1,0,1,31,1,0,0,0,0,0,0,0
425477,Robb Quinlan,LAA,AL,,32,199,55,22,7,1,3,22,12,29,2,3,2,0,22,0,39,0,3,0,3,6
425489,Jose Castillo,HOU,NL,,28,396,98,42,23,2,9,45,27,79,2,2,2,0,0,12,110,4,0,0,0,0
425491,Ryan Doumit,PIT,NL,,28,363,104,54,26,1,12,55,25,65,8,2,2,106,1,0,0,0,0,0,0,0
425496,Cody Ross,FLO,NL,,28,354,93,49,23,3,17,53,33,91,5,4,0,0,0,0,0,0,17,109,35,133
425503,Freddie Bynum,WAS,NL,,29,201,44,27,7,2,2,16,14,56,2,8,3,0,0,1,0,37,0,0,0,0
425506,Jody Gerut,SDN,NL,,31,329,94,44,18,2,12,39,30,49,1,5,2,0,0,0,0,0,0,80,9,87
425508,Ryan Church,NYN,NL,,30,385,104,55,25,1,17,64,45,96,5,3,2,0,0,0,0,0,0,0,83,83
425509,Jhonny Peralta,CLE,AL,,27,573,153,92,33,3,20,89,55,136,3,1,2,0,0,0,1,146,0,0,0,0
425533,Jason Ellison,PHI,NL,,31,290,74,42,13,1,2,21,25,50,4,8,5,0,0,0,0,0,2,2,3,7
425542,Koyie Hill,CHN,NL,,30,250,56,25,13,0,6,29,19,52,1,2,1,9,0,0,0,0,0,0,0,0
425545,Josh Willingham,WAS,NL,,30,424,110,59,24,3,18,65,49,93,14,3,0,0,0,0,0,0,98,0,0,98
425547,Brad Hawpe,COL,NL,,30,498,141,71,27,4,24,91,74,129,2,3,2,0,0,0,0,0,0,0,133,133
425548,Garrett Atkins,COL,NL,,29,632,190,95,40,2,25,112,59,95,4,3,1,0,61,1,94,0,0,0,0,0
425549,Clint Barmes,COL,NL,,30,436,120,54,24,5,10,48,20,65,8,8,4,0,0,61,13,36,0,0,1,1
425556,Laynce Nix,CIN,NL,,28,378,98,49,18,2,22,61,25,103,4,4,1,0,0,0,0,0,2,0,0,2
425557,Jeff Baker,COL,NL,,28,294,79,43,18,2,12,48,23,76,2,3,1,0,22,49,9,0,0,0,3,3
425560,Adam LaRoche,PIT,NL,,29,497,133,67,34,1,24,81,57,117,2,1,1,0,129,0,0,0,0,0,0,0
425565,Guillermo Quiroz,BAL,AL,,27,181,42,15,8,0,4,24,13,38,1,0,0,54,0,0,0,0,0,0,0,0
425567,Alexis Rios,TOR,AL,,28,569,167,88,39,6,18,87,45,103,4,20,5,0,0,0,0,0,0,62,93,151
425631,Robby Hammock,BAL,NL,,32,307,75,28,13,1,7,34,22,47,3,2,1,15,0,0,0,0,0,0,0,0
425634,Mike Hessman,DET,AL,3B,31,424,99,58,15,2,28,66,46,144,7,3,4,0,0,0,12,0,0,0,0,0
425659,Hector Luna,TOR,AL,,27,413,105,54,21,1,10,50,27,87,4,6,4,0,0,0,0,0,0,0,0,0
425661,Ronny Paulino,FLO,NL,,28,348,92,43,18,0,9,40,31,73,1,1,1,32,0,0,0,0,0,0,0,0
425664,Shane Victorino,PHI,NL,,28,495,140,86,25,6,13,53,40,65,9,24,7,0,0,0,0,0,0,139,5,143
425686,Hideki Matsui,NYA,AL,,35,544,158,95,33,4,20,106,67,71,3,2,2,0,0,0,0,0,21,0,3,23
425766,James Loney,LAN,NL,,25,594,175,67,36,6,16,82,48,86,2,5,2,0,158,0,0,0,0,0,0,0
425769,Eliezer Alfonzo,SDN,NL,,30,255,62,21,12,1,6,28,30,67,4,1,1,2,0,0,0,0,0,0,0,0
425772,Jeff Mathis,LAA,AL,,26,374,80,48,21,1,8,42,29,95,3,2,2,94,0,0,0,0,0,0,0,0
425773,Casey Kotchman,ATL,NL,,26,434,123,56,27,2,13,63,42,41,5,2,2,0,141,0,0,0,0,0,0,0
425774,Dallas McPherson,,,3B,28,368,80,45,18,2,19,50,39,152,2,7,4,0,0,0,2,0,0,0,0,0
425783,Shin-Soo Choo,CLE,AL,,26,412,116,68,27,3,13,64,50,94,5,12,6,0,0,0,0,0,26,0,51,75
425785,Greg Dobbs,PHI,NL,,30,321,91,42,18,2,10,41,23,56,2,4,1,0,2,0,52,0,3,0,4,7
425796,Jeff Francoeur,ATL,NL,,25,609,160,75,34,2,15,78,40,117,8,2,1,0,0,0,0,0,0,0,152,152
425834,B.J. Upton,TBA,AL,,24,532,144,92,31,1,18,80,91,152,3,36,13,0,0,0,0,0,0,143,0,143
425853,Bobby Crosby,OAK,AL,,29,418,98,50,23,1,7,43,36,76,1,7,2,0,0,0,0,145,0,0,0,0
425867,Khalil Greene,SLN,NL,,29,453,113,59,29,2,17,65,31,91,6,5,1,0,0,0,0,105,0,0,0,0
425877,Yadier Molina,SLN,NL,,26,414,111,43,20,0,7,45,33,39,3,1,2,119,2,0,0,0,0,0,0,0
425900,Dioner Navarro,TBA,AL,,25,405,104,43,22,1,8,48,39,73,3,2,3,117,0,0,0,0,0,0,0,0
425902,Prince Fielder,MIL,NL,,25,594,169,100,33,2,44,129,91,127,13,3,2,0,155,0,0,0,0,0,0,0
425903,Kevin Youkilis,BOS,AL,,30,534,154,88,39,2,19,89,74,111,11,3,3,0,126,0,36,0,0,0,2,2
425904,Luis Rodriguez,SDN,NL,,29,213,56,21,10,1,1,12,16,18,1,1,1,0,2,7,1,52,0,0,0,0
428642,Luis Montanez,BAL,AL,,27,438,120,62,21,1,15,61,28,68,4,3,3,0,0,0,0,0,26,5,5,33
429662,Josh Barfield,CLE,AL,,26,431,109,51,22,2,6,48,21,81,3,13,5,0,0,9,0,0,0,0,0,0
429663,Chris Burke,SEA,AL,,29,294,75,44,16,1,7,34,29,51,8,9,1,0,9,18,4,2,18,0,9,26
429664,Robinson Cano,NYA,AL,,26,614,182,82,42,5,19,88,31,71,5,3,4,0,0,159,0,0,0,0,0,0
429665,Edwin Encarnacion,CIN,NL,,26,507,138,76,32,1,24,78,55,102,11,4,1,0,0,0,143,0,0,0,0,0
429666,J.J. Hardy,MIL,NL,,26,476,132,69,26,2,22,80,42,76,1,2,2,0,0,0,0,145,0,0,0,0
429667,Ryan Howard,PHI,NL,,29,558,151,97,25,2,49,132,89,187,4,1,0,0,159,0,0,0,0,0,0,0
429708,Andy Marte,CLE,AL,,25,329,78,33,15,1,10,43,18,63,2,2,1,0,1,0,76,0,0,0,0,0
429710,Chad Tracy,ARI,NL,,29,339,93,42,21,1,9,45,28,58,2,1,0,0,65,0,2,0,0,0,0,0
429711,Franklin Gutierrez,SEA,AL,,26,380,98,57,23,2,9,51,31,86,5,9,4,0,0,0,0,0,11,12,97,119
429712,Felix Pie,BAL,AL,,24,440,115,64,19,4,12,63,28,87,2,15,6,0,0,0,0,0,1,39,0,40
429713,Grady Sizemore,CLE,AL,,26,637,179,117,41,6,32,122,93,139,13,30,7,0,0,0,0,0,0,151,0,151
429731,Eric Bruntlett,PHI,NL,,31,246,57,36,10,1,2,22,28,43,3,10,3,0,2,5,27,35,29,0,7,36
429841,Matt Diaz,ATL,NL,,31,239,72,27,10,1,7,33,9,47,4,4,2,0,0,0,0,0,37,0,0,37
430001,Rickie Weeks,MIL,NL,,26,452,111,89,22,5,14,61,65,118,16,21,5,0,0,120,0,0,0,0,0,0
430203,David DeJesus,KCA,AL,,29,526,151,80,30,7,10,65,49,72,12,8,5,0,0,0,0,0,71,68,24,134
430321,Delmon Young,MIN,AL,,23,619,180,79,34,3,14,84,35,114,5,13,5,0,0,0,0,0,151,0,0,151
430404,Jonny Gomes,CIN,NL,,28,318,76,50,18,2,18,49,39,101,9,8,4,0,0,0,0,0,9,0,21,30
430565,Kaz Matsui,HOU,NL,,33,357,97,55,20,3,6,40,29,63,1,16,3,0,0,94,0,0,0,0,0,0
430574,Mitch Maier,KCA,AL,,27,541,151,69,32,3,10,60,27,86,3,10,5,0,0,0,0,0,0,34,4,34
430583,Jason Bartlett,TBA,AL,,29,489,134,65,25,4,3,40,35,71,9,16,5,0,0,0,0,125,0,0,0,0
430584,Terry Tiffee,PHI,NL,,30,369,103,46,22,1,9,48,20,46,2,1,1,0,0,0,0,0,1,0,0,1
430585,Jason Kubel,MIN,AL,,27,417,114,59,24,3,17,69,41,79,0,2,1,0,0,0,0,0,18,0,32,49
430590,Charlton Jimerson,SEA,AL,,29,356,78,33,15,1,13,46,15,134,3,22,7,0,0,0,0,0,1,0,0,1
430592,Ronny Cedeno,SEA,AL,,26,340,90,42,15,2,7,41,20,65,2,6,4,0,0,43,7,27,1,1,0,2
430593,Brendan Harris,MIN,AL,,28,445,116,58,28,2,10,54,40,95,4,3,1,0,2,39,34,55,0,0,0,0
430598,Jeremy Reed,NYN,NL,,28,419,112,53,21,3,7,48,29,52,2,7,4,0,1,0,0,0,6,58,14,77
430605,Ryan Raburn,DET,AL,,28,320,83,46,18,2,12,50,31,77,2,7,2,0,0,16,18,0,30,6,22,57
430611,Corey Hart,MIL,NL,,27,503,142,73,35,5,20,82,33,96,6,21,7,0,0,0,0,0,0,0,156,156
430622,Cory Sullivan,NYN,NL,,29,396,111,54,23,4,5,38,27,75,3,9,5,0,0,0,0,0,2,5,5,11
430631,Reggie Abercrombie,HOU,NL,,28,350,86,47,17,2,13,48,12,106,5,21,6,0,0,0,0,0,12,11,0,22
430632,Willy Aybar,TBA,AL,,26,442,112,45,26,2,10,48,45,64,4,2,3,0,19,10,41,2,0,0,0,0
430637,Kelly Johnson,ATL,NL,,27,445,125,72,27,6,13,65,55,96,3,8,5,0,0,144,0,0,0,0,0,0
430640,Tony Pena,KCA,AL,,28,346,81,39,14,3,2,27,10,66,2,5,4,0,0,0,0,94,0,0,0,0
430649,Ivan Ochoa,BOS,AL,,26,324,85,45,14,2,3,26,23,68,6,11,7,0,0,8,0,35,0,0,0,0
430668,Scott Hairston,SDN,NL,,29,316,75,40,18,3,15,31,28,83,2,2,1,0,0,1,0,0,49,51,0,88
430828,Chris Shelton,SEA,AL,,29,480,128,58,25,2,17,59,54,135,4,2,1,0,39,0,1,0,0,0,0,0
430832,Jose Bautista,TOR,AL,,28,457,105,62,25,1,19,65,54,119,7,4,3,0,5,2,99,0,0,0,0,0
430838,Willy Taveras,CIN,NL,,27,475,129,70,16,3,2,29,32,73,1,48,10,0,0,0,0,0,0,124,0,124
430894,Chris Aguila,NYN,NL,,30,335,87,42,15,1,12,40,28,74,2,8,2,0,0,0,0,0,6,0,0,6
430895,Maicer Izturis,LAA,AL,,28,362,101,55,19,3,4,41,36,38,1,10,3,0,0,23,5,52,0,0,0,0
430897,Nick Swisher,NYA,AL,,28,524,133,97,29,2,27,89,86,140,7,3,2,0,71,0,0,0,18,70,18,97
430905,Ruben Gotay,PIT,NL,,26,292,75,31,16,1,6,34,27,65,2,4,3,0,0,3,10,0,0,0,0,0
430906,Donnie Murphy,OAK,AL,,26,340,82,46,20,0,14,36,24,90,4,4,2,0,0,10,24,13,1,0,0,1
430910,Brayan Pena,ATL,NL,,27,332,93,36,20,1,5,35,21,30,2,5,4,0,0,0,0,0,0,0,0,0
430917,Mike Fontenot,CHN,NL,,29,366,98,54,24,2,9,49,39,69,2,4,2,0,0,82,0,1,0,0,0,0
430927,Brian Buscher,MIN,AL,,28,444,120,50,21,1,11,62,36,72,5,3,3,0,6,1,64,0,0,0,0,0
430930,Fred Lewis,SFN,NL,,28,450,120,75,21,8,10,54,50,108,2,17,6,0,0,0,0,0,112,14,2,123
430931,Dan Ortmeier,COL,NL,,28,327,84,44,17,3,10,44,20,69,3,10,4,0,13,0,0,0,13,0,2,15
430945,Adam Jones,BAL,AL,,23,514,142,75,24,5,18,66,30,111,8,13,5,0,0,0,0,0,0,129,0,129
430946,Jose Lopez,SEA,AL,,25,599,170,75,31,3,14,77,25,72,4,5,3,0,13,139,0,0,0,0,0,0
430947,Erick Aybar,LAA,AL,,25,385,102,54,18,4,3,39,18,56,4,10,5,0,0,2,0,96,0,0,0,0
430948,Alberto Callaspo,KCA,AL,,26,303,85,38,14,3,3,27,24,21,2,3,3,0,0,46,1,18,3,0,0,3
430956,Michael Aubrey,CLE,AL,,27,294,74,29,15,0,9,40,16,43,3,0,0,0,12,0,0,0,0,0,0,0
430958,Mike Rabelo,FLO,NL,,29,211,51,19,10,1,4,21,13,49,4,0,1,32,0,0,0,0,0,0,0,0
430965,Chris Snyder,ARI,NL,,28,301,74,36,18,0,12,44,44,77,4,0,0,112,0,0,0,0,0,0,0,0
431094,Aaron Hill,TOR,AL,,27,438,123,55,29,1,7,51,32,64,4,4,2,0,0,55,0,0,0,0,0,0
431143,Edwin Bellorin,COL,NL,,27,299,82,26,18,1,6,45,12,41,2,1,1,2,0,0,0,0,0,0,0,0
431145,Russell Martin,LAN,NL,,26,540,152,85,31,2,15,72,76,82,5,16,7,149,0,0,11,0,0,0,0,0
431151,David Wright,NYN,NL,,26,602,186,111,41,2,33,120,87,112,5,21,4,0,0,0,159,0,0,0,0,0
431157,Joey Gathright,CHN,NL,,28,381,103,59,11,3,0,33,34,62,7,25,8,0,0,0,0,0,3,100,0,103
431158,Jeff Bailey,BOS,AL,,30,458,123,68,27,2,17,65,54,106,9,4,3,0,12,0,0,0,5,0,1,6
431159,Kelly Shoppach,CLE,AL,,29,284,70,45,20,0,14,50,27,102,5,0,0,110,0,0,0,0,0,0,0,0
432928,Luke Scott,BAL,AL,,31,445,117,61,28,3,22,72,55,97,5,2,1,0,0,0,0,0,106,0,0,106
433582,Conor Jackson,ARI,NL,,27,487,144,74,32,3,13,67,58,60,7,4,2,0,68,0,0,0,77,0,0,77
433597,Mark Teahen,KCA,AL,,27,562,153,79,33,6,15,65,58,127,2,9,3,0,14,0,19,0,31,1,92,119
433697,Robinzon Diaz,PIT,NL,,25,333,89,25,14,1,2,26,9,29,1,3,2,1,0,0,0,0,0,0,0,0
433898,Jeff Keppinger,HOU,NL,,29,461,134,54,24,2,5,44,36,26,2,3,2,0,3,3,10,108,0,0,0,0
434158,Curtis Granderson,DET,AL,,28,595,167,111,33,14,23,74,66,139,4,14,3,0,0,0,0,0,0,140,0,140
434338,Joe Dillon,MIL,NL,,33,282,72,45,15,1,8,37,32,42,3,2,2,0,4,6,1,0,2,0,0,2
434525,Brad Nelson,MIL,NL,,26,451,108,56,26,1,14,59,51,89,2,9,6,0,2,0,0,0,0,0,0,0
434563,Carlos Ruiz,PHI,NL,,30,319,81,40,19,1,7,38,36,43,5,2,1,110,0,0,1,0,0,0,0,0
434567,Geovany Soto,CHN,NL,,26,489,144,69,32,2,25,91,56,113,2,0,1,136,0,0,0,0,0,0,0,0
434582,Paul McAnulty,BOS,AL,,28,338,90,37,18,2,10,46,41,78,3,1,1,0,0,0,0,0,35,0,15,48
434605,Wladimir Balentien,SEA,AL,,24,501,120,66,23,1,23,76,44,119,2,10,5,0,0,0,0,0,5,29,35,68
434624,Jayson Nix,CHA,AL,,26,370,92,52,19,1,11,42,27,80,4,12,5,0,0,20,0,0,0,0,0,0
434625,Jeff Salazar,PIT,NL,,28,358,88,50,19,4,7,37,40,73,3,8,4,0,0,0,0,0,27,4,18,47
434626,Ryan Shealy,KCA,AL,,29,358,96,44,18,0,14,53,32,97,6,2,1,0,20,0,0,0,0,0,0,0
434633,John Baker,FLO,NL,,28,323,81,38,18,1,6,38,34,73,3,2,1,59,0,0,0,0,0,0,0,0
434636,Angel Pagan,NYN,NL,,27,237,60,31,12,2,4,19,20,42,0,7,2,0,0,0,0,0,21,2,1,24
434658,Rajai Davis,OAK,AL,,28,310,76,41,13,3,3,29,22,49,3,29,10,0,0,1,0,0,3,88,1,92
434661,Nate McLouth,PIT,NL,,27,449,117,83,32,3,17,58,48,81,9,19,3,0,0,0,0,0,4,149,2,151
434664,Jason Botts,TEX,AL,,28,261,71,40,19,1,12,43,36,87,3,2,1,0,8,0,0,0,4,0,0,4
434670,Hanley Ramirez,FLO,NL,,25,612,188,124,39,4,33,71,81,112,8,38,12,0,0,0,0,150,0,0,0,0
434681,Pete Orr,WAS,NL,,30,254,61,39,10,3,1,15,15,50,2,10,3,0,0,7,8,8,2,0,0,2
434682,Luis Hernandez,KCA,AL,,25,430,101,41,14,2,1,29,19,58,1,5,5,0,0,5,0,30,0,0,0,0
434703,Brian Myrow,CHA,AL,,32,272,70,34,12,1,8,33,37,70,3,0,0,0,2,0,0,0,0,0,0,0
434704,Delwyn Young,LAN,NL,,27,385,96,45,25,1,9,46,26,82,1,2,2,0,0,5,0,0,15,0,11,23
434705,Jason Repko,LAN,NL,,28,323,76,42,14,1,6,33,25,73,10,15,3,0,0,0,0,0,12,2,7,19
434778,Kendry Morales,LAA,AL,,26,406,114,45,23,0,13,59,19,60,3,1,3,0,6,0,0,0,0,0,12,12
434939,Ryan Garko,CLE,AL,,28,468,125,55,24,1,15,68,42,90,17,1,0,0,121,0,0,0,0,0,0,0
435038,Anderson Hernandez,WAS,NL,,26,535,132,64,21,3,5,44,31,82,1,13,6,0,0,16,0,3,0,0,0,0
435038,Anderson Hernandez,WAS,NL,,26,535,131,64,21,3,4,41,30,82,1,13,6,0,0,16,0,3,0,0,0,0
435041,Carlos Quentin,CHA,AL,,26,448,119,81,27,2,24,81,51,81,21,5,2,0,0,0,0,0,130,0,0,130
435042,Brian Anderson,CHA,AL,,27,218,54,30,13,1,8,27,16,52,2,3,2,0,0,0,0,0,3,94,2,98
435062,Howie Kendrick,LAA,AL,,25,441,139,61,30,2,6,57,14,78,5,11,4,0,0,92,0,0,0,0,0,0
435063,Mike Napoli,LAA,AL,,27,328,79,56,16,1,20,63,51,100,6,7,3,75,0,0,0,0,0,0,0,0
435064,Bobby Wilson,LAA,AL,,26,348,88,31,20,0,6,39,25,57,2,2,2,7,0,0,0,0,0,0,0,0
435065,Reggie Willits,LAA,AL,,28,299,80,52,13,1,1,27,45,56,2,15,6,0,0,0,0,0,30,9,22,57
435078,Joaquin Arias,TEX,AL,,24,429,112,52,15,4,5,37,19,58,3,20,4,0,0,30,0,0,0,0,0,0
435079,Ian Kinsler,TEX,AL,,27,498,141,93,32,2,19,68,51,75,6,19,2,0,0,121,0,0,0,0,0,0
435180,Robert Andino,FLO,NL,,25,406,94,39,15,2,8,28,26,90,2,16,8,0,0,15,1,4,0,1,0,1
435181,Jeremy Hermida,FLO,NL,,25,479,130,72,27,2,21,69,55,123,6,6,2,0,0,0,0,0,0,0,132,132
435219,Jack Hannahan,OAK,AL,,29,405,100,47,24,0,9,47,56,110,3,3,2,0,10,0,126,0,0,0,0,0
435220,Ryan Sweeney,OAK,AL,,24,456,124,55,20,2,9,52,47,72,2,8,3,0,0,0,0,0,13,51,75,110
435222,Josh Fields,CHA,AL,3B,26,452,113,61,23,2,20,65,48,141,2,9,4,0,0,0,12,0,0,0,0,0
435238,Gustavo Molina,NYN,NL,,27,278,60,19,10,0,6,26,17,51,3,0,2,2,0,0,0,0,0,0,0,0
435263,Brian McCann,ATL,NL,,25,528,155,65,44,1,24,94,52,71,4,3,0,138,0,0,0,0,0,0,0,0
435338,Tadahito Iguchi,,,,34,332,87,50,16,1,7,34,34,72,2,7,1,0,0,78,0,0,0,0,0,0
435358,Yuniesky Betancourt,SEA,AL,,27,560,157,67,34,3,7,61,17,48,1,7,4,0,0,0,0,153,0,0,0,0
435401,Skip Schumaker,SLN,NL,,29,428,125,58,19,2,6,48,33,49,2,6,2,0,0,0,0,0,56,79,33,151
435402,Luis Maza,LAN,NL,,29,303,76,34,11,2,4,28,20,46,3,2,2,0,0,35,0,16,0,0,0,0
435408,Omir Santos,BAL,AL,,28,270,63,25,11,0,3,30,16,51,4,1,1,9,0,0,0,0,0,0,0,0
435459,George Kottaras,BOS,AL,C,26,465,119,62,33,0,14,62,55,117,2,1,1,2,0,0,0,0,0,0,0,0
435520,Jesus Flores,WAS,NL,,24,313,79,32,17,1,10,55,23,81,5,0,1,82,0,0,0,0,0,0,0,0
435539,Jerry Owens,CHA,AL,,28,471,127,60,14,2,3,33,39,73,2,32,13,0,0,0,0,0,7,4,0,10
435558,Daric Barton,OAK,AL,,23,532,130,72,27,4,12,63,68,88,4,3,2,0,134,0,1,0,0,0,0,0
435559,Kurt Suzuki,OAK,AL,,25,404,100,50,22,0,9,55,42,67,6,1,1,141,0,0,0,0,0,0,0,0
435560,Omar Quintanilla,COL,NL,,27,330,88,46,21,1,3,28,27,59,3,3,1,0,0,40,0,39,0,0,0,0
435623,Kevin Frandsen,SFN,NL,,27,338,91,42,20,1,4,34,21,33,8,6,5,0,0,0,0,0,0,0,0,0
435624,John Bowker,SFN,NL,,25,484,125,54,22,3,17,64,29,95,6,3,4,0,71,0,0,0,5,0,14,19
435625,Nate Schierholtz,SFN,NL,OF,25,469,139,62,28,5,13,63,18,62,6,10,4,0,0,0,0,0,0,0,19,19
435626,Clay Timpner,SFN,NL,,26,451,115,51,15,3,5,40,25,65,2,18,6,0,0,0,0,0,1,0,0,1
440251,Ryan Roberts,TEX,AL,,28,403,98,50,20,1,10,46,45,91,2,7,2,0,0,0,0,0,0,0,0,0
440361,Norris Hopper,CIN,NL,,30,207,60,27,7,1,0,9,13,21,1,7,3,0,0,0,0,0,8,7,4,18
442146,Rico Washington,SLN,NL,,31,285,70,36,17,0,9,37,31,45,4,1,2,0,0,1,4,0,1,0,1,2
443558,Nelson Cruz,TEX,AL,,28,471,133,78,22,1,31,92,50,122,4,14,6,0,0,0,0,0,0,0,31,31
444041,Gil Velazquez,BOS,AL,,29,233,59,33,11,1,3,26,13,46,3,2,1,0,0,2,0,1,0,0,0,0
444135,Ryan Theriot,CHN,NL,,29,488,139,70,21,3,2,47,50,50,2,19,6,0,0,0,0,149,0,0,0,0
444379,John Jaso,TBA,AL,,25,423,106,52,18,1,10,54,43,56,3,1,2,3,0,0,0,0,0,0,0,0
444448,Brian Bixler,PIT,NL,,26,481,119,59,16,3,5,34,34,145,11,21,6,0,0,0,0,39,0,0,0,0
444839,Craig Stansberry,SDN,NL,,27,379,87,48,18,2,8,41,42,93,3,8,5,0,0,4,0,0,0,0,0,0
444843,Andre Ethier,LAN,NL,,27,497,145,73,32,4,17,75,53,87,5,3,3,0,0,0,0,0,41,0,109,140
444875,Matt Murton,COL,NL,OF,27,404,117,55,23,2,10,46,36,49,3,6,2,0,0,0,0,0,17,0,2,19
444876,Alcides Escobar,MIL,NL,SS,22,544,146,71,18,2,6,53,18,74,2,25,11,0,0,0,0,2,0,0,0,0
444882,Josh Whitesell,ARI,NL,,27,381,95,42,20,1,14,48,52,125,4,2,3,0,1,0,0,0,0,0,0,0
445010,Fernando Perez,TBA,AL,,26,523,124,80,15,4,6,30,51,146,3,36,13,0,0,0,0,0,8,15,2,23
445095,Jason Pridie,MIN,AL,,25,555,136,70,18,6,13,50,29,142,2,22,7,0,0,0,0,0,3,0,3,6
445169,Landon Powell,OAK,AL,C,27,326,74,31,10,1,13,46,29,83,1,1,0,,,,,,,,,
445195,Travis Metcalf,TEX,AL,,26,406,89,49,20,1,11,47,28,104,2,3,3,0,0,0,19,1,0,0,0,0
445196,Matt Tolbert,MIN,AL,,27,271,68,34,13,3,3,26,18,42,2,8,3,0,0,11,17,14,0,0,0,0
445584,Matt Tupman,KCA,AL,,29,300,76,30,12,1,2,29,26,42,2,1,1,1,0,0,0,0,0,0,0,0
445599,Scott Moore,BAL,AL,,25,368,87,48,18,1,13,48,29,90,6,4,2,0,0,1,1,0,0,0,0,0
445615,Maximiliano Ramirez,TEX,AL,,24,413,106,51,19,0,18,62,43,108,6,2,2,12,3,0,0,0,0,0,0,0
445928,Drew Macias,SDN,NL,,26,486,112,55,17,2,9,49,45,101,5,16,6,0,0,0,0,0,4,0,3,7
445933,Bryan LaHair,SEA,AL,,26,466,117,49,24,0,12,57,39,116,2,0,0,0,36,0,0,0,0,0,0,0
445988,Martin Prado,ATL,NL,,25,399,120,57,25,3,4,46,32,48,2,5,2,0,17,17,24,2,3,0,0,3
446132,Michael Hollimon,DET,AL,,27,394,93,56,19,4,13,40,40,117,2,9,4,0,0,2,2,6,0,0,0,0
446308,Matt Wieters,BAL,AL,C,23,499,145,70,17,1,23,71,57,87,2,2,2,,,,,,,,,
446334,Evan Longoria,TBA,AL,,23,515,136,78,30,1,28,91,56,122,8,6,0,0,0,0,119,1,0,0,0,0
446382,Brian Barton,SLN,NL,,27,325,85,39,14,2,7,38,29,75,12,13,6,0,0,0,0,0,36,2,10,45
446474,Edwin Maysonet,HOU,NL,,27,385,89,40,18,1,6,37,23,71,3,7,3,0,0,3,0,4,0,0,0,0
446481,Sean Rodriguez,LAA,AL,,24,489,115,69,26,1,18,71,39,118,11,10,5,0,0,51,1,4,0,0,0,0
446868,Wilkin Castillo,CIN,NL,,25,456,116,45,22,1,6,43,18,63,4,9,7,0,0,2,0,0,5,0,0,5
446928,Joe Inglett,TOR,AL,,31,414,117,52,18,5,4,44,31,61,5,8,6,0,0,66,6,2,22,1,12,34
447736,Chris Dickerson,CIN,NL,,27,494,116,70,22,6,18,60,56,171,4,25,7,0,0,0,0,0,28,7,0,28
447761,Brandon Jones,ATL,NL,,25,510,130,65,29,2,17,72,45,108,2,12,6,0,0,0,0,0,29,0,7,34
447849,Brian Horwitz,SFN,NL,,26,386,107,41,16,1,6,39,32,47,3,2,1,0,0,0,0,0,9,0,2,10
448170,Travis Ishikawa,SFN,NL,,25,450,109,53,26,1,19,63,34,95,4,5,3,0,29,0,0,0,0,0,0,0
448242,Tony Gwynn,MIL,NL,,26,382,98,45,12,2,2,32,30,61,2,18,7,0,0,0,0,0,1,7,2,10
448276,Brett Carroll,FLO,NL,,26,347,78,40,16,2,14,44,22,90,5,4,3,0,0,0,0,0,7,0,8,15
448602,Mark Reynolds,ARI,NL,,25,525,135,88,29,3,28,89,59,180,4,7,2,0,1,0,150,0,0,0,0,0
448605,Justin Ruggiano,TBA,AL,,27,432,109,59,23,2,13,55,40,129,5,21,6,0,0,0,0,0,26,5,15,42
448674,Doug Bernier,COL,NL,,29,284,68,35,11,1,4,29,35,68,4,3,2,0,0,2,0,0,0,0,0,0
448676,Ryan Spilborghs,COL,NL,,29,298,88,49,18,2,8,43,35,54,2,7,3,0,0,0,0,0,22,17,22,57
448767,Dusty Ryan,DET,AL,,24,322,73,36,12,1,12,42,28,114,2,1,1,15,0,0,0,0,0,0,0,0
448801,Chris Davis,TEX,AL,,23,555,146,84,33,2,33,103,36,158,3,6,3,0,51,0,32,0,0,0,0,0
449107,Mike Aviles,KCA,AL,,28,610,176,82,36,5,14,73,26,71,2,9,4,0,0,28,7,91,0,0,0,0
449162,Angel Salome,MIL,NL,C,23,382,106,48,23,1,11,51,20,53,2,2,1,0,0,0,0,0,0,0,0,0
449168,Matt Tuiasosopo,SEA,AL,,23,483,118,68,24,2,10,54,40,112,9,4,2,0,0,0,13,0,0,0,0,0
449172,Greg Golson,PHI,NL,,23,522,121,63,20,2,13,56,23,161,2,27,6,0,0,0,0,0,0,2,1,3
449471,Brian Barden,SLN,NL,,28,421,107,45,19,2,7,45,28,75,5,3,3,0,1,1,4,0,0,0,0,0
450192,Luke Carlin,ARI,NL,,28,237,49,22,11,1,2,20,30,70,2,0,1,36,0,0,0,0,0,0,0,0
450204,Ben Francisco,CLE,AL,,27,457,121,60,27,1,14,66,39,88,5,12,5,0,0,0,0,0,83,2,32,104
450260,Kevin Kouzmanoff,SDN,NL,,27,486,131,54,27,3,19,85,29,99,10,1,1,0,0,0,154,0,0,0,0,0
450303,Curtis Thigpen,TOR,AL,,26,339,75,31,20,1,4,32,26,61,3,2,1,9,1,0,0,0,0,0,0,0
450314,Ben Zobrist,TBA,AL,,28,351,86,47,17,2,8,33,46,62,4,9,3,0,0,8,1,35,14,5,2,19
450825,Callix Crabbe,SDN,NL,,26,395,94,48,16,2,5,37,49,63,3,14,10,0,0,5,0,3,1,0,2,3
451143,Mat Gamel,MIL,NL,3B,23,550,143,76,33,3,17,76,42,105,3,8,8,0,0,0,1,0,0,0,0,0
451186,Lastings Milledge,WAS,NL,,24,471,132,67,23,2,18,60,36,89,11,21,7,0,0,0,0,0,0,134,0,134
451188,Andy LaRoche,PIT,NL,,25,427,99,53,18,1,12,50,57,69,4,7,2,0,1,3,59,0,0,0,0,0
451500,Kila Kaaihue,KCA,AL,,24,465,120,58,18,0,21,74,61,84,3,2,2,0,4,0,0,0,0,0,0,0
451594,Dexter Fowler,COL,NL,OF,23,397,109,60,17,3,7,40,38,78,6,18,10,0,0,0,0,0,0,9,1,9
451687,Micah Hoffpauir,CHN,NL,1B,29,315,90,47,25,1,14,55,17,47,2,3,0,0,6,0,0,0,7,0,5,12
451803,Colt Morton,SDN,NL,,27,214,42,20,10,0,5,22,17,74,3,0,0,7,0,0,0,0,0,0,0,0
452080,Chris Carter,BOS,AL,1B,26,545,157,72,33,2,21,86,45,85,3,3,1,0,0,0,0,0,3,0,0,3
452080,Chris Carter,BOS,AL,1B,22,521,114,57,22,1,24,76,45,116,4,3,1,0,0,0,0,0,3,0,0,3
452104,Chase Headley,SDN,NL,,25,538,142,69,33,2,19,66,49,152,8,2,0,0,0,0,7,0,82,0,0,82
452121,Brent Lillibridge,CHA,AL,,25,484,116,72,22,4,12,53,38,121,6,28,9,0,0,0,1,23,0,0,0,0
452150,Ryan Budde,LAA,AL,,29,185,37,16,10,0,3,18,12,46,3,2,1,7,0,0,0,0,0,0,0,0
452202,Jamie D'Antona,ARI,NL,,27,447,128,52,29,1,14,64,31,65,2,1,0,0,2,0,0,0,0,0,0,0
452215,Luke Montz,WAS,NL,,25,396,96,46,18,1,12,54,37,85,1,0,2,8,0,0,0,0,0,0,0,0
452220,Stephen Drew,ARI,NL,,26,572,157,75,35,7,17,80,46,101,1,5,2,0,0,0,0,151,0,0,0,0
452221,Eric Patterson,OAK,AL,,26,455,107,54,20,3,9,48,33,85,2,23,7,0,0,22,0,0,17,1,0,17
452225,Jeff Fiorentino,OAK,AL,,26,372,97,48,13,1,10,49,37,72,1,9,2,0,0,0,0,0,0,2,0,2
452232,Jason Jaramillo,PIT,NL,C,26,408,98,35,18,1,6,33,33,75,4,0,1,,,,,,,,,
452234,Seth Smith,COL,NL,,26,469,139,65,32,3,15,70,44,78,4,8,2,0,0,0,0,0,8,9,14,28
452239,Justin Maxwell,,,,25,333,78,49,15,1,16,44,29,68,3,24,8,,,,,,,,,
452252,Adam Lind,TOR,AL,,25,460,127,60,25,2,16,68,30,97,3,2,1,0,0,0,0,0,71,0,0,71
452254,Hunter Pence,HOU,NL,,26,528,152,71,30,5,24,88,41,110,2,11,7,0,0,0,0,0,0,0,156,156
452655,Denard Span,MIN,AL,,25,529,143,81,21,5,7,54,51,100,3,27,12,0,0,0,0,0,0,19,85,92
452668,Elijah Dukes,WAS,NL,,25,321,82,52,17,2,15,38,56,84,6,11,7,0,0,0,0,0,10,1,69,79
452672,Ryan Hanigan,CIN,NL,,28,308,80,36,12,0,4,31,32,48,6,1,1,30,0,0,0,0,0,0,0,0
452678,Asdrubal Cabrera,CLE,AL,,23,542,144,83,30,1,12,70,55,94,6,2,6,0,0,94,0,20,0,0,0,0
452783,Nick Evans,NYN,NL,,23,427,108,56,22,2,14,44,31,80,2,2,0,0,3,0,0,0,28,0,0,28
452989,Edgar Gonzalez,OAK,AL,,31,311,81,30,14,1,7,32,26,79,3,2,5,0,0,72,4,3,2,0,3,5
453056,Jacoby Ellsbury,BOS,AL,,25,541,155,88,24,6,9,53,43,75,6,45,11,0,0,0,0,0,58,66,36,140
453064,Troy Tulowitzki,COL,NL,,24,508,142,77,31,4,17,74,52,91,5,4,4,0,0,0,0,101,0,0,0,0
453181,Matt LaPorta,CLE,AL,OF,24,407,98,52,20,1,19,67,33,78,11,2,0,,,,,,,,,
453327,Matt Antonelli,SDN,NL,,24,540,127,71,18,2,12,49,57,112,7,16,6,0,0,18,0,0,0,0,0,0
453525,J.R. Towles,HOU,NL,,25,386,88,48,16,1,11,45,31,71,13,7,8,53,0,0,0,0,0,0,0,0
453527,Sean Kazmar,SDN,NL,,24,480,101,48,18,1,6,39,31,96,3,9,2,0,0,2,0,15,0,0,0,0
453531,Rob Johnson,SEA,AL,,25,455,121,50,23,0,6,47,32,68,2,6,5,10,0,0,0,0,0,0,0,0
453895,Brendan Ryan,SLN,NL,,27,336,86,49,14,1,4,32,21,46,2,12,3,0,0,23,5,40,1,0,3,3
453923,Gregor Blanco,ATL,NL,,25,466,120,64,16,4,3,43,64,94,4,16,9,0,0,0,0,0,77,69,5,137
453941,Mike Cervenak,PHI,NL,,32,393,109,50,18,1,11,56,14,61,5,2,1,0,0,0,2,0,0,0,0,0
453974,Lou Marson,PHI,NL,,23,389,101,50,17,0,6,38,44,82,2,2,2,1,0,0,0,0,0,0,0,0
454533,T.J. Bohn,PHI,NL,,29,340,83,43,17,1,7,35,26,83,3,9,3,0,0,0,0,0,12,0,0,12
454560,A.J. Ellis,LAN,NL,,28,314,78,37,14,2,6,34,34,46,5,0,3,3,0,0,0,0,0,0,0,0
454975,Hernan Iribarren,MIL,NL,,25,449,114,51,19,2,2,39,28,78,1,16,10,0,0,2,0,0,0,1,0,1
454994,Brandon Fahey,TOR,AL,,28,356,83,42,12,3,3,35,28,62,3,7,5,0,0,10,0,46,0,0,0,0
455088,Blake Dewitt,LAN,NL,,23,521,133,57,24,2,16,67,43,75,2,4,1,0,0,27,95,0,0,0,0,0
455104,Chris Iannetta,COL,NL,,26,339,91,49,21,3,15,57,49,80,9,1,1,100,0,0,1,0,0,0,0,0
455167,Shelley Duncan,NYA,AL,,29,339,82,44,17,0,20,58,36,87,3,4,1,0,16,0,0,0,0,0,4,4
455369,Ramiro Pena,NYA,AL,SS,23,308,69,31,9,0,1,18,17,44,2,11,5,,,,,,,,,
455687,Jai Miller,FLO,NL,,24,459,104,47,20,1,15,44,42,139,4,19,4,0,0,0,0,0,0,1,0,1
455725,Steve Holm,SFN,NL,,29,181,43,18,8,0,5,21,17,35,3,1,0,42,0,0,0,0,0,0,0,0
455755,Chris Stewart,NYA,AL,,27,250,63,28,13,0,4,24,17,36,2,1,1,1,0,0,0,0,0,0,0,0
455759,Chris Young,ARI,NL,,25,603,153,93,39,5,30,100,57,138,3,20,5,0,0,0,0,0,0,159,0,159
455976,Nick Markakis,BAL,AL,,25,622,183,104,47,2,25,103,87,114,3,13,7,0,0,0,0,0,0,0,156,156
455986,Mark Saccomanno,HOU,NL,,29,454,110,49,22,2,19,65,25,94,2,2,2,0,2,0,0,0,0,0,0,0
456030,Dustin Pedroia,BOS,AL,,25,584,179,101,45,2,15,90,51,47,7,12,1,0,0,157,0,0,0,0,0,0
456121,Chris Denorfia,OAK,AL,,28,334,95,44,16,0,5,36,26,55,1,8,4,0,0,0,0,0,13,12,2,24
456422,Michael Bourn,HOU,NL,,26,342,81,50,7,4,3,29,31,77,2,29,7,0,0,0,0,0,0,130,0,130
456655,Ian Stewart,COL,NL,,24,551,155,86,34,5,26,95,58,144,7,9,2,0,0,12,65,0,0,0,0,0
456665,Steven Pearce,PIT,NL,,26,474,116,53,30,1,15,67,32,89,7,11,3,0,0,0,0,0,1,0,29,29
456714,Billy Butler,KCA,AL,,23,584,166,68,33,1,17,83,53,78,2,2,1,0,34,0,0,0,0,0,0,0
456762,Matthew Brown,LAA,AL,,26,482,116,52,30,2,12,61,31,116,4,6,5,0,0,1,10,0,0,0,0,0
457130,Vinny Rottino,MIL,NL,,29,410,103,46,19,1,7,44,29,65,5,8,5,0,0,0,0,0,0,0,0,0
457420,Brandon Wood,LAA,AL,,24,532,122,62,22,1,21,77,38,148,3,9,3,0,0,0,32,28,0,0,0,0
457454,Jarrod Saltalamacchia,TEX,AL,,24,376,95,53,20,1,15,51,42,111,2,1,2,54,0,0,0,0,0,0,0,0
457493,Shawn Riggans,TBA,AL,,28,217,52,20,11,0,6,26,13,48,3,0,1,41,0,0,0,0,1,0,0,1
457508,Jon Van Every,BOS,AL,,29,372,89,55,19,2,17,51,40,145,4,5,3,0,0,0,0,0,1,1,8,9
457708,Justin Upton,ARI,NL,,21,490,130,71,27,5,19,74,60,128,5,11,8,0,0,0,0,0,0,0,101,101
457727,Cameron Maybin,FLO,NL,OF,22,414,105,62,14,2,14,44,39,118,2,27,6,0,0,0,0,0,0,8,0,8
457788,Jordan Schafer,ATL,NL,OF,22,455,111,55,26,2,16,64,35,97,2,14,12,,,,,,,,,
457803,Jay Bruce,CIN,NL,,22,613,169,94,32,4,37,98,48,163,3,10,8,0,0,0,0,0,11,35,78,105
457821,Wes Bankston,OAK,AL,,25,415,108,51,20,1,17,64,23,88,4,2,2,0,13,0,0,0,0,0,0,0
457850,Kory Casto,WAS,NL,,27,388,93,43,19,1,10,50,42,87,2,2,2,0,23,0,13,0,8,0,1,9
457926,Paul Janish,CIN,NL,,26,447,102,50,21,1,10,46,35,89,7,5,2,0,0,0,0,36,0,0,0,0
458015,Joey Votto,CIN,NL,,25,567,159,71,34,2,27,92,63,124,2,12,7,0,144,0,0,0,0,0,0,0
458036,Nick Stavinoha,SLN,NL,,27,421,116,43,16,1,9,49,18,62,2,3,1,0,0,0,0,0,13,0,5,18
458061,German Duran,TEX,AL,,24,392,98,53,19,2,11,47,22,69,3,5,2,0,0,17,30,2,6,0,2,7
458210,Alexi Casilla,MIN,AL,,24,502,134,73,19,0,6,46,44,75,3,19,8,0,0,95,0,2,0,0,0,0
458239,Travis Denker,SDN,NL,,23,477,108,46,22,1,10,50,45,82,4,5,2,0,0,13,1,0,0,0,0,0
458501,Luis Cruz,PIT,NL,,25,501,116,49,27,1,8,45,19,54,4,7,4,0,0,2,0,20,0,0,0,0
458582,Reid Brignac,TBA,AL,,23,448,99,53,22,1,11,48,29,100,2,10,3,0,0,0,0,4,0,0,0,0
458628,Joe Mather,SLN,NL,,26,428,104,53,22,1,18,63,34,79,7,7,1,0,4,0,1,0,25,15,15,44
458643,Jose Morales,,,,26,242,64,21,11,0,3,19,12,40,2,1,2,,,,,,,,,
458675,Colby Rasmus,SLN,NL,OF,22,439,104,60,21,0,17,61,45,85,5,15,3,,,,,,,,,
458731,Brett Gardner,NYA,AL,,25,446,111,74,14,6,2,30,53,101,2,41,8,0,0,0,0,0,17,22,0,38
459334,Brent Clevlen,DET,AL,,25,466,109,56,15,3,17,57,44,171,3,6,3,0,0,0,0,0,10,3,1,11
459423,Joe Koshansky,TEX,AL,1B,27,545,150,74,33,2,29,109,53,157,4,3,2,0,11,0,0,0,0,0,0,0
459425,Matt Macri,MIN,AL,,27,311,76,31,16,1,9,34,19,81,3,3,3,0,2,2,11,0,0,0,0,0
459714,Buck Coats,TOR,AL,,27,449,109,53,21,1,7,46,30,92,2,13,3,0,0,0,0,0,7,0,0,7
459941,Travis Buck,OAK,AL,,24,318,80,40,18,3,8,39,36,71,5,4,1,0,0,0,0,0,12,0,34,37
459943,Jeff Clement,SEA,AL,,25,443,112,58,26,1,19,68,45,96,7,0,1,38,0,0,0,0,0,0,0,0
459964,Matthew Joyce,TBA,AL,,24,460,113,61,25,3,20,61,45,117,3,3,4,0,0,0,0,0,60,0,25,84
459991,Gaby Sanchez,FLO,NL,1B,25,511,130,63,29,0,16,70,45,79,4,10,8,0,3,0,0,0,0,0,0,0
460003,Taylor Teagarden,TEX,AL,,25,345,79,48,15,1,17,47,40,117,3,1,1,12,0,0,0,0,0,0,0,0
460004,Clete Thomas,DET,AL,,25,482,119,59,23,3,9,45,43,127,3,25,10,0,0,0,0,0,25,16,3,40
460026,Nick Hundley,SDN,NL,,25,399,93,47,17,1,16,61,25,89,2,0,1,59,0,0,0,0,0,0,0,0
460051,Chris Getz,CHA,AL,,25,393,108,50,15,2,8,38,34,46,2,10,5,0,0,7,0,0,0,0,0,0
460060,Cliff Pennington,OAK,AL,,25,556,126,73,21,2,4,46,65,82,2,23,5,0,0,16,9,10,0,0,0,0
460067,Trevor Crowe,CLE,AL,OF,25,454,110,69,24,2,8,53,40,79,3,24,7,,,,,,,,,
460075,Ryan Braun,MIL,NL,,25,598,183,107,39,7,45,136,45,123,6,16,6,0,0,0,0,0,149,0,0,149
460086,Alex Gordon,KCA,AL,,25,525,136,72,36,3,18,64,59,124,10,11,3,0,0,0,133,0,0,0,0,0
460261,Clint Sammons,ATL,NL,,26,344,75,27,15,0,5,33,23,67,3,4,2,22,0,0,0,0,0,0,0,0
460267,Brandon Boggs,TEX,AL,,26,382,83,46,21,3,11,44,48,109,2,9,4,0,0,0,0,0,76,5,3,79
460576,Carlos Gomez,MIN,AL,,23,461,119,63,19,4,8,48,25,114,6,31,8,0,0,0,0,0,0,151,0,151
460579,Nyjer Morgan,PIT,NL,,28,390,102,58,16,3,0,22,23,68,8,36,11,0,0,0,0,0,23,17,6,45
461235,Brandon Moss,PIT,NL,,25,471,118,49,30,3,12,57,42,124,2,5,3,0,2,0,0,0,36,0,32,65
461314,Matt Kemp,LAN,NL,,24,555,164,87,34,5,19,83,40,124,1,28,9,0,0,0,0,0,0,101,63,151
461416,Will Venable,SDN,NL,,26,487,124,59,19,2,11,57,33,107,5,18,2,0,0,0,0,0,0,27,0,27
461811,Josh Anderson,DET,AL,,26,573,153,73,22,3,4,54,30,78,7,37,10,0,0,0,0,0,6,30,1,35
461815,David Murphy,TEX,AL,,27,434,114,57,29,3,11,59,36,74,1,7,2,0,0,0,0,0,54,13,56,106
461834,Tug Hulett,KCA,AL,,26,477,123,71,26,3,10,48,50,95,3,14,6,0,0,4,1,4,0,0,0,0
461866,Freddy Sandoval,LAA,AL,,26,487,130,59,28,1,8,56,40,83,3,13,7,0,1,0,1,0,0,0,0,0
462101,Elvis Andrus,TEX,AL,SS,20,505,122,74,20,2,4,54,37,91,5,42,18,,,,,,,,,
462405,Brooks Conrad,OAK,AL,,29,483,99,62,26,3,16,61,40,112,3,7,2,0,0,2,4,0,0,0,0,0
462413,Andy Gonzalez,FLO,NL,,27,318,71,33,12,0,6,34,40,85,3,4,4,0,7,0,2,0,0,0,0,0
462564,Dan Uggla,FLO,NL,,29,572,150,103,38,2,29,87,67,152,10,4,4,0,0,144,0,0,0,0,0,0
462855,Eider Torres,BAL,AL,,26,475,126,61,16,2,4,42,28,70,1,25,11,0,0,1,0,5,0,0,0,0
462950,Danny Richar,CIN,NL,2B,26,508,131,70,25,4,16,63,38,97,2,11,5,0,0,10,0,1,0,0,0,0
463610,Gregorio Petit,OAK,AL,,24,411,107,40,17,1,4,37,25,70,2,5,5,0,0,4,0,8,0,0,0,0
464299,Eugenio Velez,SFN,NL,,27,448,119,57,23,8,5,45,24,73,3,39,16,0,0,69,0,0,8,2,7,17
464341,Chin-lung Hu,LAN,NL,,25,427,109,56,19,3,8,47,21,52,0,8,2,0,0,30,0,35,0,0,0,0
464900,Alex Romero,ARI,NL,,25,431,119,50,23,3,6,47,21,43,2,12,6,0,0,0,0,0,13,2,38,52
465041,Francisco Cervelli,NYA,AL,,23,161,38,14,8,0,1,13,13,32,6,1,1,3,0,0,0,0,0,0,0,0
465668,Rogearvin Bernadina,WAS,NL,,25,466,122,65,21,2,9,42,37,93,2,43,12,0,0,0,0,0,6,14,0,20
465705,Brad Harman,PHI,NL,,23,470,104,48,17,1,16,64,30,132,2,4,1,0,0,3,1,0,0,0,0,0
465784,Everth Cabrera,SDN,NL,2B,22,390,80,34,10,1,3,20,24,104,5,42,13,,,,,,,,,
466320,Melky Cabrera,NYA,AL,,24,509,135,58,20,5,10,58,40,69,4,12,4,0,0,0,0,0,8,117,5,128
466988,Emilio Bonifacio,FLO,NL,,24,606,162,83,23,7,2,44,39,120,0,32,13,0,0,37,0,0,1,0,2,3
467055,Pablo Sandoval,SFN,NL,,22,517,147,72,33,2,17,71,21,55,2,2,2,11,17,0,12,0,0,0,0,0
469040,Argenis Reyes,NYN,NL,,26,495,128,59,17,2,4,34,28,66,3,21,6,0,0,27,0,0,0,0,0,0
471083,Miguel Montero,ARI,NL,,25,261,66,34,16,1,9,37,26,52,2,0,0,53,0,0,0,0,0,0,0,0
471107,Elliot Johnson,TBA,AL,,25,472,103,46,20,3,9,40,34,131,3,16,7,0,0,1,0,2,0,1,1,2
471865,Carlos Gonzalez,COL,NL,,23,468,115,56,33,1,11,58,25,103,3,7,4,0,0,0,0,0,0,69,36,81
471868,Alberto Gonzalez,WAS,NL,,26,227,59,29,12,1,2,14,16,27,2,1,1,0,0,4,14,26,0,0,0,0
472528,Luis Valbuena,CLE,AL,,23,482,123,61,20,1,10,54,40,82,1,17,6,0,0,16,0,1,0,0,0,0
475582,Ryan Zimmerman,WAS,NL,,24,553,155,82,33,3,24,76,51,99,3,2,0,0,0,0,104,0,0,0,0,0
476704,Jed Lowrie,BOS,AL,,25,443,114,58,34,3,7,61,55,91,2,3,2,0,0,3,45,49,0,0,0,0
488676,Jeff Baisley,OAK,AL,,26,389,93,41,21,0,9,44,28,66,4,2,1,0,4,0,10,0,0,0,0,0
488811,Aaron Cunningham,OAK,AL,,23,532,132,72,26,3,17,69,42,110,5,18,9,0,0,0,0,0,18,0,2,20
488862,Yunel Escobar,ATL,NL,,26,484,137,65,26,2,8,57,51,71,5,5,6,0,0,0,0,127,0,0,0,0
489262,Ryan Rohlinger,SFN,NL,,25,520,119,62,24,1,14,58,35,74,6,5,4,0,0,1,14,0,0,0,0,0
489267,Adam Rosales,CIN,NL,,26,442,108,60,24,3,15,53,28,96,9,7,3,0,0,2,4,0,0,0,0,0
492706,Kenji Johjima,SEA,AL,,33,362,91,31,19,0,7,40,15,32,9,0,1,100,0,0,0,0,0,0,0,0
493120,Kosuke Fukudome,CHN,NL,,32,423,114,62,24,2,9,53,59,89,1,7,3,0,0,0,0,0,0,12,137,143
493127,Akinori Iwamura,TBA,AL,,30,557,149,84,25,8,6,39,67,122,3,9,6,0,0,152,0,0,0,0,0,0
493351,Alexei Ramirez,CHA,AL,,27,455,134,59,23,2,20,71,14,59,3,11,8,0,0,121,1,16,0,11,0,11
501814,Brian Bocock,SFN,NL,,24,369,72,34,13,0,2,25,30,84,1,24,13,0,0,0,0,29,0,0,0,0
501896,David Freese,SLN,NL,3B,26,528,140,73,28,2,18,75,39,99,5,5,2,,,,,,,,,
501983,Travis Snider,TOR,AL,,21,526,132,66,27,0,19,74,39,151,3,2,6,0,0,0,0,0,13,0,7,20
502034,Emmanuel Burriss,SFN,NL,,24,425,108,58,12,1,1,31,29,46,5,39,13,0,0,41,0,47,0,0,1,1
502517,Daniel Murphy,NYN,NL,,24,517,141,66,28,2,15,75,40,68,2,11,6,0,0,0,0,0,32,0,0,32
506673,Juan Miranda,NYA,AL,,26,430,110,43,24,1,16,63,42,98,4,2,1,0,5,0,0,0,0,0,0,0
,Aaron Bates,BOS,AL,1B,25,462,113,48,25,1,12,56,38,113,11,2,2,,,,,,,,,
,Adam Heether,MIL,NL,3B,27,445,104,52,24,1,8,48,44,86,5,5,3,,,,,,,,,
,Adam Moore,SEA,AL,C,25,465,124,46,24,1,14,61,31,95,8,0,1,,,,,,,,,
,Adam Pavkovich,LAA,AL,OF,27,365,84,39,18,1,8,42,25,83,3,5,4,,,,,,,,,
,Alejandro de Aza,,,,25,224,54,29,11,2,2,12,17,51,2,9,5,,,,,,,,,
,Alejandro Machado,MIN,AL,2B,27,268,69,33,12,2,2,24,22,38,2,11,4,,,,,,,,,
,Alex Escobar,,,,30,170,41,19,9,0,4,20,12,33,1,2,2,,,,,,,,,
,Alexis Gomez,,,,30,196,52,22,11,1,5,22,12,44,1,5,2,,,,,,,,,
,Allen Craig,SLN,NL,3B,24,535,143,68,28,0,22,81,33,80,6,4,2,,,,,,,,,
,Andres Blanco,,,,25,296,76,23,6,1,2,25,11,31,2,7,2,,,,,,,,,
,Andrew Beattie,,,2B,31,350,82,38,14,1,8,39,34,88,1,7,3,,,,,,,,,
,Andrew McCutchen,PIT,NL,OF,22,556,145,67,25,2,9,43,60,100,5,35,17,,,,,,,,,
,Andy Machado,PIT,NL,3B,28,319,67,33,14,1,5,23,37,77,1,6,2,,,,,,,,,
,Angel Chavez,BOS,AL,3B,27,457,116,50,23,0,10,51,21,75,3,5,3,,,,,,,,,
,Angel Sanchez,,,,25,496,126,70,23,2,3,43,30,72,3,5,6,,,,,,,,,
,Angel Villalona,SFN,NL,1B,18,476,107,46,22,0,17,58,13,97,11,1,2,,,,,,,,,
,Anthony Webster,,,OF,26,378,97,46,19,3,7,32,17,44,3,14,8,,,,,,,,,
,Argenis Diaz,BOS,AL,SS,22,403,91,38,16,2,2,32,20,98,2,3,6,,,,,,,,,
,Austin Gallagher,LAN,NL,3B,20,352,79,30,24,0,8,39,23,73,1,1,6,,,,,,,,,
,Austin Jackson,NYA,AL,OF,22,547,133,68,24,2,13,56,38,129,2,19,8,,,,,,,,,
,Barbaro Canizares,ATL,NL,1B,29,325,89,33,16,0,9,42,23,46,2,1,0,,,,,,,,,
,Barry Bonds,,,,44,157,40,30,6,0,10,24,55,26,2,2,1,,,,,,,,,
,Beau Mills,CLE,AL,1B,22,495,129,54,24,1,15,69,34,94,6,2,3,,,,,,,,,
,Ben Copeland,OAK,AL,OF,25,461,110,58,21,2,7,43,39,67,2,22,7,,,,,,,,,
,Ben Johnson,,,,28,544,141,68,26,2,18,75,32,112,3,10,9,,,,,,,,,
,Ben Revere,MIN,AL,OF,21,354,96,34,10,1,1,24,16,43,3,35,14,,,,,,,,,
,Billy Rowell,BAL,AL,3B,20,412,92,35,17,0,9,45,22,108,1,2,4,,,,,,,,,
,Bobby Scales,CHN,NL,2B,31,398,106,54,20,2,9,50,39,95,4,6,4,,,,,,,,,
,Brad Corley,PIT,NL,OF,25,555,131,58,25,1,13,60,15,127,9,5,6,,,,,,,,,
,Brad Eldred,,,,28,331,75,37,15,1,19,53,19,109,6,4,2,,,,,,,,,
,Brad Snyder,CHN,NL,OF,27,397,95,48,22,3,14,56,31,129,3,9,2,,,,,,,,,
,Bradley Coon,LAA,AL,OF,26,411,106,54,11,1,3,38,33,64,5,27,15,,,,,,,,,
,Brandon Allen,CHA,AL,1B,23,542,132,70,25,2,33,82,35,152,4,12,5,,,,,,,,,
,Brandon Hicks,ATL,NL,SS,23,328,67,42,16,1,12,44,29,88,4,9,5,,,,,,,,,
,Brandon Katin,,,,26,387,90,43,19,1,15,54,20,111,7,4,3,,,,,,,,,
,Brandon Snyder,BAL,AL,1B,22,490,121,52,18,0,12,52,22,90,3,1,1,,,,,,,,,
,Brandon Waring,BAL,AL,3B,23,464,110,46,20,0,16,55,31,121,8,1,0,,,,,,,,,
,Brett Dowdy,SDN,NL,SS,27,401,98,51,14,2,7,30,26,84,4,11,4,,,,,,,,,
,Brett Harper,TOR,AL,1B,27,338,92,36,20,0,12,47,15,64,2,1,0,,,,,,,,,
,Brett Hayes,FLO,NL,C,25,340,82,32,12,1,8,34,17,70,2,2,6,,,,,,,,,
,Brett Wallace,SLN,NL,3B,22,502,138,71,27,0,16,69,29,84,16,2,1,,,,,,,,,
,Brian Dopirak,TOR,AL,1B,25,440,111,49,22,0,18,68,25,109,3,1,1,,,,,,,,,
,Brian Jeroloman,TOR,AL,C,24,336,76,27,14,0,5,31,46,64,2,0,0,,,,,,,,,
,Brock Peterson,MIN,AL,1B,25,478,115,55,22,2,16,61,34,134,6,2,2,,,,,,,,,
,Bronson Sardinha,,,,26,469,114,54,19,3,13,57,43,108,2,6,3,,,,,,,,,
,Bryan Anderson,SLN,NL,C,22,379,105,37,14,1,5,40,27,65,1,1,0,,,,,,,,,
,Bubba Bell,BOS,AL,OF,26,374,99,50,20,2,11,49,31,61,2,6,4,,,,,,,,,
,Cale Iorg,DET,AL,SS,23,409,80,44,11,2,10,35,22,148,7,16,13,,,,,,,,,
,Carl Loadenthal,ATL,NL,OF,27,367,91,44,11,1,2,31,30,67,3,21,10,,,,,,,,,
,Carlos Corporan,MIL,NL,C,25,263,60,24,15,0,7,32,11,47,5,2,2,,,,,,,,,
,Carlos Santana,CLE,AL,C,23,432,103,66,23,0,13,59,44,68,2,5,5,,,,,,,,,
,Carlos Triunfel,SEA,AL,SS,19,427,106,45,15,1,4,37,20,55,3,19,13,,,,,,,,,
,Casey Rogowski,,,1B,28,435,103,49,22,1,10,49,42,91,3,13,4,,,,,,,,,
,Casper Wells,DET,AL,OF,24,400,92,51,16,2,18,52,27,109,9,13,9,,,,,,,,,
,Cedric Hunter,SDN,NL,OF,21,523,129,51,17,1,8,57,25,74,2,11,6,,,,,,,,,
,Chad Huffman,SDN,NL,OF,24,516,123,63,20,1,14,65,45,114,7,1,0,,,,,,,,,
,Chase Lambin,,,2B,29,394,95,45,18,2,11,42,35,103,4,3,3,,,,,,,,,
,Chip Cannon,TOR,AL,1B,27,363,81,36,17,0,12,46,34,127,4,1,0,,,,,,,,,
,Chris Barnwell,,,,30,392,92,40,16,1,4,28,30,66,7,12,4,,,,,,,,,
,Chris Coghlan,FLO,NL,2B,24,487,122,62,23,1,10,62,42,69,5,29,8,,,,,,,,,
,Chris Frey,COL,NL,OF,25,474,133,52,24,4,3,38,26,55,3,12,6,,,,,,,,,
,Chris Gimenez,CLE,AL,C,26,376,89,49,18,0,12,50,38,88,8,1,3,,,,,,,,,
,Chris Heisey,CIN,NL,OF,24,579,142,73,28,2,14,59,38,101,7,24,4,,,,,,,,,
,Chris Kroski,CIN,NL,C,27,115,24,9,5,0,3,10,6,27,2,0,0,,,,,,,,,
,Chris Lubanski,KCA,AL,OF,24,442,101,46,19,3,13,48,32,134,0,6,4,,,,,,,,,
,Chris Marrero,WAS,NL,1B,20,410,93,42,15,1,16,44,24,71,3,0,2,,,,,,,,,
,Chris Nelson,,,,23,398,96,45,22,1,10,56,28,79,3,9,4,,,,,,,,,
,Chris Nowak,TBA,AL,3B,26,498,129,66,26,2,13,64,43,91,7,9,5,,,,,,,,,
,Chris Parmelee,MIN,AL,1B,21,348,70,33,12,1,13,45,30,129,3,4,3,,,,,,,,,
,Chris Richard,TBA,AL,1B,35,323,79,43,15,1,12,43,33,85,8,4,1,,,,,,,,,
,Chris Roberson,,,,29,395,101,52,13,1,5,43,26,61,2,18,9,,,,,,,,,
,Chris Valaika,CIN,NL,SS,23,594,153,65,25,1,21,82,24,127,5,6,7,,,,,,,,,
,Chris Woodward,,,,33,220,51,21,11,1,2,19,16,40,1,2,1,,,,,,,,,
,Christian Colonel,COL,NL,OF,27,471,138,60,32,1,12,60,30,67,2,5,4,,,,,,,,,
,Christopher Johnson,HOU,NL,3B,24,491,121,49,22,1,15,60,20,87,2,4,2,,,,,,,,,
,Christopher Petit,,,,24,374,93,44,19,1,12,51,24,62,7,13,5,,,,,,,,,
,Cody Haerther,SLN,NL,OF,25,288,70,26,17,0,3,28,22,53,2,1,2,,,,,,,,,
,Cody Johnson,ATL,NL,OF,20,470,99,36,20,0,24,72,29,142,0,6,4,,,,,,,,,
,Cole Armstrong,CHA,AL,C,25,314,76,28,17,0,10,38,13,65,2,1,1,,,,,,,,,
,Cole Gillespie,,,,25,472,109,58,26,2,13,58,47,89,4,14,5,,,,,,,,,
,Colin Curtis,NYA,AL,OF,24,538,128,65,18,1,12,58,38,105,3,7,4,,,,,,,,,
,Collin DeLome,HOU,NL,OF,23,405,87,46,15,2,16,52,21,91,7,11,3,,,,,,,,,
,Corey Brown,OAK,AL,OF,23,402,87,36,18,0,17,55,31,103,2,9,2,,,,,,,,,
,Corey Smith,KCA,AL,3B,27,535,129,47,27,1,18,65,39,129,5,8,4,,,,,,,,,
,Craig Tatum,CIN,NL,C,26,365,82,32,18,0,10,47,20,87,2,1,2,,,,,,,,,
,Craig Wilson,,,,32,258,58,32,10,1,10,34,25,90,11,2,1,,,,,,,,,
,Cyle Hankerd,ARI,NL,OF,24,428,108,36,20,1,8,45,21,59,9,3,4,,,,,,,,,
,Damon Sublett,NYA,AL,2B,23,184,42,19,6,0,4,17,16,48,2,4,2,,,,,,,,,
,D'Angelo Jimenez,,,,31,237,61,29,12,1,6,29,30,28,1,3,1,,,,,,,,,
,Daniel Dorn,CIN,NL,OF,24,410,102,56,20,1,23,70,31,98,7,3,1,,,,,,,,,
,Daniel Valencia,MIN,AL,1B,24,514,130,58,24,1,15,59,30,134,0,4,4,,,,,,,,,
,Danny Putnam,,,,26,329,76,36,16,1,8,38,30,70,4,2,2,,,,,,,,,
,Danny Sandoval,,,,30,390,91,33,14,0,4,33,16,54,2,4,3,,,,,,,,,
,Daryl Jones,SLN,NL,OF,22,447,105,56,15,2,11,51,34,85,8,19,11,,,,,,,,,
,David Winfree,MIN,AL,OF,23,491,118,52,22,2,16,64,28,122,3,2,3,,,,,,,,,
,Dee Brown,,,,31,359,86,40,18,1,8,41,25,71,6,5,2,,,,,,,,,
,Deibinson Romero,MIN,AL,3B,22,140,28,13,4,0,2,10,4,47,2,1,2,,,,,,,,,
,Derrick Arnold,ATL,NL,2B,25,317,65,24,11,1,2,24,11,61,1,10,4,,,,,,,,,
,Derrick Robinson,KCA,AL,OF,21,521,112,53,15,2,1,26,28,115,1,42,16,,,,,,,,,
,Devin Mesoraco,CIN,NL,C,21,324,71,21,9,0,9,36,13,86,2,2,4,,,,,,,,,
,Diory Hernandez,ATL,NL,2B,25,529,140,51,24,2,9,59,22,74,6,13,14,,,,,,,,,
,Dominic Brown,PHI,NL,OF,21,409,99,50,13,0,9,40,31,71,2,23,7,,,,,,,,,
,Don Kelly,,,,29,385,99,47,17,2,4,39,28,42,3,6,3,,,,,,,,,
,Donny Lucy,,,,26,209,48,22,8,0,4,16,13,50,3,5,1,,,,,,,,,
,Drew Anderson,,,,26,581,139,71,30,6,15,69,33,137,3,8,5,,,,,,,,,
,Drew Stubbs,CIN,NL,OF,24,549,125,67,26,2,13,49,48,151,3,24,13,,,,,,,,,
,Dustin Martin,MIN,AL,OF,25,453,108,46,20,3,8,48,33,128,4,15,8,,,,,,,,,
,Dusty Brown,BOS,AL,C,26,304,77,34,17,1,8,42,27,75,3,1,1,,,,,,,,,
,Ed Rogers,,,SS,30,373,95,35,15,0,5,25,15,57,4,11,7,,,,,,,,,
,Eduardo Nunez,NYA,AL,SS,22,434,99,42,14,0,5,36,16,70,2,15,11,,,,,,,,,
,Eli Iorg,HOU,NL,OF,26,344,78,37,14,2,10,39,15,79,2,15,6,,,,,,,,,
,Enrique Cruz,,,,27,300,62,21,14,0,4,27,18,65,2,4,3,,,,,,,,,
,Eric Duncan,NYA,AL,1B,24,448,102,43,21,0,12,56,33,117,2,5,4,,,,,,,,,
,Eric Munson,,,,31,192,46,24,11,0,6,28,18,34,2,1,1,,,,,,,,,
,Eric Young Jr.,,,,24,464,124,69,22,2,8,38,37,82,6,44,17,,,,,,,,,
,Fernando Martinez,NYN,NL,OF,20,327,81,37,15,2,7,30,19,61,2,7,2,,,,,,,,,
,Freddy Guzman,SEA,AL,OF,28,533,137,87,17,5,5,40,45,70,3,51,12,,,,,,,,,
,Garrett Jones,,,,28,480,122,55,28,2,17,64,35,97,2,4,2,,,,,,,,,
,Gerardo Parra,ARI,NL,OF,22,507,130,51,21,2,8,52,30,66,5,26,13,,,,,,,,,
,Gorkys Hernandez,ATL,NL,OF,21,454,107,62,19,2,7,45,30,74,4,27,9,,,,,,,,,
,Greg Halman,SEA,AL,OF,21,480,108,55,19,1,19,64,20,138,6,30,12,,,,,,,,,
,Guillermo Rodriguez,,,,31,165,40,18,7,0,4,18,14,27,2,1,1,,,,,,,,,
,Hainley Statia,LAA,AL,SS,23,419,93,42,17,1,3,35,22,48,1,16,7,,,,,,,,,
,Hank Conger,LAA,AL,,21,375,96,36,20,0,13,54,15,62,2,5,4,,,,,,,,,
,Hector Gomez,COL,NL,SS,21,169,41,19,8,1,3,14,6,35,1,4,4,,,,,,,,,
,Ian Desmond,WAS,NL,SS,23,425,96,45,19,0,11,36,31,81,3,18,11,,,,,,,,,
,Ivan DeJesus,LAN,NL,SS,22,511,130,70,19,1,7,50,46,75,3,16,3,,,,,,,,,
,J.P. Arencibia,TOR,AL,C,23,396,98,40,21,0,15,56,12,83,2,0,0,,,,,,,,,
,Jacob Butler,TOR,AL,1B,26,470,106,47,22,1,17,65,42,140,3,2,2,,,,,,,,,
,Jaime Pedroza,LAN,NL,3B,22,502,114,61,23,2,11,54,25,24,6,14,6,,,,,,,,,
,Jake Fox,CHN,NL,1B,26,479,117,58,28,0,21,74,25,103,9,5,2,,,,,,,,,
,James Skelton,ARI,NL,C,23,365,91,46,13,0,7,33,48,80,1,13,7,,,,,,,,,
,Jamie Hoffmann,LAN,NL,OF,24,489,120,54,18,1,13,56,34,69,2,25,8,,,,,,,,,
,Jarrett Hoffpauir,SLN,NL,2B,26,405,105,40,22,1,6,43,38,41,3,4,4,,,,,,,,,
,Jason Cooper,NYN,NL,OF,28,332,75,40,17,2,9,43,36,85,4,4,2,,,,,,,,,
,Jason Delaney,PIT,NL,1B,26,489,122,50,24,2,9,53,49,104,3,4,2,,,,,,,,,
,Jason Donald,PHI,NL,SS,24,478,122,60,20,2,14,55,39,109,4,9,4,,,,,,,,,
,Jason DuBois,CHN,NL,1B,30,355,90,42,19,0,18,60,28,97,5,2,1,,,,,,,,,
,Jason Heyward,ATL,NL,OF,19,499,120,70,22,1,12,59,36,77,2,13,4,,,,,,,,,
,Jason Phillips,,,,32,212,50,18,10,0,4,23,14,29,2,0,1,,,,,,,,,
,Javier Castillo,CHA,AL,3B,25,466,113,50,19,3,11,55,28,104,1,6,4,,,,,,,,,
,Javier Herrera,OAK,AL,OF,24,339,74,42,16,1,10,40,19,77,3,9,7,,,,,,,,,
,Jay Gibbons,,,,32,207,55,22,14,0,7,29,15,34,1,0,0,,,,,,,,,
,Jeff Bianchi,KCA,AL,SS,22,437,97,46,23,1,8,46,15,103,2,11,5,,,,,,,,,
,Jeffrey Howell,KCA,AL,C,26,301,67,22,14,0,5,30,16,59,2,1,3,,,,,,,,,
,Jeffrey Larish,,,,26,461,116,52,23,1,20,69,49,118,5,3,3,,,,,,,,,
,Jeremy Slayden,PHI,NL,OF,26,402,103,47,22,1,12,54,30,90,5,4,2,,,,,,,,,
,Jesus Feliciano,,,OF,30,319,87,36,12,1,2,30,19,33,3,6,6,,,,,,,,,
,Jesus Merchan,CLE,AL,SS,28,398,112,44,18,2,5,41,15,29,8,6,2,,,,,,,,,
,Jim Negrych,PIT,NL,3B,24,489,126,58,23,1,3,47,35,78,3,9,6,,,,,,,,,
,Joe Borchard,,,,30,226,54,29,9,1,8,32,26,74,2,3,2,,,,,,,,,
,Joel Guzman,,,,24,496,115,47,19,1,17,64,21,126,1,5,2,,,,,,,,,
,Joel Naughton,PHI,NL,C,22,283,65,23,10,0,3,25,18,45,0,0,3,,,,,,,,,
,Joey Thurston,SLN,NL,2B,29,495,137,56,24,4,7,44,30,63,8,14,9,,,,,,,,,
,John Gall,,,,31,320,78,31,16,1,6,42,25,50,3,5,3,,,,,,,,,
,John Lindsey,FLO,NL,1B,32,389,99,46,20,1,15,56,30,71,8,0,0,,,,,,,,,
,John Mayberry Jr.,,,,25,525,121,50,26,2,20,59,34,148,6,10,3,,,,,,,,,
,John Raynor,FLO,NL,OF,25,497,129,81,22,2,13,42,42,114,7,47,10,,,,,,,,,
,John Rodriguez,,,,31,183,47,29,9,1,6,26,19,48,4,1,0,,,,,,,,,
,John Shelby,CHA,AL,OF,23,492,114,59,22,2,16,61,17,118,3,22,8,,,,,,,,,
,John-Ford Griffin,,,,29,369,88,44,18,2,14,51,33,92,2,2,1,,,,,,,,,
,Jon Herrera,COL,NL,SS,24,381,107,46,13,2,3,35,23,48,3,13,6,,,,,,,,,
,Jon Jay,SLN,NL,OF,24,419,111,48,17,1,9,48,27,55,4,9,7,,,,,,,,,
,Jon Weber,TBA,AL,OF,31,275,66,33,15,1,5,25,22,55,3,6,4,,,,,,,,,
,Jonathan Lucroy,MIL,NL,C,23,503,119,55,22,0,17,66,40,81,3,7,3,,,,,,,,,
,Jordan Brown,CLE,AL,1B,25,473,127,57,26,1,10,60,37,67,4,6,2,,,,,,,,,
,Jordan Parraz,KCA,AL,OF,24,480,114,59,21,1,10,51,36,82,8,22,12,,,,,,,,,
,Jorge Padilla,WAS,NL,OF,29,376,102,46,17,1,6,43,28,55,6,10,5,,,,,,,,,
,Jose Duarte,KCA,AL,OF,24,571,136,66,19,1,8,42,36,105,1,24,11,,,,,,,,,
,Jose Lobaton,SDN,NL,C,24,336,72,32,15,0,9,37,27,96,1,0,1,,,,,,,,,
,Jose Tabata,PIT,NL,OF,20,445,107,45,14,1,5,41,25,76,5,20,5,,,,,,,,,
,Jose Vallejo,TEX,AL,2B,22,528,121,51,17,1,5,45,27,104,4,37,4,,,,,,,,,
,Joseph Dickerson,KCA,AL,OF,22,368,93,34,11,2,4,32,20,64,5,20,16,,,,,,,,,
,Josh Kroeger,CHA,AL,OF,26,439,113,53,24,2,15,57,29,93,2,9,3,,,,,,,,,
,Josh Reddick,BOS,AL,OF,22,471,117,54,16,3,16,63,21,92,1,10,4,,,,,,,,,
,Josh Rodriguez,CLE,AL,SS,24,509,112,59,18,2,10,56,46,105,0,16,7,,,,,,,,,
,Josh Wilson,,,,28,361,92,39,20,2,6,34,23,68,7,9,4,,,,,,,,,
,Joshua Bell,LAN,NL,3B,22,360,82,39,15,1,11,43,25,79,0,5,2,,,,,,,,,
,Joshua Horton,OAK,AL,SS,23,400,97,38,12,1,1,30,29,61,3,2,5,,,,,,,,,
,Juan Encarnacion,,,,33,293,78,36,14,1,8,37,17,45,2,2,2,,,,,,,,,
,Juan Francisco,CIN,NL,3B,22,589,140,56,24,1,27,87,16,163,2,5,5,,,,,,,,,
,Julio Borbon,TEX,AL,OF,23,548,139,59,22,0,5,39,20,78,5,48,19,,,,,,,,,
,Justin Knoedler,,,,28,271,55,30,15,1,6,28,18,65,2,3,1,,,,,,,,,
,Justin Leone,,,,32,418,101,65,20,1,14,62,50,106,2,12,3,,,,,,,,,
,Justin Turner,BAL,AL,2B,24,474,119,55,19,0,10,49,28,70,4,9,4,,,,,,,,,
,Keith Ginter,,,2B,33,411,103,45,23,0,9,55,40,76,9,3,1,,,,,,,,,
,Kellen Kulbacki,SDN,NL,OF,23,361,89,39,12,0,15,48,29,90,3,1,3,,,,,,,,,
,Kevin Barker,,,,33,410,102,55,22,0,18,66,48,111,3,1,1,,,,,,,,,
,Kevin Howard,SDN,NL,2B,28,329,79,34,13,1,7,35,24,48,1,4,4,,,,,,,,,
,Kevin Melillo,,,,27,378,90,45,21,2,12,45,37,96,2,5,3,,,,,,,,,
,Kevin Richardson,TEX,AL,C,28,274,60,29,9,1,9,30,19,84,4,1,1,,,,,,,,,
,Kevin Russo,NYA,AL,2B,24,312,77,38,14,1,2,28,14,55,2,9,4,,,,,,,,,
,Koby Clemens,HOU,NL,C,22,419,91,43,17,1,10,44,35,95,3,3,4,,,,,,,,,
,Kyle Blanks,SDN,NL,1B,22,531,138,65,20,2,22,90,33,117,12,6,2,,,,,,,,,
,Larry Broadway,PIT,NL,1B,28,432,109,47,23,1,12,49,47,97,2,2,2,,,,,,,,,
,Lars Anderson,BOS,AL,1B,21,557,139,65,33,1,15,74,56,150,2,3,3,,,,,,,,,
,Leonard Davis,WAS,NL,OF,25,456,111,48,23,2,18,53,22,90,4,8,8,,,,,,,,,
,Logan Morrison,FLO,NL,1B,21,528,133,58,26,0,18,65,38,88,3,5,2,,,,,,,,,
,Lorenzo Cain,MIL,NL,OF,23,507,113,58,22,2,8,48,32,97,6,21,9,,,,,,,,,
,Lou Palmisano,HOU,NL,C,26,271,60,27,13,0,6,29,26,50,3,2,1,,,,,,,,,
,Lucas May,LAN,NL,C,24,484,97,40,19,2,18,64,22,143,7,5,6,,,,,,,,,
,Luis A. Gonzalez,,,,30,104,27,10,6,0,2,11,4,17,3,0,0,,,,,,,,,
,Luis Bolivar,CIN,NL,2B,28,334,79,41,14,2,7,31,18,77,5,12,4,,,,,,,,,
,Luis Durango,SDN,NL,OF,23,402,106,50,6,1,1,21,27,59,1,15,10,,,,,,,,,
,Luis Exposito,BOS,AL,C,22,479,112,46,19,1,17,57,14,129,2,1,3,,,,,,,,,
,Luis Figueroa,,,,35,212,55,23,9,1,1,19,13,19,1,1,2,,,,,,,,,
,Luis Terrero,,,,29,355,91,47,17,1,12,47,25,83,8,9,8,,,,,,,,,
,Luke Hughes,MIN,AL,3B,24,368,95,53,15,1,13,44,24,101,3,5,1,,,,,,,,,
,Manuel Pina,TEX,AL,C,22,332,71,24,13,0,2,25,14,43,4,0,0,,,,,,,,,
,Marcus Giles,,,,31,406,102,67,22,2,7,48,46,76,4,9,2,,,,,,,,,
,Mario Lisson,KCA,AL,3B,25,535,123,54,25,1,12,59,30,119,7,27,9,,,,,,,,,
,Mark Wagner,BOS,AL,C,25,388,91,41,27,0,9,49,32,72,4,1,1,,,,,,,,,
,Marshall McDougall,,,3B,30,174,42,17,10,0,5,23,8,32,1,1,1,,,,,,,,,
,Marvin Lowrance,WAS,NL,OF,24,457,104,49,22,0,17,50,40,89,4,3,3,,,,,,,,,
,Matt Craig,FLO,NL,1B,28,329,85,37,19,1,9,43,31,73,3,2,0,,,,,,,,,
,Matt Downs,SFN,NL,2B,25,456,125,57,25,0,13,56,21,60,5,17,10,,,,,,,,,
,Matt Miller,,,,26,532,160,70,27,1,14,82,35,67,6,5,4,,,,,,,,,
,Matt Watson,,,OF,30,192,52,31,13,1,7,31,21,29,2,2,1,,,,,,,,,
,Matt Whitney,WAS,NL,3B,25,483,110,48,23,1,14,56,38,132,3,2,2,,,,,,,,,
,Maxim St. Pierre,DET,AL,C,29,225,53,22,9,0,4,26,12,37,2,1,1,,,,,,,,,
,Michael Brantley,CLE,AL,OF,22,467,120,66,17,1,4,43,40,37,3,29,10,,,,,,,,,
,Michael Costanzo,BAL,AL,3B,25,459,109,54,18,1,13,57,41,133,2,2,0,,,,,,,,,
,Michael McKenry,COL,NL,C,24,482,119,48,29,0,21,77,41,114,5,4,8,,,,,,,,,
,Michael Morse,,,,27,266,71,29,17,0,5,31,18,50,2,2,1,,,,,,,,,
,Michael Rivera,MIL,NL,C,32,214,50,20,9,0,8,29,12,40,3,3,2,,,,,,,,,
,Michael Saunders,SEA,AL,OF,22,422,103,53,18,1,11,51,33,112,3,21,9,,,,,,,,,
,Michael Stanton,FLO,NL,OF,19,529,117,53,19,1,22,55,40,139,7,3,1,,,,,,,,,
,Michael Taylor,PHI,NL,OF,23,428,113,45,20,1,16,59,27,90,3,11,7,,,,,,,,,
,Michael Wilson,SEA,AL,OF,26,369,84,43,16,1,16,54,32,114,7,6,2,,,,,,,,,
,Michel Abreu,NYN,NL,1B,30,382,103,42,19,0,12,52,28,66,3,1,0,,,,,,,,,
,Miguel Perez,PIT,NL,C,25,267,59,16,8,0,4,23,9,55,3,1,1,,,,,,,,,
,Mike Moustakas,KCA,AL,3B,20,574,141,60,20,1,19,63,28,121,4,7,6,,,,,,,,,
,Mitch Canham,SDN,NL,C,24,319,72,31,13,1,5,39,30,83,2,7,2,,,,,,,,,
,Mitch Einertson,HOU,NL,OF,23,420,99,48,23,1,12,50,22,79,4,4,4,,,,,,,,,
,Nate Gold,,,1B,29,424,103,50,21,1,20,71,37,103,3,1,1,,,,,,,,,
,Nate Spears,CHN,NL,2B,24,408,98,52,19,2,5,41,33,73,5,5,3,,,,,,,,,
,Neil Walker,PIT,NL,3B,23,520,122,63,25,2,13,60,30,101,2,12,4,,,,,,,,,
,Nicholas Weglarz,CLE,AL,OF,21,461,107,50,19,1,14,61,45,93,4,5,3,,,,,,,,,
,Nick Gorneault,,,,30,379,86,46,17,2,14,50,34,99,2,7,5,,,,,,,,,
,Nolan Reimold,BAL,AL,OF,25,468,130,68,22,2,20,55,41,77,3,5,4,,,,,,,,,
,Oswaldo Navarro,,,,24,436,109,47,18,0,3,37,28,83,4,6,2,,,,,,,,,
,P.J. Pilittere,NYA,AL,C,27,401,99,47,14,1,4,41,18,41,3,1,1,,,,,,,,,
,Pedro Lopez,,,,25,413,98,42,17,1,5,39,25,70,2,4,3,,,,,,,,,
,Peter Bourjos,LAA,AL,OF,22,397,95,47,17,2,7,43,14,72,4,30,12,,,,,,,,,
,Peter Ciofrone,SDN,NL,3B,25,490,132,70,17,2,15,56,33,83,8,2,2,,,,,,,,,
,Prentice Redman,SEA,AL,OF,29,411,102,53,20,1,12,53,36,83,5,6,5,,,,,,,,,
,Quintin Berry,PHI,NL,OF,24,544,130,58,17,1,5,38,42,118,5,44,17,,,,,,,,,
,Raul Padron,OAK,AL,C,24,292,62,25,14,0,7,31,15,63,1,1,1,,,,,,,,,
,Ray Olmedo,,,,28,337,85,33,14,1,3,26,22,49,2,9,6,,,,,,,,,
,Ray Sadler,TBA,AL,OF,28,435,96,47,17,2,17,56,29,110,5,7,5,,,,,,,,,
,Ray Serrano,,,C,28,123,28,13,7,0,2,13,3,19,1,2,1,,,,,,,,,
,Rhyne Hughes,TBA,AL,1B,25,444,106,52,20,0,13,50,34,114,4,2,1,,,,,,,,,
,Richie Robnett,CHN,NL,OF,25,400,89,45,22,0,9,43,29,97,2,3,1,,,,,,,,,
,Russ Adams,,,,28,407,94,52,19,2,10,47,37,73,2,6,2,,,,,,,,,
,Ryan Harvey,CHN,NL,OF,24,354,72,31,16,0,13,45,15,125,3,3,3,,,,,,,,,
,Ryan Patterson,TOR,AL,OF,26,479,121,52,26,1,18,58,19,110,2,4,2,,,,,,,,,
,Ryan Strieby,DET,AL,1B,23,475,113,47,17,1,22,75,34,122,3,2,3,,,,,,,,,
,Sam Fuld,,,,27,405,96,51,20,2,4,39,34,56,3,10,6,,,,,,,,,
,Scott Cousins,FLO,NL,OF,24,371,93,45,16,1,12,42,23,81,2,17,7,,,,,,,,,
,Scott Sizemore,DET,AL,2B,24,299,66,35,13,1,4,23,24,59,3,10,6,,,,,,,,,
,Scott Thorman,,,,27,387,91,37,22,1,17,56,22,82,1,4,1,,,,,,,,,
,Sean Barker,,,,29,323,82,43,19,3,6,42,17,86,4,10,4,,,,,,,,,
,Sean Doolittle,OAK,AL,1B,22,431,98,43,22,1,11,49,32,92,1,4,3,,,,,,,,,
,Sean Henry,CIN,NL,OF,23,520,130,64,22,3,14,61,35,96,6,17,11,,,,,,,,,
,Sergio Santos,CHA,AL,SS,25,468,105,54,26,1,10,49,23,99,2,4,2,,,,,,,,,
,Shane Costa,,,,27,305,85,37,20,1,7,31,19,39,4,6,1,,,,,,,,,
,Shane Robinson,SLN,NL,OF,24,338,87,36,13,1,5,34,16,43,2,13,8,,,,,,,,,
,Shawn Garrett,,,OF,30,419,102,44,19,1,9,46,25,99,3,5,2,,,,,,,,,
,Shelby Ford,PIT,NL,2B,24,394,90,45,21,4,5,33,20,67,6,18,3,,,,,,,,,
,Steve Clevenger,CHN,NL,C,23,352,90,31,19,0,4,34,23,36,1,4,2,,,,,,,,,
,Steve Hill,SLN,NL,1B,24,395,104,42,19,1,17,60,15,80,1,0,0,,,,,,,,,
,Steve Lerud,,,,24,372,71,31,14,0,8,36,24,104,5,1,2,,,,,,,,,
,Steve Tolleson,MIN,AL,SS,25,396,96,45,18,1,7,34,36,87,2,12,8,,,,,,,,,
,Taggert Bozied,,,,29,360,86,42,17,1,14,51,34,68,4,2,1,,,,,,,,,
,Taylor Green,MIL,NL,3B,22,486,118,46,21,0,17,65,41,66,3,2,5,,,,,,,,,
,Terry Evans,,,,27,355,88,40,19,1,10,46,21,108,4,14,6,,,,,,,,,
,Thomas Manzella,HOU,NL,SS,23,406,89,38,19,2,3,32,22,72,2,8,6,,,,,,,,,
,Tike Redman,SEA,AL,OF,32,390,103,58,16,2,3,29,31,44,2,14,7,,,,,,,,,
,Tim Raines Jr.,,,,29,364,96,50,18,2,10,46,18,65,2,18,4,,,,,,,,,
,Timo Perez,,,,34,399,110,48,19,1,8,47,30,43,3,11,4,,,,,,,,,
,Todd Frazier,CIN,NL,SS,23,555,133,70,24,1,22,71,40,155,3,9,8,,,,,,,,,
,Todd Linden,,,,29,316,80,47,16,1,11,40,38,97,4,4,1,,,,,,,,,
,Tommy Murphy,,,,29,496,125,66,24,4,6,42,35,110,2,27,10,,,,,,,,,
,Tony Abreu,,,,24,345,91,43,23,2,3,34,17,48,4,3,1,,,,,,,,,
,Tony Blanco,,,OF,27,297,77,28,17,0,11,43,14,65,5,4,1,,,,,,,,,
,Tony Thomas,CHN,NL,2B,22,380,86,46,21,1,8,41,22,81,2,22,9,,,,,,,,,
,Trent Oeltjen,ARI,NL,OF,26,380,103,50,18,5,4,40,20,54,10,15,7,,,,,,,,,
,Trevor Plouffe,MIN,AL,SS,23,508,127,63,28,2,10,50,25,108,2,6,4,,,,,,,,,
,Tyler Colvin,CHN,NL,OF,23,515,125,55,27,3,15,66,21,98,3,9,5,,,,,,,,,
,Tyler Flowers,CHA,AL,C,23,455,110,58,24,1,17,73,47,106,3,5,7,,,,,,,,,
,Tyler Greene,SLN,NL,SS,25,421,97,54,18,2,11,48,21,97,5,15,4,,,,,,,,,
,Val Majewski,,,OF,28,305,78,37,16,1,7,35,25,56,2,5,4,,,,,,,,,
,Val Pascucci,LAN,NL,OF,30,446,107,54,21,0,19,64,56,115,6,5,2,,,,,,,,,
,Victor Diaz,,,,27,451,109,44,22,0,16,60,34,141,3,5,1,,,,,,,,,
,Vince Sinisi,SDN,NL,OF,27,360,90,32,16,1,5,34,22,66,2,4,1,,,,,,,,,
,Wayne Lydon,TOR,AL,OF,28,471,107,61,17,2,4,39,40,100,2,25,7,,,,,,,,,
,Welington Castillo,CHN,NL,C,22,342,82,31,15,0,7,37,15,74,5,1,2,,,,,,,,,
,Wes Timmons,,,3B,29,319,75,38,17,0,5,32,34,29,10,8,3,,,,,,,,,
,Wilkin Ramirez,DET,AL,OF,23,489,111,55,14,2,15,52,27,163,3,25,12,,,,,,,,,
,William Rhymes,DET,AL,2B,26,544,141,65,16,2,4,45,34,72,2,18,6,,,,,,,,,
,Wilson Ramos,MIN,AL,C,21,424,103,37,17,0,12,56,21,110,4,1,1,,,,,,,,,
,Wyatt Toregas,CLE,AL,C,26,314,74,31,15,0,8,39,25,59,4,1,1,,,,,,,,,
,Xavier Paul,LAN,NL,OF,24,469,122,61,21,2,11,56,34,101,3,21,6,,,,,,,,,
,Yamaico Navarro,BOS,AL,SS,21,414,95,40,15,1,7,43,19,105,3,6,5,,,,,,,,,
,Yordany Ramirez,HOU,NL,OF,24,421,97,47,18,1,11,47,11,65,4,20,10,,,,,,,,,
,Yung Chi Chen,OAK,AL,2B,25,233,59,30,10,0,2,21,14,33,1,8,3,,,,,,,,,
,Yurendell de Caster,,,,29,388,93,41,21,1,8,43,34,94,6,8,6,,,,,,,,,
,Zach Daeges,BOS,AL,OF,25,409,106,49,29,1,7,53,42,80,3,4,2,,,,,,,,,
