mlbamID,playerName,team,league,defaultPos,age,reliability,AB,R,H,2B,3B,HR,RBI,SB,CS,BB,SO,IBB,HBP,SH,SF,GIDP,G_C,G_1B,G_2B,G_3B,G_SS,G_LF,G_CF,G_RF,G_OF
110029,Bobby Abreu,LAA,AL,,35,0.87,529,89,148,34,3,15,85,20,7,76,109,2,2,1,4,12,0,0,0,0,0,0,0,150,150
110189,Moises Alou,,,,43,0.7,240,32,70,14,1,9,37,3,1,19,30,2,2,0,2,9,0,0,0,0,0,13,0,0,13
110236,Garret Anderson,ATL,NL,,37,0.84,502,63,139,27,2,15,76,4,2,33,79,7,1,0,6,10,0,0,0,0,0,82,0,0,82
110383,Rich Aurilia,SFN,NL,,38,0.81,418,46,111,22,2,12,52,2,1,32,62,2,2,1,3,11,0,82,1,63,0,0,0,0,0
110385,Brad Ausmus,LAN,NL,,40,0.78,321,30,73,13,1,4,30,3,2,33,64,3,4,5,2,10,77,2,1,1,0,0,0,0,0
110870,Gary Bennett,,,,37,0.52,207,21,50,9,1,5,26,2,1,16,34,2,1,2,2,6,10,0,0,0,0,0,0,0,0
111072,Henry Blanco,SDN,NL,,38,0.58,247,28,63,12,1,6,30,2,1,17,47,2,1,3,2,7,45,1,0,0,0,0,0,0,0
111213,Aaron Boone,HOU,NL,,36,0.74,311,38,78,17,1,8,39,3,2,27,65,2,7,2,3,6,0,54,1,16,0,0,0,0,0
111548,Emil Brown,SDN,NL,,35,0.82,414,52,106,20,2,11,60,7,2,35,77,2,4,0,6,12,0,1,0,0,0,65,1,55,100
111851,Orlando Cabrera,OAK,AL,,35,0.88,574,82,159,32,1,8,62,18,4,47,67,1,3,3,8,13,0,0,0,0,161,0,0,0,0
111867,Miguel Cairo,PHI,NL,,35,0.7,308,41,76,17,3,3,34,10,2,24,50,1,4,6,2,7,0,70,5,19,1,2,0,1,3
111904,Mike Cameron,MIL,NL,,36,0.85,456,67,111,26,4,18,64,15,5,54,130,1,5,1,3,7,0,0,0,0,0,0,119,0,119
112077,Raul Casanova,NYN,NL,,37,0.36,213,27,55,9,1,8,27,2,1,21,43,2,2,1,2,6,13,0,0,0,0,0,0,0,0
112087,Sean Casey,,,,35,0.79,325,32,91,20,1,4,38,2,1,29,42,6,3,0,2,8,0,45,0,0,0,0,0,0,0
112116,Luis Castillo,NYN,NL,,34,0.84,387,57,106,14,3,3,33,15,4,44,45,1,1,7,2,9,0,0,81,0,0,0,0,0,0
112128,Juan Castro,LAN,NL,,37,0.63,272,27,61,12,1,4,29,2,1,19,50,1,1,3,3,9,0,0,2,5,57,0,0,0,0
112131,Frank Catalanotto,TEX,AL,,35,0.79,334,43,89,24,2,7,38,2,2,32,42,1,6,3,2,8,0,33,0,0,0,26,0,0,26
112223,Raul Chavez,TOR,AL,,36,0.37,239,28,61,11,1,5,26,2,1,17,40,2,2,1,2,5,35,0,0,0,0,0,0,0,0
112316,Tony Clark,ARI,NL,,37,0.66,277,32,65,10,1,11,44,2,1,34,77,3,2,1,2,10,0,26,0,0,0,0,0,0,0
112736,Craig Counsell,MIL,NL,,39,0.77,332,41,77,15,2,4,28,7,3,42,56,2,5,3,2,6,0,0,19,38,24,0,0,0,0
112903,Jose Cruz,HOU,NL,,35,0.66,222,31,51,12,1,5,20,4,1,31,52,1,1,3,2,3,0,0,0,0,0,10,5,3,15
113028,Johnny Damon,NYA,AL,,36,0.86,507,84,140,26,3,15,62,22,6,58,80,1,2,2,3,5,0,1,0,0,0,87,34,0,113
113232,Carlos Delgado,NYN,NL,,37,0.87,529,77,136,28,1,28,91,3,1,60,117,11,8,0,7,13,0,154,0,0,0,0,0,0,0
113240,David Dellucci,CLE,AL,,36,0.75,364,47,90,20,3,12,47,4,3,32,82,2,7,0,4,9,0,0,0,0,0,56,0,0,56
113358,Mike Difelice,TBA,AL,,40,0.24,191,22,47,10,1,4,24,2,1,18,41,1,3,2,2,5,7,0,0,0,0,0,0,0,0
113660,Ray Durham,,,,38,0.83,411,58,105,26,2,11,58,8,3,48,72,3,2,1,4,12,0,0,95,0,0,0,0,0,0
113679,Jermaine Dye,CHA,AL,,35,0.86,523,80,144,32,2,29,85,4,2,46,106,3,5,0,5,16,0,0,0,0,0,0,0,151,151
113702,Damion Easley,,,,40,0.73,354,41,90,13,2,11,46,2,1,29,58,1,7,2,3,11,0,4,64,1,8,7,0,0,7
113744,Jim Edmonds,,,,39,0.8,386,50,93,19,2,16,58,3,2,50,93,4,1,1,4,10,0,0,0,0,0,0,103,0,103
113889,Darin Erstad,HOU,NL,,35,0.74,371,47,95,18,1,6,38,5,3,27,70,2,2,4,2,6,0,12,0,0,0,56,40,6,88
114031,Sal Fasano,COL,NL,,38,0.47,208,22,49,12,1,5,23,2,1,15,58,1,5,3,1,5,15,1,0,0,0,0,0,0,0
114260,Cliff Floyd,SDN,NL,,37,0.76,330,43,85,16,1,11,46,3,1,35,66,3,6,0,3,6,0,0,0,0,0,0,0,0,0
114596,Nomar Garciaparra,OAK,AL,,36,0.78,306,39,83,16,1,9,46,3,1,26,32,4,2,0,3,9,0,8,0,11,31,0,0,0,0
114739,Jason Giambi,OAK,AL,,38,0.83,422,63,101,19,1,25,79,3,1,71,103,5,14,0,6,7,0,113,0,0,0,0,0,0,0
114789,Brian Giles,SDN,NL,,38,0.86,504,70,136,30,2,12,57,5,4,72,61,4,3,0,3,14,0,0,0,0,0,0,2,144,144
114909,Chris Gomez,BAL,AL,,38,0.67,296,35,82,15,1,4,33,2,2,21,46,2,2,3,2,8,0,5,18,20,13,0,0,0,0
114935,Luis Gonzalez,COL,NL,,42,0.83,394,50,101,26,1,10,50,3,2,45,53,3,3,0,4,10,0,0,0,0,0,64,0,22,85
115135,Ken Griffey,SEA,AL,,40,0.85,479,64,119,24,1,21,71,3,1,64,93,10,2,0,5,13,0,0,0,0,0,0,32,91,123
115210,Mark Grudzielanek,,,,39,0.82,396,53,112,25,2,6,38,3,2,24,57,2,4,2,3,10,0,0,85,0,0,0,0,0,0
115223,Vladimir Guerrero,LAA,AL,,33,0.86,506,75,153,31,2,23,90,6,3,51,69,17,5,0,4,18,0,0,0,0,0,0,0,99,99
115229,Jose Guillen,KCA,AL,,33,0.85,535,65,140,31,2,18,83,4,1,32,103,3,11,0,4,17,0,0,0,0,0,45,0,67,109
115608,Scott Hatteberg,CIN,NL,,40,0.75,236,29,64,14,1,6,28,1,1,31,30,2,2,1,2,6,0,16,0,0,0,0,0,0,0
115732,Todd Helton,COL,NL,,36,0.84,377,54,107,24,2,10,50,2,1,67,57,9,2,0,3,9,0,81,0,0,0,0,0,0,0
116338,Torii Hunter,LAA,AL,,34,0.86,518,77,141,31,2,22,80,14,6,43,100,5,5,0,3,15,0,0,0,0,0,0,137,0,137
116380,Raul Ibanez,PHI,NL,,37,0.87,555,76,154,33,3,21,93,2,3,54,102,8,3,0,5,12,0,0,0,0,0,153,0,0,153
116539,Derek Jeter,NYA,AL,,35,0.87,538,83,163,28,3,11,65,15,5,50,88,2,9,5,3,17,0,0,0,0,148,0,0,0,0
116662,Andruw Jones,TEX,AL,,32,0.83,334,48,75,16,1,14,52,3,1,42,86,3,5,0,4,8,0,0,0,0,0,0,66,0,66
116706,Chipper Jones,ATL,NL,,37,0.84,450,82,144,29,2,22,78,5,1,72,73,9,1,0,4,15,0,0,0,115,0,0,0,0,0
116974,Jason Kendall,MIL,NL,,35,0.85,485,51,122,24,1,4,46,7,4,43,53,4,10,4,3,9,149,0,0,0,0,0,0,0,0
116999,Jeff Kent,,,,41,0.83,443,55,121,26,2,14,62,2,2,41,66,3,6,0,3,13,0,1,116,0,0,0,0,0,0
117244,Paul Konerko,CHA,AL,,33,0.85,453,62,118,24,1,23,70,2,1,58,86,5,5,0,5,17,0,116,0,0,0,0,0,0,0
117276,Mark Kotsay,BOS,AL,,34,0.8,400,45,103,24,2,6,46,4,3,35,51,3,1,2,3,12,0,6,0,0,0,0,84,19,103
117601,Derrek Lee,CHN,NL,,34,0.85,543,81,157,35,2,18,76,8,4,63,110,4,4,0,4,20,0,153,0,0,0,0,0,0,0
117928,Mark Loretta,LAN,NL,,38,0.82,359,40,97,18,1,5,37,2,1,33,43,1,4,1,3,11,0,2,46,17,5,0,0,0,0
119811,Trot Nixon,MIL,NL,,35,0.71,222,27,55,12,0,4,25,1,1,30,42,3,2,0,2,6,0,0,0,0,0,6,0,5,10
119853,Greg Norton,ATL,NL,,37,0.72,289,40,75,15,0,10,41,2,2,41,69,3,2,1,1,6,0,11,0,0,0,25,0,2,26
119865,Abraham Nunez,NYN,NL,,33,0.65,203,24,47,8,1,2,19,2,0,23,39,3,1,2,1,6,0,0,0,0,0,0,0,0,0
120044,Magglio Ordonez,DET,AL,,35,0.87,520,76,161,33,1,20,95,3,3,52,78,4,3,0,4,18,0,0,0,0,0,0,0,135,135
120074,David Ortiz,BOS,AL,,34,0.86,428,78,122,30,1,26,86,2,1,77,84,11,3,1,3,11,0,0,0,0,0,0,0,0,0
120416,Tomas Perez,HOU,NL,,36,0.4,188,24,44,9,1,4,19,2,1,12,37,1,1,2,2,4,0,0,5,1,0,0,0,0,0
120691,Jorge Posada,NYA,AL,,38,0.81,309,44,88,21,1,11,49,2,0,41,65,3,4,0,2,10,30,7,0,0,0,0,0,0,0
120903,Manny Ramirez,LAN,NL,,37,0.86,495,82,148,30,1,27,93,2,1,77,108,15,6,0,6,16,0,0,0,0,0,119,0,0,119
121074,Edgar Renteria,SFN,NL,,34,0.85,477,72,136,26,2,11,54,9,3,43,74,1,2,3,3,15,0,0,0,0,138,0,0,0,0
121347,Alex Rodriguez,NYA,AL,,34,0.87,484,96,140,26,1,32,100,15,3,68,110,7,11,0,5,15,0,0,0,131,0,0,0,0,0
121358,Ivan Rodriguez,HOU,NL,,38,0.83,438,49,119,23,3,9,48,6,2,22,81,2,2,2,2,14,112,0,0,0,0,0,0,0,0
121409,Scott Rolen,TOR,AL,,34,0.83,422,61,112,30,2,12,59,6,2,44,69,3,7,0,5,11,0,0,0,115,0,0,0,0,0
122027,Richie Sexson,,,,35,0.82,364,44,84,18,0,16,52,2,1,44,95,2,2,0,3,10,0,92,0,0,0,0,0,0,0
122111,Gary Sheffield,DET,AL,,41,0.81,434,66,104,17,1,18,59,12,3,58,77,3,5,0,3,14,0,0,0,0,0,6,0,0,6
122644,Matt Stairs,PHI,NL,,41,0.8,383,51,96,21,1,15,55,2,1,44,91,6,4,0,3,9,0,0,0,0,0,9,0,10,19
122784,Shannon Stewart,TOR,AL,,35,0.77,328,40,88,12,1,6,31,6,2,30,42,1,2,1,2,10,0,0,0,0,0,40,0,0,40
123040,Mark Sweeney,,,,40,0.62,236,27,54,13,1,4,26,2,1,27,54,1,3,1,1,4,0,2,0,0,0,1,0,0,1
123041,Mike Sweeney,SEA,AL,,36,0.68,268,29,69,16,1,7,34,2,1,23,40,3,4,0,2,7,0,13,0,0,0,0,0,0,0
123107,Fernando Tatis,NYN,NL,,34,0.59,315,40,87,19,2,11,47,4,1,32,68,3,3,1,2,8,0,6,0,4,0,51,0,39,71
123173,Miguel Tejada,HOU,NL,,35,0.87,543,76,156,28,2,15,70,5,3,35,70,6,7,1,4,24,0,0,0,0,157,0,0,0,0
123245,Frank Thomas,,,,41,0.82,349,43,88,14,1,16,57,1,0,51,70,2,4,0,3,10,0,0,0,0,0,0,0,0,0
123272,Jim Thome,CHA,AL,,39,0.85,462,81,117,23,0,30,84,2,1,84,136,9,5,0,4,11,0,0,0,0,0,0,0,0,0
123609,Javier Valentin,WAS,NL,,34,0.67,271,28,71,16,1,7,36,2,1,24,45,2,1,0,2,7,17,11,0,4,0,0,0,0,0
123660,Jason Varitek,BOS,AL,,37,0.83,429,48,100,19,2,14,54,2,2,55,116,6,5,1,3,11,131,0,0,0,0,0,0,0,0
123689,Jorge Velandia,CLE,AL,,34,0.21,190,25,50,11,1,6,25,3,1,20,42,1,2,1,1,4,0,0,2,0,4,0,0,0,0
123723,Jose Vidro,,,,35,0.83,386,45,105,18,1,7,44,2,1,35,49,3,1,2,4,11,0,9,0,0,0,0,0,0,0
123744,Omar Vizquel,TEX,AL,,42,0.83,362,41,89,14,3,3,35,10,4,33,43,5,2,8,3,8,0,0,0,0,84,0,0,0,0
124693,Dmitri Young,WAS,NL,,36,0.74,305,36,86,18,1,9,39,2,1,33,57,4,1,0,2,9,0,38,0,0,0,0,0,0,0
124748,Gregg Zaun,BAL,AL,,38,0.77,330,41,80,19,1,10,43,2,1,45,57,4,2,2,4,9,79,0,0,0,0,0,0,0,0
132660,Jolbert Cabrera,BAL,AL,,37,0.34,236,33,60,12,2,7,28,4,1,21,51,2,3,1,2,6,0,0,3,3,9,17,0,3,20
132720,Paul Bako,CHN,NL,,37,0.71,345,34,77,12,2,6,34,2,2,34,97,3,2,3,2,9,96,0,0,0,0,0,0,0,0
132788,Kevin Millar,TOR,AL,,38,0.85,486,64,118,25,1,16,63,2,1,65,93,3,6,0,4,10,0,130,0,0,0,0,0,0,0
132880,Daryle Ward,CIN,NL,,34,0.57,236,29,63,17,1,8,36,2,1,31,50,6,2,1,3,8,0,13,0,0,0,6,0,3,9
132961,Geoff Jenkins,PHI,NL,,35,0.81,366,40,92,20,1,13,47,3,1,33,93,6,5,0,3,8,0,0,0,0,0,0,0,90,90
133120,Jason Wood,FLO,NL,,40,0.32,193,23,49,10,1,5,29,3,1,17,47,1,1,1,2,4,0,0,0,0,0,0,0,0,0
133140,Scott McClain,SFN,NL,,37,0.16,196,28,51,10,1,6,26,3,2,20,40,1,2,1,1,4,0,4,0,4,0,0,0,0,0
133160,Randy Winn,SFN,NL,,35,0.87,540,71,152,33,2,11,57,15,4,47,80,4,4,2,6,8,0,0,0,0,0,15,10,133,150
133226,Mike Redmond,MIN,AL,,38,0.67,273,29,77,14,0,3,33,1,1,17,34,2,4,1,3,9,30,0,0,0,0,0,0,0,0
133321,Alex Cora,NYN,NL,,34,0.69,276,34,69,13,3,4,25,4,2,22,38,2,9,4,2,6,0,0,7,0,69,0,0,0,0
133380,Aramis Ramirez,CHN,NL,,31,0.86,512,78,147,35,3,25,95,2,1,54,77,6,7,0,5,12,0,0,0,147,0,0,0,0,0
134001,Paul Lo Duca,,,,37,0.79,315,37,85,17,1,5,33,2,0,21,31,1,4,2,3,12,26,17,0,0,0,5,0,0,5
134002,Ramon Martinez,,,,37,0.51,200,22,49,10,1,3,29,2,1,18,32,1,1,2,3,5,0,0,5,0,0,0,0,0,0
134181,Adrian Beltre,SEA,AL,,30,0.86,520,71,138,31,2,21,75,9,3,42,93,5,4,1,3,13,0,0,0,139,0,0,0,0,0
134260,Bengie Molina,SFN,NL,,35,0.84,502,46,138,25,1,17,77,2,1,23,55,3,5,1,5,17,136,0,0,0,0,0,0,0,0
134341,Jay Payton,,,,37,0.82,397,48,101,18,3,8,46,6,2,24,53,1,2,2,3,9,0,0,0,0,0,71,38,4,108
135783,Ramon Castro,NYN,NL,,33,0.61,264,34,68,13,1,12,40,2,1,25,64,2,2,1,2,4,47,0,0,0,0,0,0,0,0
135784,Placido Polanco,DET,AL,,34,0.86,532,80,160,29,2,8,57,6,2,33,44,2,7,4,3,13,0,0,141,0,0,0,0,0,0
136267,Troy Glaus,SLN,NL,,33,0.85,483,71,125,26,1,24,81,2,2,73,110,3,4,0,4,14,0,4,0,146,0,0,0,0,0
136460,Alex Gonzalez,CIN,NL,,36,0.09,179,24,44,9,1,5,21,3,1,17,37,1,2,1,1,5,,,,,,,,,
136500,Wes Helms,FLO,NL,,33,0.74,332,36,86,19,2,8,46,1,2,26,77,2,5,2,5,9,0,42,0,60,0,1,0,0,1
136660,Mark DeRosa,CLE,AL,,34,0.85,485,76,136,29,3,14,71,4,2,55,99,1,7,2,5,12,0,1,95,22,1,27,0,38,59
136664,Michael Barrett,TOR,AL,,33,0.73,263,30,67,14,1,8,32,2,1,21,43,2,2,1,3,8,30,0,0,0,0,0,0,0,0
136722,Carlos Guillen,DET,AL,,34,0.85,446,69,128,29,4,14,66,11,5,53,77,6,3,1,5,12,0,24,0,89,0,2,0,0,2
136724,Marlon Anderson,NYN,NL,,35,0.64,257,35,66,14,1,7,34,5,3,22,49,1,1,3,3,5,0,6,1,0,0,25,0,0,25
136767,Eric Chavez,OAK,AL,,32,0.76,251,33,61,14,1,9,34,2,1,31,54,2,1,0,2,7,0,0,0,15,0,0,0,0,0
136770,J.D. Drew,BOS,AL,,34,0.84,404,71,109,25,4,14,64,4,2,70,88,6,3,1,5,9,0,0,0,0,0,0,1,106,106
136780,Mike Lowell,BOS,AL,,35,0.85,449,59,127,29,1,15,73,3,2,40,63,3,4,0,6,15,0,0,0,110,0,0,0,0,0
136860,Carlos Beltran,NYN,NL,,32,0.87,531,98,145,34,3,28,99,19,3,76,99,9,2,1,7,9,0,0,0,0,0,0,158,0,158
137002,Gabe Kapler,TBA,AL,,34,0.58,292,43,80,18,2,9,40,4,2,24,51,1,3,1,2,6,0,0,0,0,0,17,36,14,66
137006,Doug Mientkiewicz,LAN,NL,,35,0.75,336,43,90,22,2,6,41,2,1,40,49,2,4,3,3,7,0,37,0,33,0,0,0,10,10
137140,Russell Branyan,SEA,AL,,34,0.66,256,37,60,12,1,15,36,3,1,34,81,3,2,1,2,3,0,5,0,35,0,0,0,0,0
150020,Jerry Hairston,CIN,NL,,33,0.7,324,49,84,18,2,7,37,12,3,28,55,1,4,8,3,6,0,0,7,1,36,24,17,12,42
150021,Darnell McDonald,,,,31,0.04,179,24,47,9,1,5,23,3,1,18,35,1,2,1,1,4,,,,,,,,,
150029,Jayson Werth,PHI,NL,,30,0.75,408,66,112,18,3,18,65,14,2,55,108,2,4,1,3,3,0,0,0,0,0,28,31,88,125
150040,Jose Molina,NYA,AL,,34,0.72,337,37,80,21,0,5,32,3,1,18,70,1,4,7,3,9,97,1,0,0,0,0,0,0,0
150061,Julio Lugo,BOS,AL,,34,0.82,369,46,93,20,1,6,39,17,5,36,65,1,3,4,4,10,0,0,0,0,81,1,0,0,1
150071,Ron Belliard,WAS,NL,,34,0.83,383,45,105,24,1,10,48,3,2,33,65,1,3,3,2,10,0,33,29,31,5,0,0,0,0
150089,Michel Hernandez,TBA,AL,,31,0.06,187,26,49,10,1,5,23,3,1,17,36,1,2,1,1,4,4,0,0,0,0,0,0,0,0
150093,Alfonso Soriano,CHN,NL,,33,0.86,465,76,129,29,2,26,64,19,6,40,109,8,4,1,3,7,0,0,1,0,0,108,0,0,108
150100,Pat Burrell,TBA,AL,,33,0.86,480,71,120,27,2,27,83,1,0,93,123,4,3,0,6,10,0,0,0,0,0,155,0,0,155
150134,Toby Hall,HOU,NL,,34,0.63,260,22,64,12,0,5,24,2,1,15,37,2,2,1,2,6,37,0,0,0,0,0,0,0,0
150137,Paul Hoover,PHI,NL,,33,0.18,200,24,52,10,1,5,23,3,1,18,46,2,2,1,1,5,13,0,0,0,0,0,0,0,0
150148,Rod Barajas,TOR,AL,,34,0.75,366,47,90,22,0,11,45,2,1,27,66,2,5,2,3,10,98,4,0,0,0,0,0,0,0
150178,Jason LaRue,SLN,NL,,35,0.67,273,30,57,13,1,8,30,2,1,28,65,3,6,4,3,8,57,3,0,0,0,0,0,0,0
150207,Paul Phillips,COL,NL,,32,0.19,182,24,47,10,1,5,22,3,1,15,33,1,1,2,2,4,4,0,0,0,0,0,0,0,0
150212,Michael Cuddyer,MIN,AL,,30,0.83,355,53,95,20,3,10,54,5,1,39,72,3,5,0,3,10,0,2,0,0,0,0,1,58,58
150217,Cristian Guzman,WAS,NL,,31,0.76,487,68,148,27,6,9,49,6,3,29,60,2,4,1,4,8,0,0,0,0,136,0,0,0,0
150218,Jacque Jones,CIN,NL,,34,0.78,287,35,74,16,1,7,37,4,2,24,57,3,2,1,2,9,0,0,0,0,0,27,5,3,34
150224,Chad Moeller,,,,34,0.47,233,30,54,11,1,5,23,2,1,17,52,2,4,1,2,6,33,2,0,3,0,0,0,0,0
150229,A.J. Pierzynski,CHA,AL,,33,0.84,498,60,135,26,1,13,56,2,1,25,74,5,7,2,4,15,131,0,0,0,0,0,0,0,0
150244,Jason Tyner,HOU,NL,,32,0.63,214,28,60,9,1,3,20,4,2,15,27,1,3,1,1,6,0,0,0,0,0,1,0,0,1
150268,Pedro Feliz,PHI,NL,,34,0.85,455,51,111,23,2,15,61,2,1,30,71,3,1,1,3,13,0,0,0,129,1,0,0,0,0
150275,Yorvit Torrealba,COL,NL,,31,0.76,339,37,85,21,1,8,45,3,3,25,66,1,5,4,2,13,67,0,0,0,0,0,0,0,0
150286,Mike Lamb,MIL,NL,,34,0.77,332,44,89,17,3,8,41,2,2,31,52,5,2,1,5,6,0,9,0,56,0,0,0,0,0
150289,Carlos Pena,TBA,AL,,31,0.82,464,76,121,25,2,31,93,2,1,84,138,7,9,1,7,7,0,132,0,0,0,0,0,0,0
150317,Joe Crede,MIN,AL,,31,0.78,368,45,94,19,1,16,56,1,2,28,52,1,4,0,4,10,0,0,0,97,0,0,0,0,0
150322,Mark L. Johnson,SLN,NL,,34,0.07,187,24,50,9,1,5,24,3,1,18,35,1,2,1,1,4,10,0,0,0,0,0,0,0,0
150324,Carlos Lee,HOU,NL,,33,0.86,459,66,135,28,1,24,85,8,2,41,55,6,3,0,7,14,0,0,0,0,0,110,0,0,110
150348,John McDonald,TOR,AL,,35,0.73,307,35,72,15,2,4,31,6,2,19,50,1,3,8,2,6,0,0,1,4,67,0,0,0,0
150353,Dave Roberts,SFN,NL,,37,0.77,273,40,70,11,5,3,23,18,4,30,45,1,1,3,2,3,0,0,0,0,0,32,0,0,32
150367,Pablo Ozuna,,,,35,0.55,238,30,64,12,2,4,24,5,4,15,33,1,3,3,1,5,0,0,37,17,4,2,0,0,2
150396,Milton Bradley,CHN,NL,,31,0.8,406,67,119,24,2,19,66,7,3,63,92,7,6,0,4,11,0,0,0,0,0,1,0,19,20
150398,Geoff Blum,HOU,NL,,36,0.78,375,41,92,20,1,10,48,2,2,30,67,3,3,2,5,8,0,5,8,75,4,0,0,0,0
150411,Brian Schneider,NYN,NL,,33,0.81,386,35,95,17,1,8,48,2,1,45,63,7,2,3,4,13,109,0,0,0,0,0,0,0,0
150415,Brad Wilkerson,,,,32,0.78,343,45,79,17,2,12,47,4,3,41,99,2,2,3,4,5,0,4,0,0,0,29,5,64,93
150416,Danny Ardoin,LAN,NL,,35,0.36,205,24,49,9,1,4,20,3,1,17,44,2,3,1,1,5,24,0,0,0,0,0,0,0,0
150421,Ramon Hernandez,CIN,NL,,33,0.83,444,51,115,23,1,14,67,2,1,38,71,2,6,1,5,10,127,2,0,0,0,0,0,0,0
150439,Gary Matthews,LAA,AL,,35,0.85,444,62,115,24,3,12,54,10,4,45,89,3,3,0,4,10,0,0,0,0,0,37,31,43,106
150449,Rick Ankiel,SLN,NL,,30,0.72,402,62,107,20,2,21,68,3,1,39,92,2,4,1,4,8,0,0,0,0,0,17,89,1,106
150456,Adam Kennedy,TBA,AL,,33,0.79,376,43,96,18,3,5,39,9,4,30,57,5,3,1,3,12,0,3,84,0,0,1,0,9,10
150472,Ryan Freel,BAL,AL,,33,0.74,270,38,70,15,1,4,21,14,6,25,52,1,4,2,1,5,0,0,3,4,0,13,23,5,34
150479,Felipe Lopez,ARI,NL,,29,0.86,475,63,125,23,3,8,44,17,7,48,89,2,3,4,3,10,0,1,101,13,13,16,0,1,17
150482,Josh Phelps,SFN,NL,,31,0.43,209,28,58,10,1,7,30,2,1,22,49,1,3,1,1,5,0,4,0,0,0,3,0,2,5
150484,Vernon Wells,TOR,AL,,31,0.85,450,64,123,26,2,17,70,8,3,38,66,3,3,0,6,11,0,0,0,0,0,0,100,0,100
204020,Lance Berkman,HOU,NL,,33,0.87,505,88,146,30,2,28,95,9,3,83,105,13,6,0,5,11,0,152,0,0,0,0,0,0,0
206551,Melvin Mora,BAL,AL,,37,0.85,481,68,128,23,1,16,71,6,4,41,80,2,7,4,5,14,0,0,0,124,1,0,0,0,0
209315,David Newhan,,,,36,0.52,239,29,59,10,2,6,28,4,1,20,53,1,2,1,2,6,0,0,28,0,0,2,0,0,2
217100,Willie Bloomquist,KCA,AL,,32,0.68,279,43,74,8,1,4,23,14,4,29,52,1,3,3,1,6,0,0,7,1,12,8,23,13,43
232694,Casey Blake,LAN,NL,,36,0.85,505,68,134,30,2,18,71,5,2,48,113,6,8,2,4,12,0,29,1,133,1,0,0,0,0
236155,Robinson Cancel,NYN,NL,,33,0.18,202,26,53,10,1,6,25,4,3,19,37,1,2,2,1,4,15,0,0,0,0,0,0,0,0
275930,David Eckstein,SDN,NL,,34,0.82,388,47,108,20,1,4,30,6,2,29,39,1,9,6,4,8,0,0,24,0,57,0,0,0,0
276054,Brady Clark,NYN,NL,,36,0.62,190,23,48,8,1,3,18,2,2,20,33,2,4,2,2,5,0,0,0,0,0,2,0,2,4
276055,Adam Dunn,WAS,NL,,30,0.87,483,79,119,23,1,32,86,6,1,96,151,9,5,1,4,9,0,19,0,0,0,119,0,23,141
276346,Brandon Inge,DET,AL,,32,0.84,406,52,94,20,2,14,57,6,3,40,107,3,7,4,4,7,60,0,0,51,0,2,13,0,13
276354,Matt Treanor,DET,AL,,33,0.68,295,30,73,12,1,6,33,2,1,30,64,3,5,4,3,5,65,0,0,0,0,0,0,0,0
276361,Adam Everett,DET,AL,,32,0.74,269,30,63,14,2,4,30,4,2,21,41,2,2,4,3,3,0,0,1,0,44,0,0,0,0
276372,Luis Rivas,,,,30,0.49,284,38,69,12,3,7,34,4,2,23,45,1,2,2,2,8,0,0,29,1,31,0,0,0,0
276376,Nick Johnson,WAS,NL,,31,0.69,222,36,59,17,0,9,33,3,1,44,46,5,5,1,2,5,0,35,0,0,0,0,0,0,0
276377,Wily Mo Pena,WAS,NL,,27,0.73,306,36,78,14,1,10,36,2,1,24,83,1,3,0,2,7,0,0,0,0,0,54,0,0,54
276519,Jimmy Rollins,PHI,NL,,31,0.88,533,87,148,32,9,17,63,31,4,47,66,4,5,1,4,10,0,0,0,0,132,0,0,0,0
276545,Michael Young,TEX,AL,,33,0.88,570,78,166,34,2,10,77,9,2,46,96,2,3,0,4,18,0,0,0,0,152,0,0,0,0
276547,Dewayne Wise,CHA,AL,,31,0.42,244,34,62,11,3,8,31,8,1,20,51,2,2,4,2,7,0,0,0,0,0,24,23,6,46
279566,Nathan Haynes,TEX,AL,,30,0.26,205,28,54,8,1,4,22,6,3,19,43,1,2,1,1,4,0,0,0,0,0,2,2,15,18
279577,Rafael Furcal,LAN,NL,,32,0.82,310,49,87,15,3,6,29,13,4,33,45,1,1,1,1,5,0,0,0,0,36,0,0,0,0
279827,Humberto Quintero,HOU,NL,,30,0.5,269,30,67,13,1,5,26,2,1,18,54,2,5,4,1,8,59,0,0,0,0,0,0,0,0
279913,Corey Patterson,WAS,NL,,30,0.82,411,57,102,20,3,11,43,25,8,22,70,2,3,7,3,3,0,0,0,0,0,0,124,0,124
280061,Corky Miller,CHA,NL,,33,0.28,211,25,47,9,1,6,25,3,1,19,43,1,2,2,2,6,29,0,0,0,0,0,0,0,0
282597,Adam Melhuse,TEX,AL,,37,0.45,205,22,48,10,1,5,24,2,1,17,52,1,2,1,1,6,10,0,0,2,0,0,0,0,0
282905,Andy Tracy,PHI,NL,,36,0.02,179,24,46,10,1,5,24,3,1,18,35,1,2,1,2,4,0,0,0,0,0,0,0,0,0
283051,Johnny Estrada,,,,33,0.74,255,25,69,14,0,6,33,1,0,12,31,2,3,1,3,8,14,0,0,0,0,0,0,0,0
285068,Cody Ransom,NYA,AL,,33,0.27,200,32,53,11,1,8,27,3,1,24,43,2,3,2,1,4,0,19,2,4,9,0,0,0,0
285078,Josh Hamilton,TEX,AL,,28,0.8,519,82,153,29,4,26,94,7,2,54,106,7,6,1,6,9,0,0,0,0,0,0,111,34,141
285131,Cesar Izturis,BAL,AL,,29,0.78,421,47,109,16,3,3,32,13,5,31,39,3,4,3,2,8,0,0,0,8,130,0,0,0,0
291565,Eric Byrnes,ARI,NL,,33,0.83,346,50,90,19,3,12,44,17,4,29,59,2,4,1,2,7,0,0,0,0,0,51,1,0,51
294558,Xavier Nady,NYA,AL,,31,0.84,501,65,142,30,1,20,78,4,2,35,101,3,10,1,3,14,0,3,0,0,0,46,0,89,134
324432,Augie Ojeda,ARI,NL,,35,0.61,303,38,76,12,3,4,30,2,1,33,43,3,7,4,2,7,0,0,44,28,22,0,0,0,0
325392,Scott Podsednik,COL,NL,,33,0.75,281,40,71,15,3,3,25,16,7,26,52,1,2,3,2,6,0,0,0,0,0,10,36,1,45
333292,Jack Wilson,PIT,NL,,32,0.82,380,45,103,21,1,7,35,3,3,26,45,3,4,5,3,8,0,0,0,0,80,0,0,0,0
333492,Aubrey Huff,BAL,AL,,33,0.86,533,73,149,35,3,21,79,3,1,50,85,5,3,0,5,11,0,24,0,33,0,0,0,0,0
334393,Juan Pierre,LAN,NL,,32,0.86,438,56,123,17,5,3,31,36,11,25,34,1,4,8,1,6,0,0,0,0,0,84,18,0,93
340192,Marco Scutaro,TOR,AL,,34,0.83,470,66,122,22,2,8,54,6,2,52,70,1,3,4,5,13,0,3,50,41,56,3,0,0,3
340393,Ross Gload,KCA,AL,,33,0.77,408,50,113,22,2,7,49,5,3,26,53,3,3,2,5,13,0,111,0,0,0,8,0,3,11
346795,Endy Chavez,SEA,AL,,31,0.73,331,41,91,16,3,4,31,8,2,24,42,3,1,8,2,8,0,0,0,0,0,54,10,60,120
346857,Nick Punto,MIN,AL,,32,0.82,392,50,99,18,4,3,33,13,5,41,70,1,1,5,3,8,0,0,26,12,61,0,3,0,3
346859,Jason Michaels,HOU,NL,,33,0.79,350,46,87,18,1,8,49,5,3,31,74,1,3,2,4,7,0,0,0,0,0,34,8,43,81
346874,Juan Uribe,SFN,NL,,30,0.82,396,45,95,21,2,13,52,2,4,26,80,1,3,5,3,7,0,0,51,57,4,0,0,0,0
348563,Morgan Ensberg,TBA,AL,,34,0.73,231,34,54,10,1,9,29,1,2,37,56,2,1,1,2,4,0,7,0,21,0,0,0,0,0
400018,Miguel Olivo,KCA,AL,,31,0.8,383,41,96,21,2,13,50,5,2,15,98,3,4,1,2,9,58,0,0,0,0,0,0,0,0
400023,Aaron Rowand,SFN,NL,,32,0.86,517,69,142,34,1,16,66,6,4,39,109,4,14,1,3,17,0,0,0,0,0,0,149,0,149
400073,Oscar Salazar,BAL,AL,1B,31,0.28,218,31,59,11,1,8,32,3,2,24,40,1,2,1,2,4,0,10,0,7,1,0,0,0,0
400085,Ichiro Suzuki,SEA,AL,,36,0.88,594,88,184,19,6,7,47,32,4,45,70,10,4,2,3,6,0,0,0,0,0,0,69,91,160
400090,Alex Cintron,WAS,NL,,31,0.67,269,32,72,11,2,5,31,5,2,17,43,1,2,2,2,8,0,2,7,8,45,0,0,0,0
400091,Jack Cust,OAK,AL,,30,0.81,446,68,109,20,1,26,74,2,1,96,165,3,2,1,5,7,0,0,0,0,0,78,0,5,83
400098,Travis Hafner,CLE,AL,,32,0.82,319,48,83,17,1,15,56,2,1,55,75,9,5,0,3,8,0,0,0,0,0,0,0,0,0
400120,Chris Coste,PHI,NL,,36,0.69,332,38,90,18,1,11,46,2,1,21,61,2,8,3,2,8,78,1,0,0,0,0,0,0,0
400121,Victor Martinez,CLE,AL,,31,0.83,363,48,105,23,0,10,58,1,0,40,53,6,4,0,5,14,55,10,0,0,0,0,0,0,0
400134,Eric Hinske,PIT,NL,,32,0.77,386,56,94,22,2,16,52,7,2,47,95,4,3,0,2,12,0,11,0,8,0,40,0,49,89
400136,Jason Smith,HOU,NL,,32,0.47,210,27,50,8,1,7,25,3,1,15,59,1,2,1,1,4,0,1,9,5,0,1,0,0,1
400140,Wilson Betemit,CHA,AL,,28,0.74,293,39,75,17,0,12,44,2,1,29,81,2,1,2,2,7,0,36,3,21,14,0,0,0,0
400154,Dane Sardinha,DET,AL,,30,0.17,199,24,50,9,2,5,24,3,1,20,40,1,2,2,1,5,17,0,0,0,0,0,0,0,0
400284,Chase Utley,PHI,NL,,31,0.87,536,97,160,37,4,24,88,11,2,54,99,5,18,1,6,8,0,2,159,0,0,0,0,0,0
400290,Austin Kearns,WAS,NL,,29,0.84,388,54,98,20,1,12,49,4,2,47,81,2,7,1,3,11,0,0,0,0,0,0,0,85,85
405395,Albert Pujols,SLN,NL,,29,0.87,491,90,161,34,1,31,99,5,3,86,57,22,5,0,6,18,0,144,1,0,0,0,0,0,0
406550,Jamie Burke,SEA,AL,,38,0.46,235,31,62,12,1,5,26,2,2,18,38,1,4,4,2,6,43,1,0,1,0,0,0,0,0
406670,Rob Mackowiak,NYN,NL,,33,0.68,233,30,59,11,1,5,26,3,1,24,55,2,4,1,2,4,0,0,0,0,0,12,0,2,14
406878,Brian Roberts,BAL,AL,,32,0.87,546,87,155,38,5,10,53,34,7,69,89,4,1,3,5,10,0,0,155,0,0,0,0,0,0
407155,Craig Monroe,PIT,NL,,32,0.78,303,43,71,18,1,12,46,1,2,24,77,1,1,1,3,8,0,0,0,0,0,1,7,3,11
407397,Esteban German,CHN,NL,,31,0.76,315,44,85,17,4,4,35,8,4,35,59,1,4,5,3,8,0,0,35,6,3,39,0,0,39
407399,J.R. House,KCA,AL,1B,30,0.15,185,24,46,10,1,6,23,3,1,16,38,1,3,1,1,4,0,0,0,0,0,0,0,0,0
407483,Willie Harris,WAS,NL,,31,0.76,395,63,101,19,5,9,43,15,7,47,77,2,4,2,3,7,0,0,14,14,3,86,17,0,103
407487,Juan Rivera,LAA,AL,,31,0.72,313,40,85,17,0,13,52,2,2,23,46,1,3,0,5,11,0,1,1,0,0,41,1,19,59
407489,Lyle Overbay,TOR,AL,,32,0.85,497,64,133,32,2,14,63,3,2,57,98,4,2,1,4,17,0,156,0,0,0,0,0,0,0
407496,Ramon Vazquez,,,,33,0.74,357,50,92,18,3,9,42,2,1,38,80,2,2,7,4,6,0,1,11,70,26,0,0,0,0
407556,Angel Berroa,NYA,AL,,31,0.7,300,33,71,14,1,5,31,2,1,20,57,2,3,5,1,13,0,0,5,0,79,0,0,0,0
407576,Mike Rivera,MIL,NL,,33,0.42,211,27,56,12,1,7,33,3,1,19,38,3,3,1,2,5,17,3,0,0,0,0,0,0,0
407777,Ben Broussard,CHA,AL,,33,0.71,248,31,64,10,0,9,31,2,1,18,56,2,3,0,2,6,0,26,0,0,0,0,0,0,0
407781,Marlon Byrd,TEX,AL,,32,0.8,423,64,119,23,5,11,57,6,3,41,81,3,7,1,4,10,0,0,0,0,0,31,57,39,118
407792,Alfredo Amezaga,FLO,NL,,31,0.79,372,46,96,15,5,4,33,12,6,31,57,2,4,4,2,6,0,0,10,15,19,0,79,0,79
407797,Nick Green,MIL,NL,,31,0.25,180,23,43,9,1,5,19,3,2,17,43,1,2,1,1,4,,,,,,,,,
407798,Ryan Langerhans,WAS,NL,,29,0.7,253,35,57,12,2,7,27,3,1,37,72,3,2,1,1,5,0,2,0,0,0,24,0,12,36
407801,Marcus Thames,DET,AL,,32,0.77,365,54,90,18,1,23,61,2,2,30,98,1,2,0,2,6,0,9,0,0,0,73,0,7,80
407812,Matt Holliday,OAK,AL,,29,0.87,516,95,164,37,3,25,92,15,3,56,101,5,8,0,3,14,0,0,0,0,0,139,0,0,139
407833,John Buck,KCA,AL,,29,0.8,399,48,93,23,1,13,52,1,2,38,97,2,7,1,4,11,107,0,0,0,0,0,0,0,0
407849,Bill Hall,MIL,NL,,30,0.84,423,60,105,27,1,17,59,5,5,42,121,3,3,2,4,8,0,0,6,113,0,0,0,0,0
407861,Orlando Hudson,LAN,NL,,32,0.85,431,58,123,26,5,9,48,6,2,48,70,2,2,3,4,16,0,0,105,0,0,0,0,0,0
407862,Reed Johnson,CHN,NL,,33,0.79,373,55,104,22,1,7,41,6,4,26,74,2,12,4,3,7,0,0,0,0,0,26,78,6,99
407871,Joe Thurston,SLN,NL,,30,0.08,182,24,46,10,1,5,22,3,1,17,34,1,3,1,1,4,0,0,0,0,0,4,0,0,4
407876,Chip Ambres,BOS,AL,,30,0.17,198,25,51,10,1,5,22,4,1,22,44,1,2,1,1,4,0,0,0,0,0,0,3,7,10
407885,Mark Ellis,OAK,AL,,32,0.85,462,62,116,24,2,13,52,9,2,44,77,2,6,3,3,11,0,0,115,0,0,0,0,0,0
407886,Ryan Ludwick,SLN,NL,,31,0.79,478,79,135,33,2,26,87,5,4,50,119,3,7,2,5,7,0,0,0,0,0,29,14,124,149
407891,Kevin Mench,TOR,AL,,31,0.74,270,34,70,17,2,6,34,3,1,21,37,3,2,0,3,5,0,0,0,0,0,21,0,15,33
407893,Mark Teixeira,NYA,AL,,29,0.87,513,84,150,35,1,27,97,2,0,76,101,10,6,0,5,12,0,153,0,0,0,0,0,0,0
407932,Ryan Jorgensen,MIN,AL,,30,0.05,181,25,47,9,1,6,26,3,1,17,36,1,2,1,1,4,2,0,0,0,0,0,0,0,0
408036,Josh Bard,BOS,AL,,31,0.75,304,32,81,19,1,6,38,2,1,35,50,3,1,1,2,10,49,0,0,0,0,0,0,0,0
408039,So Taguchi,CHN,NL,,40,0.71,255,37,65,13,1,3,26,6,2,23,40,1,3,4,1,7,0,0,0,0,0,38,1,11,48
408042,Gerald Laird,DET,AL,,30,0.79,394,56,102,24,2,9,45,5,3,29,85,2,4,4,4,6,88,0,0,2,0,0,0,0,0
408045,Joe Mauer,MIN,AL,,26,0.85,483,80,154,30,3,10,74,5,2,71,57,11,2,1,7,17,139,0,0,0,0,0,0,0,0
408047,Justin Morneau,MIN,AL,,28,0.87,550,82,160,35,3,24,106,2,2,61,85,10,4,0,8,15,0,155,0,0,0,0,0,0,0
408108,Freddy Sanchez,PIT,NL,,32,0.86,525,69,152,33,2,9,62,2,1,28,65,3,5,4,7,12,0,0,131,0,0,0,0,0,0
408201,Howie Clark,MIN,AL,,35,0.2,186,24,47,11,1,4,21,3,1,19,34,2,2,1,2,4,0,2,1,1,0,0,0,0,0
408210,Chone Figgins,LAA,AL,,31,0.85,449,70,126,19,4,5,42,33,11,53,82,2,2,2,4,7,0,0,9,105,0,0,0,0,0
408211,Kevin Cash,BOS,AL,,32,0.44,250,28,60,13,1,6,30,2,1,28,68,2,2,1,3,8,57,0,0,4,0,0,0,0,0
408212,Gabe Gross,TBA,AL,,30,0.75,363,53,90,20,2,13,48,5,2,50,84,2,3,1,3,6,0,0,0,0,0,2,18,121,137
408213,Hank Blalock,TEX,AL,,29,0.78,330,45,90,20,2,12,48,3,1,30,58,3,2,0,2,10,0,34,0,31,0,0,0,0,0
408219,Chris Duncan,SLN,NL,,28,0.77,325,47,86,15,1,15,49,3,1,43,85,3,2,0,2,7,0,21,0,0,0,43,0,2,45
408234,Miguel Cabrera,DET,AL,,26,0.87,534,83,166,36,2,28,104,4,2,64,108,14,5,1,6,14,0,143,0,14,0,0,0,0,0
408236,Adrian Gonzalez,SDN,NL,,27,0.87,553,86,157,34,2,26,90,1,1,60,120,11,4,1,4,15,0,161,0,0,0,0,0,0,0
408242,Wil Nieves,WAS,NL,,32,0.51,275,30,68,15,1,5,33,2,1,22,49,2,1,5,2,9,61,0,0,0,0,0,0,0,0
408252,Brandon Phillips,CIN,NL,,28,0.86,525,76,143,24,4,20,73,22,6,36,90,4,7,2,5,16,0,0,140,0,0,0,0,0,0
408299,Omar Infante,ATL,NL,,28,0.73,355,51,100,21,3,6,43,4,2,27,61,2,3,3,4,7,0,0,10,32,20,34,3,0,36
408305,Jorge Cantu,FLO,NL,,27,0.82,504,66,136,31,1,19,73,4,2,38,97,4,7,1,6,14,0,66,0,129,0,0,0,0,0
408306,Rocco Baldelli,BOS,AL,,28,0.65,237,34,63,14,2,9,32,5,1,17,53,1,4,1,1,3,0,0,0,0,0,1,0,6,7
408307,Carl Crawford,TBA,AL,,28,0.85,463,70,135,20,8,10,60,32,7,31,76,3,3,2,3,9,0,0,0,0,0,108,1,0,108
408311,Justin Huber,SDN,NL,,27,0.25,210,27,55,11,1,6,27,3,1,18,46,1,3,2,1,4,0,0,0,0,0,22,0,0,22
408312,Mike Jacobs,KCA,AL,,29,0.83,461,60,118,29,2,22,73,3,1,39,109,5,2,0,4,11,0,119,0,0,0,0,0,0,0
408314,Jose Reyes,NYN,NL,,26,0.88,591,101,173,31,13,14,62,52,14,60,75,8,1,4,2,7,0,0,0,0,159,0,0,0,0
421064,Ty Wigginton,BAL,AL,,32,0.83,429,54,117,24,1,20,60,4,4,35,87,1,6,1,4,11,0,0,0,82,0,31,0,0,31
421124,Ramon Santiago,DET,AL,,30,0.53,247,41,66,12,3,6,30,5,1,25,42,1,6,6,1,4,0,0,21,6,33,0,0,0,0
421684,Chris Snelling,SDN,NL,,28,0.38,181,26,48,9,1,5,22,3,1,23,42,1,4,2,1,3,0,0,0,0,0,0,0,0,0
424325,Dave Ross,ATL,NL,,32,0.73,279,35,65,14,1,13,37,1,1,37,76,5,2,5,3,7,54,0,0,0,0,0,0,0,0
424726,Jason Bay,BOS,AL,,31,0.87,513,85,138,27,3,24,84,8,1,70,129,4,6,0,7,9,0,0,0,0,0,154,0,0,154
424825,Coco Crisp,KCA,AL,,30,0.83,413,61,111,22,4,7,45,19,5,39,70,1,2,7,3,8,0,0,0,0,0,0,114,0,114
425206,Jamey Carroll,CLE,AL,,35,0.8,372,62,98,16,3,4,36,8,5,40,65,1,6,7,3,5,0,0,74,43,0,1,0,0,1
425429,Andy Phillips,PIT,NL,,32,0.63,238,32,61,11,1,6,30,2,2,19,45,1,2,2,2,7,0,5,6,8,0,2,0,0,2
425446,Aaron Miles,CHN,NL,,33,0.81,411,51,116,18,2,4,35,3,2,30,48,3,1,4,3,11,0,0,85,11,27,4,1,1,6
425468,Rob Bowen,OAK,AL,,28,0.57,234,31,56,13,1,6,29,2,2,27,70,2,2,3,2,4,31,1,0,0,0,0,0,0,0
425477,Robb Quinlan,LAA,AL,,32,0.67,282,33,76,11,2,6,32,5,2,22,47,1,3,1,2,8,0,22,0,39,0,3,0,3,6
425489,Jose Castillo,HOU,NL,,28,0.8,416,45,105,26,2,8,45,3,2,27,82,3,3,1,3,16,0,0,12,110,4,0,0,0,0
425491,Ryan Doumit,PIT,NL,,28,0.77,415,60,119,30,1,14,59,3,2,32,75,4,8,1,4,9,106,1,0,0,0,0,0,0,0
425496,Cody Ross,FLO,NL,,29,0.78,425,59,113,27,3,20,69,5,1,37,100,3,6,1,4,7,0,0,0,0,0,17,109,35,133
425503,Freddie Bynum,WAS,NL,,29,0.55,247,36,60,12,3,5,26,9,4,17,63,1,3,3,1,5,0,0,1,0,37,0,0,0,0
425506,Jody Gerut,SDN,NL,,32,0.6,344,47,97,17,3,13,45,6,3,31,59,1,1,1,1,4,0,0,0,0,0,0,80,9,87
425508,Ryan Church,NYN,NL,,31,0.79,382,52,103,26,1,13,56,4,2,41,93,3,5,1,3,10,0,0,0,0,0,0,0,83,83
425509,Jhonny Peralta,CLE,AL,,27,0.87,536,84,145,31,3,18,71,3,2,51,125,2,3,2,5,17,0,0,0,1,146,0,0,0,0
425533,Jason Ellison,PHI,NL,,31,0.39,194,30,48,9,1,5,19,4,3,17,41,1,2,3,1,4,0,0,0,0,0,2,2,3,7
425542,Koyie Hill,CHN,NL,,30,0.31,198,22,45,10,1,5,25,2,1,18,44,1,2,2,2,5,9,0,0,0,0,0,0,0,0
425545,Josh Willingham,WAS,NL,,30,0.84,404,56,106,23,3,16,60,4,1,49,92,2,11,1,3,9,0,0,0,0,0,98,0,0,98
425547,Brad Hawpe,COL,NL,,30,0.85,470,66,132,27,4,22,83,3,3,69,122,8,2,1,3,9,0,0,0,0,0,0,0,133,133
425548,Garrett Atkins,COL,NL,,30,0.87,536,79,157,32,2,20,91,3,1,53,86,2,3,0,8,17,0,61,1,94,0,0,0,0,0
425549,Clint Barmes,COL,NL,,30,0.76,377,46,97,22,4,9,43,8,3,21,68,2,4,7,3,7,0,0,61,13,36,0,0,1,1
425556,Laynce Nix,CIN,NL,,29,0.21,188,22,44,9,1,5,23,3,1,15,44,1,2,1,2,4,0,0,0,0,0,2,0,0,2
425557,Jeff Baker,COL,NL,,28,0.67,344,55,91,21,3,13,51,5,1,31,86,2,2,1,4,8,0,22,49,9,0,0,0,3,3
425560,Adam LaRoche,PIT,NL,,30,0.85,478,67,129,33,2,22,77,2,1,53,116,5,3,1,5,11,0,129,0,0,0,0,0,0,0
425565,Guillermo Quiroz,BAL,AL,,28,0.4,247,29,59,12,1,6,30,3,1,24,53,1,2,1,1,6,54,0,0,0,0,0,0,0,0
425567,Alexis Rios,TOR,AL,,28,0.87,559,86,163,39,6,17,76,20,5,45,100,2,4,0,6,13,0,0,0,0,0,0,62,93,151
425631,Robby Hammock,BAL,NL,,32,0.27,204,26,51,10,1,4,21,3,1,20,39,2,3,1,1,5,15,0,0,0,0,0,0,0,0
425634,Mike Hessman,DET,AL,3B,31,0.24,196,28,52,9,1,10,31,3,1,19,45,1,3,1,2,4,0,0,0,12,0,0,0,0,0
425659,Hector Luna,TOR,AL,,29,0.52,187,23,50,10,1,4,22,3,2,16,35,1,1,0,1,4,0,0,0,0,0,0,0,0,0
425661,Ronny Paulino,FLO,NL,,28,0.77,286,31,77,14,0,6,36,2,1,24,53,2,1,1,2,9,32,0,0,0,0,0,0,0,0
425664,Shane Victorino,PHI,NL,,29,0.85,509,84,143,26,6,12,54,26,6,40,71,2,9,5,1,9,0,0,0,0,0,0,139,5,143
425686,Hideki Matsui,NYA,AL,,35,0.81,397,60,110,20,2,14,61,3,1,48,60,4,3,0,4,9,0,0,0,0,0,21,0,3,23
425766,James Loney,LAN,NL,,25,0.81,511,64,154,30,6,15,83,5,3,43,75,6,3,1,5,17,0,158,0,0,0,0,0,0,0
425769,Eliezer Alfonzo,SDN,NL,,30,0.51,194,21,50,10,1,6,24,2,1,12,48,3,3,1,2,7,2,0,0,0,0,0,0,0,0
425772,Jeff Mathis,LAA,AL,,26,0.68,335,45,74,16,1,10,47,3,2,35,89,3,3,6,5,4,94,0,0,0,0,0,0,0,0
425773,Casey Kotchman,ATL,NL,,26,0.81,480,64,133,30,2,13,68,3,3,45,51,3,6,2,4,16,0,141,0,0,0,0,0,0,0
425774,Dallas McPherson,,,3B,29,0.27,187,26,49,10,1,7,23,3,1,18,45,2,1,1,1,4,0,0,0,2,0,0,0,0,0
425783,Shin-Soo Choo,CLE,AL,,27,0.67,336,61,99,25,3,12,59,6,4,42,80,4,4,1,4,6,0,0,0,0,0,26,0,51,75
425785,Greg Dobbs,PHI,NL,,31,0.69,325,44,90,20,3,11,51,4,1,25,63,3,2,1,3,7,0,2,0,52,0,3,0,4,7
425796,Jeff Francoeur,ATL,NL,,25,0.87,549,70,147,30,2,16,79,3,2,36,106,5,7,0,4,14,0,0,0,0,0,0,0,152,152
425834,B.J. Upton,TBA,AL,,25,0.83,491,79,139,29,2,14,68,29,10,74,128,4,3,2,5,12,0,0,0,0,0,0,143,0,143
425853,Bobby Crosby,OAK,AL,,29,0.83,493,59,117,27,1,10,53,9,3,43,92,1,1,1,2,15,0,0,0,0,145,0,0,0,0
425867,Khalil Greene,SLN,NL,,30,0.84,436,52,104,25,2,15,55,5,1,30,98,2,5,0,6,10,0,0,0,0,105,0,0,0,0
425877,Yadier Molina,SLN,NL,,27,0.82,434,39,119,21,0,8,53,2,2,36,47,4,4,4,4,18,119,2,0,0,0,0,0,0,0
425900,Dioner Navarro,TBA,AL,,25,0.81,427,49,115,23,1,9,52,3,3,40,66,3,3,4,4,13,117,0,0,0,0,0,0,0,0
425902,Prince Fielder,MIL,NL,,25,0.87,525,84,148,30,2,32,91,4,2,73,113,13,11,0,6,11,0,155,0,0,0,0,0,0,0
425903,Kevin Youkilis,BOS,AL,,30,0.86,491,79,141,35,2,18,80,4,3,65,101,3,10,0,7,10,0,126,0,36,0,0,0,2,2
425904,Luis Rodriguez,SDN,NL,,29,0.65,295,35,76,14,1,4,26,3,1,25,36,1,2,5,3,11,0,2,7,1,52,0,0,0,0
428642,Luis Montanez,BAL,AL,,28,0.33,235,35,66,13,2,7,31,3,1,18,44,1,2,1,2,4,0,0,0,0,0,26,5,5,33
429662,Josh Barfield,CLE,AL,,27,0.75,242,31,63,13,1,4,28,7,2,14,46,2,2,1,2,3,0,0,9,0,0,0,0,0,0
429663,Chris Burke,SEA,AL,,29,0.75,294,39,71,16,1,6,29,8,1,30,57,4,6,4,2,6,0,9,18,4,2,18,0,9,26
429664,Robinson Cano,NYA,AL,,27,0.86,543,72,160,36,3,15,76,4,4,31,70,4,5,1,4,17,0,0,159,0,0,0,0,0,0
429665,Edwin Encarnacion,CIN,NL,,26,0.84,483,69,131,29,1,19,71,5,1,50,91,3,11,0,3,9,0,0,0,143,0,0,0,0,0
429666,J.J. Hardy,MIL,NL,,27,0.84,525,74,146,28,2,21,69,3,2,45,83,2,2,4,2,14,0,0,0,0,145,0,0,0,0
429667,Ryan Howard,PHI,NL,,30,0.87,522,87,140,24,2,40,119,2,1,83,169,22,5,0,5,10,0,159,0,0,0,0,0,0,0
429708,Andy Marte,CLE,AL,,26,0.63,304,34,73,18,1,7,34,2,2,23,62,1,2,4,1,6,0,1,0,76,0,0,0,0,0
429710,Chad Tracy,ARI,NL,,29,0.79,335,43,90,22,1,10,46,2,1,31,67,3,2,1,3,7,0,65,0,2,0,0,0,0,0
429711,Franklin Gutierrez,SEA,AL,,26,0.76,406,58,107,24,2,11,46,9,3,31,92,2,5,5,3,10,0,0,0,0,0,11,12,97,119
429712,Felix Pie,BAL,AL,,24,0.51,239,33,60,12,3,5,30,7,1,22,56,1,2,1,2,4,0,0,0,0,0,1,39,0,40
429713,Grady Sizemore,CLE,AL,,27,0.88,553,97,153,35,5,24,72,26,6,80,124,9,11,1,2,4,0,0,0,0,0,0,151,0,151
429731,Eric Bruntlett,PHI,NL,,31,0.65,296,41,72,14,1,4,29,9,3,32,54,3,3,4,1,7,0,2,5,27,35,29,0,7,36
429841,Matt Diaz,ATL,NL,,31,0.73,285,33,84,14,1,8,33,5,2,15,55,2,4,1,3,7,0,0,0,0,0,37,0,0,37
430001,Rickie Weeks,MIL,NL,,27,0.83,449,85,112,22,5,14,45,20,4,63,111,2,14,2,3,6,0,0,120,0,0,0,0,0,0
430203,David DeJesus,KCA,AL,,30,0.86,493,74,138,26,6,9,58,8,5,48,73,4,10,4,4,9,0,0,0,0,0,71,68,24,134
430321,Delmon Young,MIN,AL,,24,0.84,538,68,158,30,2,11,70,11,4,31,100,4,5,1,5,16,0,0,0,0,0,151,0,0,151
430404,Jonny Gomes,CIN,NL,,29,0.76,285,39,65,15,1,13,39,7,3,33,85,2,6,0,4,4,0,0,0,0,0,9,0,21,30
430565,Kazuo Matsui,HOU,NL,,34,0.8,410,65,113,24,4,7,40,21,4,36,70,1,1,6,3,4,0,0,94,0,0,0,0,0,0
430574,Mitch Maier,KCA,AL,,27,0.31,224,29,61,9,2,5,27,3,2,18,43,1,3,2,1,6,0,0,0,0,0,0,34,4,34
430583,Jason Bartlett,TBA,AL,,30,0.83,455,57,126,22,4,4,42,17,5,35,71,2,8,2,4,9,0,0,0,0,125,0,0,0,0
430584,Terry Tiffee,PHI,NL,,30,0.13,181,23,47,9,1,6,23,3,1,17,34,2,2,1,1,5,0,0,0,0,0,1,0,0,1
430585,Jason Kubel,MIN,AL,,27,0.81,454,62,122,25,3,17,69,4,1,44,88,2,1,1,5,12,0,0,0,0,0,18,0,32,49
430590,Charlton Jimerson,SEA,AL,,30,0.03,180,29,49,10,1,6,24,5,1,17,35,1,2,1,1,5,0,0,0,0,0,1,0,0,1
430592,Ronny Cedeno,SEA,AL,,26,0.73,298,37,77,14,2,6,34,5,3,20,60,2,2,4,2,6,0,0,43,7,27,1,1,0,2
430593,Brendan Harris,MIN,AL,,29,0.8,450,60,122,29,3,10,51,3,1,40,92,1,4,6,3,14,0,2,39,34,55,0,0,0,0
430598,Jeremy Reed,NYN,NL,,28,0.66,325,39,84,17,3,6,35,4,3,24,51,1,3,3,3,7,0,1,0,0,0,6,58,14,77
430605,Ryan Raburn,DET,AL,,28,0.57,285,44,76,18,2,8,39,5,1,25,65,2,1,2,1,7,0,0,16,18,0,30,6,22,57
430611,Corey Hart,MIL,NL,,27,0.84,532,75,149,36,6,20,79,19,7,35,103,3,7,4,7,12,0,0,0,0,0,0,0,156,156
430622,Cory Sullivan,NYN,NL,,30,0.63,202,26,53,11,3,3,21,4,2,17,45,1,2,4,2,4,0,0,0,0,0,2,5,5,11
430631,Reggie Abercrombie,HOU,NL,,29,0.55,215,33,53,12,1,6,23,8,3,16,58,1,3,2,2,3,0,0,0,0,0,12,11,0,22
430632,Willy Aybar,TBA,AL,,26,0.69,338,41,90,20,2,9,40,3,2,36,52,2,4,2,1,8,0,19,10,41,2,0,0,0,0
430637,Kelly Johnson,ATL,NL,,27,0.82,498,80,140,31,6,13,64,9,5,59,105,3,3,5,3,6,0,0,144,0,0,0,0,0,0
430640,Tony Pena,KCA,AL,,28,0.74,347,42,83,15,3,4,32,4,3,15,63,2,2,4,3,8,0,0,0,0,94,0,0,0,0
430649,Ivan Ochoa,BOS,AL,,27,0.36,238,26,59,14,1,5,22,3,2,18,49,2,4,6,1,6,0,0,8,0,35,0,0,0,0
430652,Jason Bourgeois,CHA,AL,,27,0.01,180,25,49,11,1,5,24,3,1,18,34,1,2,1,1,4,0,0,1,0,0,0,0,0,0
430668,Scott Hairston,SDN,NL,,29,0.72,368,49,93,22,3,16,43,4,1,34,84,2,3,3,2,5,0,0,1,0,0,49,51,0,88
430681,Dan Johnson,,,,30,0.72,228,28,54,11,1,8,31,1,0,33,43,2,1,0,2,6,0,8,0,0,0,1,0,0,1
430828,Chris Shelton,SEA,AL,,29,0.6,228,31,59,11,1,7,28,2,1,25,60,1,2,2,1,6,0,39,0,1,0,0,0,0,0
430832,Jose Bautista,TOR,AL,,29,0.83,411,55,101,23,1,14,53,3,2,48,93,3,5,5,4,12,0,5,2,99,0,0,0,0,0
430838,Willy Taveras,CIN,NL,,28,0.84,457,67,126,17,3,3,32,41,7,34,77,1,7,10,2,5,0,0,0,0,0,0,124,0,124
430894,Chris Aguila,NYN,NL,,30,0.24,186,21,47,11,1,4,21,3,1,19,40,2,1,1,1,5,0,0,0,0,0,6,0,0,6
430895,Maicer Izturis,LAA,AL,,29,0.78,356,53,98,19,2,6,47,10,3,35,44,1,2,2,3,8,0,0,23,5,52,0,0,0,0
430897,Nick Swisher,NYA,AL,,29,0.86,470,77,115,24,1,21,68,3,2,78,121,7,6,1,5,12,0,71,0,0,0,18,70,18,97
430905,Ruben Gotay,PIT,NL,,27,0.54,248,32,68,14,1,6,30,4,3,26,57,1,2,3,1,6,0,0,3,10,0,0,0,0,0
430906,Donnie Murphy,OAK,AL,,26,0.48,242,33,58,13,1,8,34,4,1,24,62,1,3,1,2,5,0,0,10,24,13,1,0,0,1
430910,Brayan Pena,ATL,NL,,27,0.22,191,27,51,10,1,5,23,3,1,16,33,1,2,1,1,5,0,0,0,0,0,0,0,0,0
430917,Mike Fontenot,CHN,NL,,29,0.67,323,48,92,22,3,9,46,5,2,37,64,2,3,2,3,5,0,0,82,0,1,0,0,0,0
430927,Brian Buscher,MIN,AL,,28,0.57,294,39,81,13,1,7,49,3,2,29,56,1,1,1,6,7,0,6,1,64,0,0,0,0,0
430930,Fred Lewis,SFN,NL,,29,0.74,427,73,119,22,7,9,44,15,5,46,101,2,2,1,2,7,0,0,0,0,0,112,14,2,123
430931,Daniel Ortmeier,COL,NL,,28,0.47,228,28,61,13,2,6,26,4,2,19,53,2,3,1,2,4,0,13,0,0,0,13,0,2,15
430945,Adam Jones,BAL,AL,,24,0.72,425,59,116,20,5,10,52,10,3,27,94,1,6,2,4,10,0,0,0,0,0,0,129,0,129
430946,Jose Lopez,SEA,AL,,26,0.86,556,69,156,29,3,13,73,5,3,28,70,2,4,7,5,14,0,13,139,0,0,0,0,0,0
430947,Erick Aybar,LAA,AL,,25,0.7,373,51,101,18,4,5,43,7,3,23,58,1,5,6,2,7,0,0,2,0,96,0,0,0,0
430948,Alberto Callaspo,KCA,AL,,26,0.62,300,32,82,14,3,3,29,3,2,27,36,1,2,2,2,9,0,0,46,1,18,3,0,0,3
430956,Michael Aubrey,CLE,AL,,27,0.17,200,25,52,9,1,7,24,3,1,21,35,1,2,1,1,5,0,12,0,0,0,0,0,0,0
430958,Mike Rabelo,FLO,NL,,29,0.53,251,27,62,11,1,6,29,2,1,19,55,1,4,3,3,5,32,0,0,0,0,0,0,0,0
430965,Chris Snyder,ARI,NL,,28,0.78,375,48,95,23,1,15,60,2,1,51,90,5,5,4,5,9,112,0,0,0,0,0,0,0,0
431094,Aaron Hill,TOR,AL,,27,0.82,344,44,97,22,1,7,39,4,2,27,54,2,3,3,3,10,0,0,55,0,0,0,0,0,0
431143,Edwin Bellorin,COL,NL,,27,0.02,180,25,49,10,1,5,23,3,1,18,33,1,2,1,1,5,2,0,0,0,0,0,0,0,0
431145,Russell Martin,LAN,NL,,26,0.86,507,80,145,28,2,14,73,16,6,70,80,5,5,1,4,15,149,0,0,11,0,0,0,0,0
431151,David Wright,NYN,NL,,27,0.88,549,96,169,37,2,26,101,19,4,78,105,6,5,0,7,13,0,0,0,159,0,0,0,0,0
431157,Joey Gathright,CHN,NL,,28,0.77,337,47,89,11,1,3,33,17,6,31,58,1,5,9,2,4,0,0,0,0,0,3,100,0,103
431158,Jeff Bailey,BOS,AL,,31,0.22,203,30,54,10,2,7,26,3,1,23,44,2,2,1,1,5,0,12,0,0,0,5,0,1,6
431159,Kelly Shoppach,CLE,AL,,29,0.72,371,59,97,26,1,17,57,2,1,35,121,2,7,4,2,7,110,0,0,0,0,0,0,0,0
431171,Casey McGehee,CHN,NL,,27,0.09,190,25,50,10,1,5,27,3,1,17,39,1,2,1,2,5,0,0,0,6,0,0,0,0,0
432928,Luke Scott,BAL,AL,,31,0.81,450,61,118,30,4,20,66,4,2,54,100,7,4,0,2,8,0,0,0,0,0,106,0,0,106
433582,Conor Jackson,ARI,NL,,27,0.85,485,73,141,29,3,14,70,6,2,56,66,3,7,2,4,13,0,68,0,0,0,77,0,0,77
433597,Mark Teahen,KCA,AL,,28,0.85,516,70,140,28,5,13,62,9,3,49,116,5,3,2,2,11,0,14,0,19,0,31,1,92,119
433697,Robinzon Diaz,PIT,NL,,26,0.04,183,25,50,10,1,5,24,4,1,18,34,1,2,1,1,4,1,0,0,0,0,0,0,0,0
433898,Jeff Keppinger,HOU,NL,,29,0.76,431,53,120,24,2,7,48,4,2,35,37,3,3,6,4,14,0,3,3,10,108,0,0,0,0
434158,Curtis Granderson,DET,AL,,28,0.87,515,93,144,28,12,18,61,13,3,57,120,2,4,3,3,5,0,0,0,0,0,0,140,0,140
434338,Joe Dillon,MIL,NL,,34,0.39,224,33,59,13,2,5,26,3,1,24,48,1,3,1,1,5,0,4,6,1,0,2,0,0,2
434525,Brad Nelson,MIL,NL,,27,0.03,181,25,49,11,1,5,23,3,1,19,33,1,2,1,1,4,0,2,0,0,0,0,0,0,0
434563,Carlos Ruiz,PHI,NL,,30,0.76,374,48,91,21,1,7,46,4,2,44,53,7,5,4,2,15,110,0,0,1,0,0,0,0,0
434567,Geovany Soto,CHN,NL,,26,0.72,430,60,125,30,2,18,70,2,1,50,98,4,3,1,4,9,136,0,0,0,0,0,0,0,0
434582,Paul McAnulty,BOS,AL,,28,0.46,247,28,60,13,1,7,30,2,1,33,59,3,3,1,2,3,0,0,0,0,0,35,0,15,48
434604,Mike Morse,SEA,AL,3B,27,0.19,184,24,53,12,1,5,26,3,1,18,37,1,3,1,2,4,0,0,0,0,0,0,0,5,5
434605,Wladimir Balentien,SEA,AL,,25,0.52,301,36,72,17,1,10,37,2,2,25,77,2,1,1,2,11,0,0,0,0,0,5,29,35,68
434624,Jayson Nix,CHA,AL,,27,0.21,205,24,49,11,1,5,23,4,1,22,43,3,2,2,1,5,0,0,20,0,0,0,0,0,0
434625,Jeff Salazar,PIT,NL,,29,0.53,249,36,63,13,3,5,29,4,2,31,60,2,3,2,1,4,0,0,0,0,0,27,4,18,47
434626,Ryan Shealy,KCA,AL,,30,0.6,233,31,61,11,1,8,37,2,1,20,59,1,3,1,1,6,0,20,0,0,0,0,0,0,0
434633,John Baker,FLO,NL,,28,0.49,275,41,78,17,1,8,40,2,1,34,59,4,3,1,3,7,59,0,0,0,0,0,0,0,0
434634,Jason Perry,ATL,NL,,29,0.07,187,24,48,10,2,5,24,3,1,17,36,1,2,1,1,5,0,0,0,0,0,0,0,4,4
434636,Angel Pagan,NYN,NL,,28,0.59,240,34,63,14,2,6,31,6,2,23,47,1,1,2,3,3,0,0,0,0,0,21,2,1,24
434658,Rajai Davis,OAK,AL,,29,0.63,303,44,78,13,3,5,28,26,7,24,54,1,3,3,2,4,0,0,1,0,0,3,88,1,92
434659,Chris Duffy,MIL,NL,,29,0.64,203,27,52,10,2,3,19,10,2,17,41,1,3,2,2,2,,,,,,,,,
434661,Nate McLouth,PIT,NL,,28,0.83,509,91,135,35,4,19,66,21,2,54,96,6,10,4,4,6,0,0,0,0,0,4,149,2,151
434664,Jason Botts,TEX,AL,,29,0.49,212,26,52,12,1,5,24,2,1,25,61,1,2,1,2,6,0,8,0,0,0,4,0,0,4
434670,Hanley Ramirez,FLO,NL,,26,0.87,544,105,167,36,5,23,63,36,11,62,101,4,6,2,3,7,0,0,0,0,150,0,0,0,0
434681,Pete Orr,WAS,NL,,30,0.49,225,32,57,8,2,4,21,3,2,15,45,1,2,3,1,3,0,0,7,8,8,2,0,0,2
434682,Luis Hernandez,KCA,AL,,25,0.38,228,28,61,10,1,5,24,5,2,19,38,1,1,3,2,5,0,0,5,0,30,0,0,0,0
434703,Brian Myrow,CHA,AL,,33,0.12,189,23,47,10,1,6,25,3,1,19,39,1,2,1,2,5,0,2,0,0,0,0,0,0,0
434704,Delwyn Young,LAN,NL,,27,0.42,245,29,66,14,1,6,25,3,1,25,52,1,1,3,1,5,0,0,5,0,0,15,0,11,23
434705,Jason Repko,LAN,NL,,29,0.31,186,25,48,9,1,5,22,6,2,20,39,1,2,1,1,4,0,0,0,0,0,12,2,7,19
434778,Kendry Morales,LAA,AL,,26,0.55,223,27,58,13,1,7,28,2,2,19,37,2,2,1,1,8,0,6,0,0,0,0,0,12,12
434939,Ryan Garko,CLE,AL,,28,0.82,475,61,132,25,1,16,76,1,1,41,89,1,15,0,5,11,0,121,0,0,0,0,0,0,0
435038,Anderson Hernandez,WAS,NL,,27,0.36,222,29,60,11,1,5,31,2,1,21,37,1,1,1,1,5,0,0,16,0,3,0,0,0,0
435041,Carlos Quentin,CHA,AL,,27,0.79,439,73,118,27,2,23,78,6,3,51,83,2,16,1,4,13,0,0,0,0,0,130,0,0,130
435042,Brian N. Anderson,CHA,AL,,27,0.65,270,36,65,17,1,8,32,5,3,22,63,1,2,2,2,4,0,0,0,0,0,3,94,2,98
435062,Howie Kendrick,LAA,AL,,26,0.77,388,52,117,28,2,6,45,9,3,19,68,3,5,1,3,11,0,0,92,0,0,0,0,0,0
435063,Mike Napoli,LAA,AL,,28,0.74,306,50,78,15,1,17,51,6,3,46,86,3,5,1,5,5,75,0,0,0,0,0,0,0,0
435064,Bobby Wilson,LAA,AL,,26,0.03,181,25,49,10,1,5,24,3,1,19,36,1,2,1,1,4,7,0,0,0,0,0,0,0,0
435065,Reggie Willits,LAA,AL,,28,0.71,268,45,72,13,1,3,24,11,4,41,54,1,2,6,3,4,0,0,0,0,0,30,9,22,57
435078,Joaquin Arias,TEX,AL,,25,0.35,233,34,67,14,3,5,27,6,2,21,37,1,3,2,1,6,0,0,30,0,0,0,0,0,0
435079,Ian Kinsler,TEX,AL,,27,0.85,481,87,140,31,3,17,63,19,3,50,75,2,6,5,6,12,0,0,121,0,0,0,0,0,0
435180,Robert Andino,FLO,NL,,25,0.28,210,26,55,11,1,6,27,3,1,19,47,1,2,2,2,4,0,0,15,1,4,0,1,0,1
435181,Jeremy Hermida,FLO,NL,,25,0.83,468,65,127,27,2,16,60,6,2,50,114,4,6,2,2,11,0,0,0,0,0,0,0,132,132
435219,Jack Hannahan,OAK,AL,,29,0.73,407,48,97,26,1,9,50,3,1,50,108,3,3,3,4,8,0,10,0,126,0,0,0,0,0
435220,Ryan Sweeney,OAK,AL,,24,0.67,375,51,106,19,2,7,47,7,2,37,65,3,3,2,4,9,0,0,0,0,0,13,51,75,110
435222,Josh Fields,CHA,AL,3B,27,0.62,231,32,57,11,1,11,35,2,1,23,68,1,1,2,2,6,0,0,0,12,0,0,0,0,0
435238,Gustavo Molina,NYN,NL,,27,0.12,184,23,47,10,1,5,22,3,1,18,36,1,2,1,2,4,2,0,0,0,0,0,0,0,0
435263,Brian McCann,ATL,NL,,25,0.85,485,62,144,37,1,20,86,4,1,47,68,6,4,1,5,15,138,0,0,0,0,0,0,0,0
435338,Tadahito Iguchi,,,,35,0.83,376,50,96,19,2,8,37,9,2,39,80,1,2,3,2,8,0,0,78,0,0,0,0,0,0
435358,Yuniesky Betancourt,SEA,AL,,27,0.85,519,65,147,32,3,9,54,6,4,21,52,1,2,5,4,14,0,0,0,0,153,0,0,0,0
435401,Skip Schumaker,SLN,NL,,29,0.76,470,67,138,22,4,8,46,7,2,39,61,2,2,3,2,14,0,0,0,0,0,56,79,33,151
435402,Luis Maza,LAN,NL,,29,0.27,218,27,56,9,1,6,24,3,1,20,39,1,2,3,1,7,0,0,35,0,16,0,0,0,0
435408,Omir Santos,BAL,AL,,28,0.04,183,24,48,10,1,5,23,3,1,18,35,1,2,1,1,4,9,0,0,0,0,0,0,0,0
435459,George Kottaras,BOS,AL,C,26,0.02,180,26,49,11,1,5,24,3,1,18,35,1,2,1,1,4,2,0,0,0,0,0,0,0,0
435520,Jesus Flores,WAS,NL,,25,0.67,347,37,91,20,1,10,58,2,2,26,82,1,5,1,3,8,82,0,0,0,0,0,0,0,0
435539,Jerry Owens,CHA,AL,,28,0.58,223,29,60,8,1,3,18,13,4,19,42,1,2,2,1,4,0,0,0,0,0,7,4,0,10
435558,Daric Barton,OAK,AL,,24,0.71,405,59,104,21,4,11,47,4,1,55,82,4,3,4,3,7,0,134,0,1,0,0,0,0,0
435559,Kurt Suzuki,OAK,AL,,26,0.77,461,54,127,24,1,10,52,3,2,44,70,2,8,3,3,14,141,0,0,0,0,0,0,0,0
435560,Omar Quintanilla,COL,NL,,28,0.57,290,37,72,19,1,5,29,3,1,25,61,3,1,6,2,6,0,0,40,0,39,0,0,0,0
435623,Kevin Frandsen,SFN,NL,,27,0.55,206,24,54,10,1,5,24,3,2,17,29,2,4,1,2,8,0,0,0,0,0,0,0,0,0
435624,John Bowker,SFN,NL,,26,0.59,343,39,91,17,3,11,46,3,1,26,72,2,3,1,2,8,0,71,0,0,0,5,0,14,19
435625,Nate Schierholtz,SFN,NL,OF,25,0.42,229,30,67,15,3,5,25,4,2,16,38,1,4,1,2,4,0,0,0,0,0,0,0,19,19
435626,Clay Timpner,SFN,NL,,26,0.01,179,25,48,10,1,5,24,3,1,18,35,1,2,1,1,4,0,0,0,0,0,1,0,0,1
440251,Ryan Roberts,TEX,AL,,29,0.08,180,24,45,9,1,5,22,3,1,18,39,1,2,1,1,4,0,0,0,0,0,0,0,0,0
440361,Norris Hopper,CIN,NL,,30,0.6,235,33,68,10,1,3,19,7,3,20,34,1,2,4,1,5,0,0,0,0,0,8,7,4,18
442146,Rico Washington,SLN,NL,,31,0.08,188,25,48,11,1,5,25,3,1,19,38,1,2,1,1,5,0,0,1,4,0,1,0,1,2
443558,Nelson Cruz,TEX,AL,,29,0.67,271,35,70,14,2,10,39,4,2,25,67,2,2,1,1,4,0,0,0,0,0,0,0,31,31
444041,Gil Velazquez,BOS,AL,,30,0.03,183,24,48,10,1,5,24,3,1,17,34,1,2,1,1,4,0,0,2,0,1,0,0,0,0
444135,Ryan Theriot,CHN,NL,,30,0.84,521,78,149,24,3,5,44,22,8,58,61,1,3,6,2,15,0,0,0,0,149,0,0,0,0
444379,John Jaso,TBA,AL,,26,0.04,183,26,49,10,1,5,23,3,1,18,34,1,2,1,1,5,3,0,0,0,0,0,0,0,0
444448,Brian Bixler,PIT,NL,,27,0.33,232,33,54,10,2,5,22,3,1,20,55,3,5,2,1,4,0,0,0,0,39,0,0,0,0
444839,Craig Stansberry,SDN,NL,,27,0.1,186,27,52,10,1,5,25,3,1,19,36,1,2,2,1,4,0,0,4,0,0,0,0,0,0
444843,Andre Ethier,LAN,NL,,27,0.84,485,69,143,32,4,16,69,5,4,51,84,5,4,1,7,9,0,0,0,0,0,41,0,109,140
444875,Matt Murton,COL,NL,OF,28,0.71,236,32,64,12,1,6,28,2,1,23,39,1,2,1,1,7,0,0,0,0,0,17,0,2,19
444876,Alcides Escobar,MIL,NL,SS,23,0.02,180,27,51,10,1,6,24,3,1,18,33,1,2,1,1,4,0,0,0,0,2,0,0,0,0
444882,Josh Whitesell,ARI,NL,,27,0.04,181,25,49,10,1,6,24,3,1,18,35,1,3,1,1,4,0,1,0,0,0,0,0,0,0
445010,Fernando Perez,TBA,AL,,26,0.23,207,37,56,11,1,7,28,7,1,23,42,2,2,3,1,6,0,0,0,0,0,8,15,2,23
445095,Jason Pridie,MIN,AL,,26,0.02,179,27,48,10,1,5,24,3,1,19,34,1,2,2,1,4,0,0,0,0,0,3,0,3,6
445195,Travis Metcalf,TEX,AL,,27,0.46,222,34,58,13,1,9,33,2,1,20,48,1,2,3,2,6,0,0,0,19,1,0,0,0,0
445196,Matt Tolbert,MIN,AL,,27,0.34,235,35,65,13,3,5,25,8,2,21,43,1,2,2,2,7,0,0,11,17,14,0,0,0,0
445584,Matt Tupman,KCA,AL,,30,0,178,24,48,10,1,5,23,3,1,18,34,1,2,1,1,4,1,0,0,0,0,0,0,0,0
445599,Scott Moore,BAL,AL,,26,0.25,189,24,49,10,1,6,27,2,1,16,42,1,2,1,2,4,0,0,1,1,0,0,0,0,0
445615,Max Ramirez,TEX,AL,C,25,0.19,200,30,53,10,1,7,29,3,1,22,42,1,4,1,1,4,12,3,0,0,0,0,0,0,0
445928,Drew Macias,SDN,NL,,26,0.09,186,26,50,10,1,7,27,3,1,19,37,1,2,2,3,5,0,0,0,0,0,4,0,3,7
445933,Bryan LaHair,SEA,AL,,27,0.38,246,32,65,11,1,7,27,3,2,24,56,2,2,2,1,6,0,36,0,0,0,0,0,0,0
445988,Martin Prado,ATL,NL,,26,0.58,298,42,89,19,3,5,40,4,1,28,45,1,2,3,2,5,0,17,17,24,2,3,0,0,3
446132,Mike Hollimon,DET,AL,,27,0.09,189,27,51,11,2,6,24,3,1,18,37,1,2,1,2,4,0,0,2,2,6,0,0,0,0
446334,Evan Longoria,TBA,AL,,24,0.68,400,60,112,27,2,21,71,7,1,42,96,4,5,1,6,8,0,0,0,119,1,0,0,0,0
446382,Brian Barton,SLN,NL,,27,0.43,253,37,69,15,2,6,29,5,2,28,55,1,3,4,2,7,0,0,0,0,0,36,2,10,45
446474,Edwin Maysonet,HOU,NL,,28,0.03,182,24,48,10,1,5,23,3,1,18,35,1,2,1,1,4,0,0,3,0,4,0,0,0,0
446481,Sean Rodriguez,LAA,AL,,24,0.44,261,34,65,14,2,7,27,5,2,25,64,1,4,2,2,5,0,0,51,1,4,0,0,0,0
446868,Wilkin Castillo,CIN,NL,,25,0.12,194,29,54,10,1,5,24,3,1,18,35,1,2,2,1,4,0,0,2,0,0,5,0,0,5
446928,Joe Inglett,TOR,AL,,31,0.69,352,46,100,16,5,5,41,8,2,30,56,1,3,6,2,6,0,0,66,6,2,22,1,12,34
447736,Chris Dickerson,CIN,NL,,27,0.34,227,36,64,15,2,9,31,6,3,28,54,1,3,2,1,4,0,0,0,0,0,28,7,0,28
447761,Brandon Jones,ATL,NL,,26,0.38,238,32,64,16,2,5,34,3,1,20,51,3,3,3,2,5,0,0,0,0,0,29,0,7,34
447849,Brian Horwitz,SFN,NL,,27,0.15,195,27,52,9,1,7,25,3,1,21,39,1,2,1,2,4,0,0,0,0,0,9,0,2,10
448170,Travis Ishikawa,SFN,NL,,26,0.33,226,30,62,14,1,7,32,3,1,22,49,2,2,1,1,5,0,29,0,0,0,0,0,0,0
448242,Tony Gwynn,MIL,NL,,27,0.46,213,26,55,9,2,3,21,8,2,20,41,1,2,1,2,4,0,0,0,0,0,1,7,2,10
448276,Brett Carroll,FLO,NL,,27,0.2,192,30,47,9,2,5,22,3,1,18,42,1,2,1,1,4,0,0,0,0,0,7,0,8,15
448602,Mark Reynolds,ARI,NL,,26,0.8,484,78,126,26,3,23,82,7,2,54,159,2,4,1,5,9,0,1,0,150,0,0,0,0,0
448605,Justin Ruggiano,TBA,AL,,27,0.28,219,29,55,12,1,6,28,4,1,19,52,1,2,1,1,5,0,0,0,0,0,26,5,15,42
448674,Doug Bernier,COL,NL,,29,0.02,180,24,47,10,1,5,23,3,1,18,35,1,2,1,1,4,0,0,2,0,0,0,0,0,0
448676,Ryan Spilborghs,COL,NL,,30,0.72,321,48,93,17,2,10,49,7,3,39,59,1,2,1,5,9,0,0,0,0,0,22,17,22,57
448767,Dusty Ryan,DET,AL,,25,0.17,199,28,57,11,1,7,28,3,1,21,41,1,2,1,2,4,15,0,0,0,0,0,0,0,0
448801,Chris Davis,TEX,AL,,23,0.57,326,54,94,23,2,16,55,3,2,27,80,2,2,1,2,6,0,51,0,32,0,0,0,0,0
449107,Mike Aviles,KCA,AL,,28,0.65,390,60,120,24,3,10,49,7,3,24,61,4,3,1,2,10,0,0,28,7,91,0,0,0,0
449162,Angel Salome,MIL,NL,C,23,0.01,180,25,49,10,1,6,24,3,1,18,34,1,2,1,1,4,0,0,0,0,0,0,0,0,0
449168,Matt Tuiasosopo,SEA,AL,,23,0.16,200,25,52,11,2,5,24,3,1,19,43,1,3,1,1,4,0,0,0,13,0,0,0,0,0
449172,Greg Golson,PHI,NL,,24,0.02,181,27,49,10,1,5,24,4,1,18,36,1,2,1,1,4,0,0,0,0,0,0,2,1,3
449471,Brian Barden,SLN,NL,,28,0.14,187,26,48,9,1,5,22,3,1,17,38,1,2,2,1,5,0,1,1,4,0,0,0,0,0
450192,Luke Carlin,ARI,NL,,29,0.3,225,30,52,11,2,5,25,3,1,23,55,1,2,1,1,6,36,0,0,0,0,0,0,0,0
450204,Ben Francisco,CLE,AL,,28,0.7,408,59,110,28,1,14,53,4,3,37,81,1,5,2,4,10,0,0,0,0,0,83,2,32,104
450260,Kevin Kouzmanoff,SDN,NL,,28,0.83,538,63,142,29,3,20,76,2,1,32,113,3,11,1,5,12,0,0,0,154,0,0,0,0,0
450303,Curtis Thigpen,TOR,AL,,26,0.31,198,27,51,10,1,5,24,3,1,19,39,1,2,2,1,5,9,1,0,0,0,0,0,0,0
450314,Ben Zobrist,TBA,AL,,28,0.64,290,36,70,13,2,10,37,5,2,27,54,2,2,2,3,5,0,0,8,1,35,14,5,2,19
450825,Callix Crabbe,SDN,NL,,26,0.14,195,27,51,10,1,5,24,4,1,20,36,1,3,1,1,4,0,0,5,0,3,1,0,2,3
451143,Mat Gamel,MIL,NL,3B,24,0.01,179,25,50,11,1,5,24,3,1,18,34,1,2,1,1,4,0,0,0,1,0,0,0,0,0
451186,Lastings Milledge,WAS,NL,,24,0.78,457,59,125,23,2,13,60,15,6,37,88,3,12,3,5,14,0,0,0,0,0,0,134,0,134
451188,Andy LaRoche,PIT,NL,,26,0.59,295,35,65,12,1,7,32,4,1,36,55,4,3,2,2,8,0,1,3,59,0,0,0,0,0
451500,Kila Ka'aihue,KCA,AL,1B,25,0.09,188,28,52,10,1,6,24,3,1,20,34,1,2,1,1,4,0,4,0,0,0,0,0,0,0
451594,Dexter Fowler,COL,NL,OF,23,0.1,191,27,51,10,1,5,23,3,2,18,35,1,3,1,1,4,0,0,0,0,0,0,9,1,9
451629,Justin Christian,BAL,AL,,29,0.15,199,28,53,12,1,5,27,8,2,19,35,1,2,1,1,5,0,0,0,0,0,9,3,5,17
451687,Micah Hoffpauir,CHN,NL,1B,29,0.25,216,33,62,15,1,6,27,4,1,20,49,1,2,1,1,4,0,6,0,0,0,7,0,5,12
451803,Colt Morton,SDN,NL,,27,0.07,185,26,48,10,1,5,24,3,1,19,37,1,2,1,2,4,7,0,0,0,0,0,0,0,0
452080,Chris Carter,BOS,AL,1B,27,0.08,187,28,52,10,1,5,25,3,1,19,37,1,2,1,1,4,0,0,0,0,0,3,0,0,3
452104,Chase Headley,SDN,NL,,25,0.62,345,41,94,20,2,10,42,5,1,33,89,2,5,1,2,7,0,0,0,7,0,82,0,0,82
452121,Brent Lillibridge,CHA,AL,,26,0.26,219,29,55,13,2,6,27,4,1,18,47,1,2,2,1,4,0,0,0,1,23,0,0,0,0
452150,Ryan Budde,LAA,AL,,30,0.07,181,23,47,10,1,5,23,3,1,17,36,1,2,2,1,5,7,0,0,0,0,0,0,0,0
452202,Jamie D'Antona,ARI,NL,,27,0.07,187,26,49,10,1,5,24,3,1,19,36,1,2,1,1,4,0,2,0,0,0,0,0,0,0
452215,Luke Montz,WAS,NL,,26,0.1,188,26,49,10,1,6,25,3,1,21,39,1,2,1,1,4,8,0,0,0,0,0,0,0,0
452220,Stephen Drew,ARI,NL,,26,0.84,534,72,148,34,8,16,61,6,2,47,100,6,2,4,6,5,0,0,0,0,151,0,0,0,0
452221,Eric Patterson,OAK,AL,,26,0.39,243,32,59,12,1,5,31,10,2,27,54,1,2,1,2,4,0,0,22,0,0,17,1,0,17
452225,Jeff Fiorentino,OAK,AL,,26,0.11,175,26,48,10,1,5,25,3,1,19,31,1,2,2,2,4,0,0,0,0,0,0,2,0,2
452234,Seth Smith,COL,NL,,27,0.35,232,33,64,13,1,7,31,3,1,26,45,1,2,1,1,4,0,0,0,0,0,8,9,14,28
452239,Justin Maxwell,,,,26,0.08,182,26,50,9,1,6,25,3,1,17,36,1,2,1,1,4,,,,,,,,,
452252,Adam Lind,TOR,AL,,26,0.73,374,51,102,21,2,12,51,3,1,25,73,2,2,2,3,8,0,0,0,0,0,71,0,0,71
452254,Hunter Pence,HOU,NL,,26,0.81,525,69,152,32,6,20,75,11,7,38,107,2,3,1,2,12,0,0,0,0,0,0,0,156,156
452655,Denard Span,MIN,AL,,25,0.63,348,64,102,18,5,8,48,14,5,46,61,3,4,6,2,5,0,0,0,0,0,0,19,85,92
452668,Elijah Dukes,WAS,NL,,25,0.68,329,52,84,16,2,15,47,10,4,52,79,1,5,1,2,10,0,0,0,0,0,10,1,69,79
452672,Ryan Hanigan,CIN,NL,,29,0.31,221,29,59,10,1,6,28,3,1,23,37,3,4,1,1,5,30,0,0,0,0,0,0,0,0
452678,Asdrubal Cabrera,CLE,AL,,24,0.7,366,55,100,21,1,8,50,4,3,44,73,2,4,9,5,10,0,0,94,0,20,0,0,0,0
452783,Nick Evans,NYN,NL,,23,0.33,233,36,64,16,1,6,28,3,1,21,45,3,2,1,3,4,0,3,0,0,0,28,0,0,28
452989,Edgar Gonzalez,OAK,AL,,31,0.6,341,43,92,17,1,8,39,3,3,29,75,2,3,1,2,10,0,0,72,4,3,2,0,3,5
453056,Jacoby Ellsbury,BOS,AL,,26,0.75,467,79,135,22,5,10,49,34,7,38,71,2,6,3,3,8,0,0,0,0,0,58,66,36,140
453064,Troy Tulowitzki,COL,NL,,25,0.81,426,65,119,24,3,13,60,5,5,43,80,4,5,3,2,12,0,0,0,0,101,0,0,0,0
453327,Matt Antonelli,SDN,NL,,24,0.21,205,28,53,11,1,6,24,3,1,21,38,2,4,1,1,4,0,0,18,0,0,0,0,0,0
453525,J.R. Towles,HOU,NL,,25,0.46,254,31,59,14,1,7,36,2,1,26,52,2,6,3,1,6,53,0,0,0,0,0,0,0,0
453527,Sean Kazmar,SDN,NL,,25,0.16,196,25,52,10,1,5,24,3,1,21,42,1,2,2,2,4,0,0,2,0,15,0,0,0,0
453531,Rob Johnson,SEA,AL,,26,0.13,194,26,50,9,1,6,24,4,1,17,36,1,2,2,1,5,10,0,0,0,0,0,0,0,0
453895,Brendan Ryan,SLN,NL,,27,0.61,295,45,79,15,1,5,26,9,2,27,46,1,3,3,1,6,0,0,23,5,40,1,0,3,3
453923,Gregor Blanco,ATL,NL,,26,0.68,389,50,102,16,3,5,41,10,4,59,83,2,5,4,3,5,0,0,0,0,0,77,69,5,137
453941,Mike Cervenak,PHI,NL,,33,0.05,185,24,48,9,1,5,23,3,1,17,38,1,2,1,1,5,0,0,0,2,0,0,0,0,0
453974,Lou Marson,PHI,NL,,23,0.02,180,27,51,10,1,6,26,3,1,18,34,1,2,1,1,4,1,0,0,0,0,0,0,0,0
454533,T.J. Bohn,PHI,NL,,29,0.06,180,25,48,10,1,6,26,3,1,18,37,1,2,1,1,4,0,0,0,0,0,12,0,0,12
454560,A.J. Ellis,LAN,NL,,28,0.01,180,25,48,10,1,5,23,3,1,18,35,1,2,1,1,4,3,0,0,0,0,0,0,0,0
454975,Hernan Iribarren,MIL,NL,,25,0.06,185,25,49,11,1,5,24,3,1,19,35,1,2,1,1,4,0,0,2,0,0,0,1,0,1
454994,Brandon Fahey,TOR,AL,,28,0.58,236,31,57,12,2,3,25,3,2,19,47,1,2,4,1,5,0,0,10,0,46,0,0,0,0
455088,Blake DeWitt,LAN,NL,,24,0.64,360,48,98,16,2,10,51,4,1,42,66,7,3,1,4,7,0,0,27,95,0,0,0,0,0
455104,Chris Iannetta,COL,NL,,26,0.73,359,51,93,21,3,14,58,2,1,53,90,3,10,2,3,7,100,0,0,1,0,0,0,0,0
455167,Shelley Duncan,NYA,AL,,30,0.35,214,32,53,10,1,8,31,2,1,23,46,1,1,1,2,5,0,16,0,0,0,0,0,4,4
455687,Jai Miller,FLO,NL,,24,0,178,25,49,10,1,5,24,3,1,18,34,1,2,1,1,4,0,0,0,0,0,0,1,0,1
455725,Steve Holm,SFN,NL,,30,0.29,219,29,58,15,1,5,25,3,2,23,42,2,4,1,2,6,42,0,0,0,0,0,0,0,0
455755,Chris Stewart,NYA,AL,,27,0.15,182,24,47,10,1,5,22,3,1,18,35,1,2,3,1,5,1,0,0,0,0,0,0,0,0
455759,Chris Young,ARI,NL,,26,0.84,549,78,138,33,4,23,72,17,5,51,133,2,4,3,5,8,0,0,0,0,0,0,159,0,159
455976,Nick Markakis,BAL,AL,,26,0.87,545,87,163,37,2,18,82,10,4,68,97,5,3,1,3,14,0,0,0,0,0,0,0,156,156
455986,Mark Saccomanno,HOU,NL,,29,0.04,184,25,49,10,1,6,25,3,1,17,36,1,2,1,1,4,0,2,0,0,0,0,0,0,0
456030,Dustin Pedroia,BOS,AL,,26,0.84,557,92,174,42,2,13,65,12,2,48,54,1,6,5,5,12,0,0,157,0,0,0,0,0,0
456121,Chris Denorfia,OAK,AL,,29,0.37,209,29,57,11,1,5,25,4,1,21,43,1,2,3,1,5,0,0,0,0,0,13,12,2,24
456422,Michael Bourn,HOU,NL,,27,0.72,423,61,105,13,4,7,34,33,7,38,92,2,2,5,2,5,0,0,0,0,0,0,130,0,130
456655,Ian Stewart,COL,NL,,24,0.59,314,41,84,21,2,11,48,3,1,33,89,4,7,1,2,5,0,0,12,65,0,0,0,0,0
456665,Steven Pearce,PIT,NL,,26,0.43,241,30,65,15,1,7,31,5,1,20,46,1,3,1,2,5,0,0,0,0,0,1,0,29,29
456714,Billy Butler,KCA,AL,,23,0.76,432,50,125,25,1,12,60,2,1,37,65,3,2,1,3,16,0,34,0,0,0,0,0,0,0
456762,Matthew Brown,LAA,AL,,27,0.1,188,24,47,10,1,5,25,4,1,19,41,1,2,1,1,4,0,0,1,10,0,0,0,0,0
457130,Vinny Rottino,MIL,NL,,29,0.07,180,23,47,10,1,5,24,3,1,17,33,1,2,1,1,4,0,0,0,0,0,0,0,0,0
457420,Brandon Wood,LAA,AL,,24,0.43,260,30,62,11,1,8,30,5,1,17,61,1,2,1,2,5,0,0,0,32,28,0,0,0,0
457454,Jarrod Saltalamacchia,TEX,AL,,24,0.67,311,42,84,17,1,9,39,2,2,33,81,2,1,1,2,6,54,0,0,0,0,0,0,0,0
457493,Shawn Riggans,TBA,AL,,29,0.43,247,35,60,13,1,8,36,2,1,24,50,1,2,2,2,7,41,0,0,0,0,1,0,0,1
457508,Jonathan Van Every,BOS,AL,,30,0.07,187,24,49,9,2,5,27,3,1,18,38,1,2,1,1,4,0,0,0,0,0,1,1,8,9
457708,Justin Upton,ARI,NL,,22,0.69,368,54,97,21,5,13,45,4,3,48,100,6,4,1,3,5,0,0,0,0,0,0,0,101,101
457727,Cameron Maybin,FLO,NL,OF,22,0.25,198,33,57,12,1,5,23,8,1,20,44,1,2,2,1,3,0,0,0,0,0,0,8,0,8
457803,Jay Bruce,CIN,NL,,22,0.65,384,59,104,18,1,18,51,5,4,35,89,2,4,1,2,8,0,0,0,0,0,11,35,78,105
457821,Wes Bankston,OAK,AL,,26,0.21,209,26,54,11,1,6,25,3,1,18,42,1,2,1,2,4,0,13,0,0,0,0,0,0,0
457850,Kory Casto,WAS,NL,,28,0.49,266,29,62,15,1,5,30,3,1,27,57,2,1,1,2,8,0,23,0,13,0,8,0,1,9
457859,Randy Ruiz,TOR,AL,,32,0.22,209,32,56,10,1,6,26,3,1,21,47,2,2,1,1,5,0,0,0,0,0,0,0,0,0
457926,Paul Janish,CIN,NL,,27,0.27,218,26,54,10,1,6,26,3,1,21,43,1,3,1,1,5,0,0,0,0,36,0,0,0,0
458015,Joey Votto,CIN,NL,,26,0.73,450,61,133,28,2,19,71,7,4,48,85,7,2,1,2,7,0,144,0,0,0,0,0,0,0
458036,Nick Stavinoha,SLN,NL,,27,0.2,206,26,53,10,1,5,25,3,1,18,39,2,2,2,2,5,0,0,0,0,0,13,0,5,18
458061,German Duran,TEX,AL,,25,0.4,250,37,65,13,2,7,32,3,2,20,50,1,3,4,2,6,0,0,17,30,2,6,0,2,7
458210,Alexi Casilla,MIN,AL,,25,0.72,392,53,106,16,1,7,45,10,2,32,56,1,2,9,4,8,0,0,95,0,2,0,0,0,0
458239,Travis Denker,SDN,NL,,24,0.15,196,29,53,13,2,6,25,3,1,21,39,1,2,1,1,4,0,0,13,1,0,0,0,0,0
458501,Luis Cruz,PIT,NL,,25,0.24,212,27,56,11,1,5,24,4,2,19,32,1,3,2,1,6,0,0,2,0,20,0,0,0,0
458582,Reid Brignac,TBA,AL,,23,0.04,183,26,49,10,1,5,24,3,1,19,36,1,2,1,1,4,0,0,0,0,4,0,0,0,0
458628,Joe Mather,SLN,NL,,27,0.38,245,35,64,13,1,10,33,3,1,24,51,2,2,1,2,5,0,4,0,1,0,25,15,15,44
458643,Jose Morales,,,,26,0.01,178,25,50,11,1,5,24,3,1,18,33,1,2,1,1,4,,,,,,,,,
458731,Brett Gardner,NYA,AL,,26,0.37,241,34,62,12,2,5,32,12,2,21,49,1,3,3,2,4,0,0,0,0,0,17,22,0,38
459334,Brent Clevlen,DET,AL,,26,0.2,191,29,50,9,2,6,24,3,1,19,45,1,2,2,1,4,0,0,0,0,0,10,3,1,11
459423,Joe Koshansky,TEX,AL,1B,27,0.18,199,26,51,12,1,7,29,3,1,18,47,1,2,1,2,5,0,11,0,0,0,0,0,0,0
459425,Matt Macri,MIN,AL,,27,0.13,195,26,54,10,1,6,26,4,2,19,40,1,2,1,1,4,0,2,2,11,0,0,0,0,0
459714,Buck Coats,TOR,AL,,27,0.16,184,23,48,11,1,5,22,3,1,18,42,1,2,1,2,5,0,0,0,0,0,7,0,0,7
459941,Travis Buck,OAK,AL,,26,0.65,280,37,75,18,3,9,38,4,1,31,61,2,4,1,3,7,0,0,0,0,0,12,0,34,37
459943,Jeff Clement,SEA,AL,,26,0.5,280,33,72,15,1,9,36,2,2,26,68,1,5,1,2,6,38,0,0,0,0,0,0,0,0
459964,Matthew Joyce,TBA,AL,,25,0.54,297,47,79,19,3,12,41,2,2,35,68,1,3,1,2,5,0,0,0,0,0,60,0,25,84
459991,Gaby Sanchez,FLO,NL,1B,26,0.03,182,25,50,12,1,5,24,3,1,18,35,1,2,1,1,4,0,3,0,0,0,0,0,0,0
460003,Taylor Teagarden,TEX,AL,,26,0.18,200,31,57,13,1,10,35,3,1,21,45,1,3,1,1,4,12,0,0,0,0,0,0,0,0
460004,Clete Thomas,DET,AL,,26,0.36,235,26,65,15,2,5,27,4,1,26,47,2,2,2,1,4,0,0,0,0,0,25,16,3,40
460026,Nick Hundley,SDN,NL,,26,0.47,277,35,72,13,1,8,36,3,1,22,62,1,3,1,5,4,59,0,0,0,0,0,0,0,0
460051,Chris Getz,CHA,AL,,26,0.03,182,26,50,10,1,5,24,4,2,18,34,1,2,1,1,4,0,0,7,0,0,0,0,0,0
460060,Cliff Pennington,OAK,AL,,25,0.33,226,32,60,12,1,5,27,6,2,25,41,1,3,2,2,4,0,0,16,9,10,0,0,0,0
460075,Ryan Braun,MIL,NL,,26,0.81,530,88,158,32,6,32,96,13,4,40,115,3,6,1,4,12,0,0,0,0,0,149,0,0,149
460086,Alex Gordon,KCA,AL,,25,0.81,482,64,126,33,2,15,58,10,3,52,113,4,8,1,3,9,0,0,0,133,0,0,0,0,0
460252,Jeff Larish,DET,AL,,27,0.32,231,31,62,13,1,6,33,4,2,21,54,1,2,1,1,5,0,8,0,12,0,0,0,0,0
460261,Clint Sammons,ATL,NL,,26,0.2,206,24,52,10,1,6,25,3,1,20,40,1,2,1,1,6,22,0,0,0,0,0,0,0,0
460267,Brandon Boggs,TEX,AL,,26,0.58,318,39,79,19,3,9,45,4,2,42,84,2,3,1,3,5,0,0,0,0,0,76,5,3,79
460576,Carlos Gomez,MIN,AL,,24,0.75,481,66,127,21,5,8,54,26,8,29,107,2,6,2,3,6,0,0,0,0,0,0,151,0,151
460579,Nyjer Morgan,PIT,NL,,29,0.53,269,39,76,16,3,4,24,11,5,23,52,1,3,2,2,3,0,0,0,0,0,23,17,6,45
461235,Brandon Moss,PIT,NL,,26,0.54,298,34,78,18,3,9,41,3,2,29,72,2,2,1,4,5,0,2,0,0,0,36,0,32,65
461314,Matt Kemp,LAN,NL,,25,0.81,514,81,154,29,5,17,69,23,7,40,123,4,1,1,4,9,0,0,0,0,0,0,101,63,151
461416,Will Venable,SDN,NL,,27,0.34,232,33,63,11,2,6,28,3,2,25,44,2,2,1,2,4,0,0,0,0,0,0,27,0,27
461811,Josh Anderson,DET,AL,,27,0.46,253,37,74,13,1,6,31,9,2,21,49,2,3,1,2,4,0,0,0,0,0,6,30,1,35
461815,David Murphy,TEX,AL,,28,0.7,398,60,112,27,3,13,63,6,2,33,71,3,1,2,4,7,0,0,0,0,0,54,13,56,106
461834,Tug Hulett,KCA,AL,,26,0.19,201,25,53,10,1,6,24,3,1,21,44,1,3,2,1,6,0,0,4,1,4,0,0,0,0
461866,Freddy Sandoval,LAA,AL,,27,0.03,181,25,49,10,1,5,23,3,1,19,33,1,2,1,1,4,0,1,0,1,0,0,0,0,0
462375,Andy Cannizaro,CLE,AL,,31,0.03,178,26,47,9,1,6,23,3,1,18,34,1,2,1,1,5,0,0,0,0,1,0,0,0,0
462405,Brooks Conrad,OAK,AL,,29,0.07,189,24,49,10,1,5,24,3,1,17,40,1,2,1,1,5,0,0,2,4,0,0,0,0,0
462413,Andy Gonzalez,FLO,NL,,28,0.46,207,25,48,9,1,5,21,2,3,26,51,1,1,1,1,5,0,7,0,2,0,0,0,0,0
462564,Dan Uggla,FLO,NL,,29,0.87,507,86,131,32,3,24,75,4,3,58,134,3,8,3,6,8,0,0,144,0,0,0,0,0,0
462855,Eider Torres,BAL,AL,,26,0.04,182,26,49,10,1,5,23,3,1,18,34,1,2,1,1,5,0,0,1,0,5,0,0,0,0
462950,Danny Richar,CIN,NL,2B,26,0.46,216,31,55,11,2,6,24,3,2,19,41,1,1,2,1,5,0,0,10,0,1,0,0,0,0
463610,Gregorio Petit,OAK,AL,,25,0.09,189,27,53,11,1,5,23,3,1,19,39,1,2,1,1,4,0,0,4,0,8,0,0,0,0
464299,Eugenio Velez,SFN,NL,,27,0.56,318,42,85,18,6,5,39,14,5,24,53,2,2,1,2,10,0,0,69,0,0,8,2,7,17
464341,Chin-Lung Hu,LAN,NL,,25,0.39,239,34,58,10,3,6,29,4,1,23,47,4,2,3,1,7,0,0,30,0,35,0,0,0,0
464900,Alex Romero,ARI,NL,,26,0.37,247,31,64,14,2,5,29,6,1,18,42,1,2,2,2,6,0,0,0,0,0,13,2,38,52
465041,Francisco Cervelli,NYA,AL,,23,0.02,180,25,49,10,1,5,24,3,1,18,35,1,2,1,1,5,3,0,0,0,0,0,0,0,0
465668,Roger Bernadina,WAS,NL,,25,0.26,215,30,56,10,2,5,23,6,3,23,45,1,2,2,1,6,0,0,0,0,0,6,14,0,20
465705,Brad Harman,PHI,NL,,24,0.04,183,26,49,11,1,5,25,3,1,19,33,1,2,1,1,5,0,0,3,1,0,0,0,0,0
466320,Melky Cabrera,NYA,AL,,25,0.84,436,56,118,19,3,8,50,10,3,40,61,3,3,5,4,10,0,0,0,0,0,8,117,5,128
466988,Emilio Bonifacio,FLO,NL,,24,0.46,265,41,70,13,4,4,30,7,4,26,57,1,1,1,3,5,0,0,37,0,0,1,0,2,3
467055,Pablo Sandoval,SFN,NL,,23,0.39,252,39,78,16,2,7,38,3,1,18,37,2,2,1,4,7,11,17,0,12,0,0,0,0,0
468406,Jonathan Herrera,COL,NL,,25,0.22,208,27,55,10,2,5,24,4,2,20,38,1,2,2,1,4,0,0,21,0,2,0,0,0,0
469040,Argenis Reyes,NYN,NL,,27,0.34,234,31,59,9,1,5,23,4,1,18,43,1,3,4,1,5,0,0,27,0,0,0,0,0,0
471083,Miguel Montero,ARI,NL,,26,0.63,291,39,74,17,1,10,39,2,1,29,60,3,3,1,4,6,53,0,0,0,0,0,0,0,0
471107,Elliot Johnson,TBA,AL,,25,0.07,188,24,50,10,1,5,23,3,2,18,38,1,2,1,1,4,0,0,1,0,2,0,1,1,2
471865,Carlos Gonzalez,COL,NL,,24,0.57,332,40,86,22,1,7,36,5,1,23,76,2,1,1,1,8,0,0,0,0,0,0,69,36,81
471868,Alberto Gonzalez,WAS,NL,,26,0.34,231,32,61,14,1,5,28,3,2,22,39,1,2,2,1,8,0,0,4,14,26,0,0,0,0
472528,Luis Valbuena,CLE,AL,,24,0.18,202,28,55,13,1,5,23,3,1,20,39,1,3,1,1,4,0,0,16,0,1,0,0,0,0
475582,Ryan Zimmerman,WAS,NL,,25,0.86,454,63,128,30,2,15,65,4,2,43,84,3,3,1,4,13,0,0,0,104,0,0,0,0,0
476704,Jed Lowrie,BOS,AL,,25,0.56,306,42,82,24,3,6,49,3,1,37,69,1,2,2,6,8,0,0,3,45,49,0,0,0,0
488676,Jeff Baisley,OAK,AL,,27,0.16,200,24,54,10,1,5,26,3,1,20,37,1,2,1,1,5,0,4,0,10,0,0,0,0,0
488811,Aaron Cunningham,OAK,AL,,23,0.27,219,28,60,14,2,6,33,4,1,21,47,2,2,1,1,4,0,0,0,0,0,18,0,2,20
488862,Yunel Escobar,ATL,NL,,27,0.78,467,69,138,27,2,10,53,5,4,49,65,3,5,5,3,16,0,0,0,0,127,0,0,0,0
489262,Ryan Rohlinger,SFN,NL,,26,0.12,194,25,48,10,2,5,24,3,2,18,38,1,2,1,1,5,0,0,1,14,0,0,0,0,0
489267,Adam Rosales,CIN,NL,,26,0.11,193,24,51,10,1,5,24,4,1,18,35,1,2,1,1,4,0,0,2,4,0,0,0,0,0
492706,Kenji Johjima,SEA,AL,,33,0.83,424,44,110,22,1,11,52,2,1,21,45,1,8,1,2,14,100,0,0,0,0,0,0,0,0
493120,Kosuke Fukudome,CHN,NL,,32,0.71,427,64,110,22,2,10,51,9,3,60,87,6,2,2,4,7,0,0,0,0,0,0,12,137,143
493127,Akinori Iwamura,TBA,AL,,30,0.83,539,80,148,25,8,8,45,9,6,60,116,2,3,3,4,4,0,0,152,0,0,0,0,0,0
493351,Alexei Ramirez,CHA,AL,,28,0.68,420,58,120,21,2,17,64,10,6,24,61,3,3,3,4,11,0,0,121,1,16,0,11,0,11
501814,Brian Bocock,SFN,NL,,24,0.28,214,25,52,10,1,5,23,6,2,25,50,1,2,4,1,5,0,0,0,0,29,0,0,0,0
501983,Travis Snider,TOR,AL,,21,0.25,213,30,62,14,1,7,32,3,1,21,46,1,2,1,3,4,0,0,0,0,0,13,0,7,20
502034,Emmanuel Burriss,SFN,NL,,24,0.53,296,45,85,12,1,5,31,11,4,30,41,2,5,4,2,8,0,0,41,0,47,0,0,1,1
502517,Daniel Murphy,NYN,NL,,24,0.39,242,39,71,15,3,6,33,3,2,29,47,2,2,1,2,6,0,0,0,0,0,32,0,0,32
506673,Juan Miranda,NYA,AL,,26,0.06,182,26,51,11,1,5,24,3,1,19,36,1,3,1,2,4,0,5,0,0,0,0,0,0,0
543216,Conor Gillaspie,SFN,NL,,22,0.03,180,26,50,10,1,6,24,3,1,20,32,1,2,1,1,4,0,0,0,2,0,0,0,0,0
,Aaron Guiel,,,,37,0.27,177,26,45,9,1,6,23,3,1,18,37,1,3,1,1,4,,,,,,,,,
,Adam Hyzdu,,,,38,0.01,179,24,46,9,1,5,23,3,1,17,36,1,2,1,1,4,,,,,,,,,
,Adam Stern,,,,29,0.05,179,25,47,10,1,5,24,3,1,17,34,1,2,1,1,4,,,,,,,,,
,Adrian Brown,,,,35,0.09,178,24,46,9,1,5,22,3,1,17,36,1,2,1,2,5,,,,,,,,,
,Alberto Castillo,,,,39,0.11,182,25,45,10,1,5,22,3,1,17,38,1,2,1,2,5,,,,,,,,,
,Alejandro De Aza,,,,25,0.34,193,24,50,11,2,4,21,3,1,16,41,2,2,3,2,4,,,,,,,,,
,Alex Escobar,,,,31,0.2,178,25,50,9,2,6,26,3,1,17,35,1,1,1,3,5,,,,,,,,,
,Alex Gonzalez,,,,32,0.71,220,29,57,14,1,7,29,1,1,16,42,1,3,2,2,5,,,,,,,,,
,Alexis Gomez,,,,31,0.22,180,25,48,10,1,5,20,4,1,16,35,1,2,1,1,4,,,,,,,,,
,Alvin Colina,,,,28,0.01,178,24,48,10,1,5,24,3,1,18,34,1,2,1,1,4,,,,,,,,,
,Andres Blanco,,,,25,0.19,178,24,48,10,1,4,23,3,1,17,33,1,2,2,1,4,,,,,,,,,
,Andy Abad,,,,37,0.01,178,24,46,9,1,5,23,3,1,18,34,1,2,1,1,4,,,,,,,,,
,Andy Green,,,,32,0.2,177,25,44,9,1,5,21,3,1,19,36,1,1,2,1,3,,,,,,,,,
,Angel Sanchez,,,,26,0.07,178,24,48,9,1,5,23,3,1,17,33,1,2,1,2,4,,,,,,,,,
,Antonio Perez,,,,29,0.21,179,23,41,10,1,5,21,2,1,18,45,1,1,1,1,3,,,,,,,,,
,Barry Bonds,,,,45,0.74,193,34,49,9,0,11,32,2,0,51,33,15,3,0,1,6,,,,,,,,,
,Ben Johnson,,,,28,0.3,179,25,47,9,1,5,21,3,1,19,42,2,2,1,2,4,,,,,,,,,
,Bernie Castro,,,,30,0.23,180,25,46,8,2,4,22,5,2,17,33,1,1,1,1,4,,,,,,,,,
,Bernie Williams,,,,41,0.54,180,25,47,11,0,5,24,2,1,16,30,2,1,1,2,5,,,,,,,,,
,Bill Mueller,,,,38,0.24,175,22,45,10,1,5,23,3,1,20,30,2,2,1,2,4,,,,,,,,,
,Bobby Kielty,,,,33,0.52,188,24,48,11,1,5,24,2,1,17,40,1,2,1,2,6,,,,,,,,,
,Brad Eldred,,,,29,0.14,185,23,45,9,1,6,22,3,1,16,40,2,2,1,1,4,,,,,,,,,
,Brandon Harper,,,,33,0.11,177,24,47,10,1,6,23,3,1,18,33,1,2,1,2,4,,,,,,,,,
,Brandon Watson,,,,28,0.12,181,23,48,9,1,5,22,4,2,17,32,2,2,1,1,4,,,,,,,,,
,Brian Jordan,,,,42,0.2,179,23,44,8,1,5,22,2,1,16,38,1,2,1,2,5,,,,,,,,,
,Bronson Sardinha,,,,26,0.04,177,28,49,10,1,5,24,3,1,19,33,1,2,1,2,5,,,,,,,,,
,Bubba Crosby,,,,33,0.19,179,23,45,9,1,5,21,4,1,16,37,1,2,2,1,3,,,,,,,,,
,Carl Everett,,,,38,0.46,178,22,43,7,1,5,21,2,1,17,35,1,2,1,2,4,,,,,,,,,
,Carlos Maldonado,,,,30,0.13,179,23,46,9,1,6,23,3,1,19,40,3,2,1,2,5,,,,,,,,,
,Chad Mottola,,,,38,0.04,179,24,46,10,1,5,22,3,1,17,35,1,2,1,1,4,,,,,,,,,
,Chad Santos,,,,28,0.02,178,25,48,10,1,6,24,3,1,18,34,1,2,1,1,4,,,,,,,,,
,Choo Freeman,,,,30,0.32,178,24,46,9,2,4,22,4,3,17,38,2,2,2,1,3,,,,,,,,,
,Chris Barnwell,,,,30,0.07,179,24,45,9,1,5,22,3,1,17,35,1,2,1,1,4,,,,,,,,,
,Chris Basak,,,,31,0,178,24,47,10,1,5,23,3,1,18,34,1,2,1,1,4,,,,,,,,,
,Chris Heintz,,,,35,0.17,184,21,48,8,1,4,23,3,1,17,37,1,2,2,1,5,,,,,,,,,
,Chris Roberson,,,,30,0.17,184,28,48,8,1,4,21,5,1,15,35,1,2,1,1,4,,,,,,,,,
,Chris Widger,,,,38,0.21,178,21,43,9,1,4,21,2,1,18,38,1,1,1,2,4,,,,,,,,,
,Chris Woodward,,,,33,0.53,191,23,44,9,1,4,20,2,1,18,42,2,1,3,2,4,,,,,,,,,
,Corey Koskie,,,,36,0.42,177,22,46,12,1,6,22,2,1,19,38,2,2,1,1,5,,,,,,,,,
,Craig Biggio,,,,44,0.77,235,30,56,13,1,6,24,2,1,15,47,1,2,2,2,5,,,,,,,,,
,Craig Brazell,,,,29,0.02,178,25,48,10,1,5,23,3,1,18,34,1,2,1,1,4,,,,,,,,,
,Craig Wilson,,,,33,0.55,186,25,45,9,1,6,22,2,1,17,54,1,3,0,1,4,,,,,,,,,
,Curtis Pride,,,,41,0.08,177,24,45,10,1,5,22,3,1,19,37,1,2,1,1,4,,,,,,,,,
,Damian Jackson,,,,36,0.25,176,24,43,9,1,5,21,3,2,18,42,1,3,2,1,4,,,,,,,,,
,Damian Miller,,,,40,0.62,198,22,48,12,0,4,23,2,0,18,46,2,2,1,2,6,,,,,,,,,
,Damon Hollins,,,,35,0.47,183,22,44,10,1,6,20,2,1,14,36,1,1,1,1,3,,,,,,,,,
,D'Angelo Jimenez,,,,32,0.39,181,24,45,10,1,5,22,3,1,26,36,2,2,3,1,5,,,,,,,,,
,Danny Putnam,,,,27,0.09,181,25,48,9,1,6,23,3,1,18,38,1,2,1,1,4,,,,,,,,,
,Danny Sandoval,,,,30,0.1,177,23,46,9,1,5,23,3,1,18,32,1,2,1,2,5,,,,,,,,,
,David Bell,,,,37,0.59,178,22,46,9,1,4,22,2,1,18,29,1,1,1,2,6,,,,,,,,,
,Dee Brown,,,,31,0.01,179,24,47,10,1,5,23,3,1,17,35,1,2,1,1,4,,,,,,,,,
,Desi Relaford,,,,36,0.09,182,23,45,9,1,5,21,3,2,17,36,1,2,1,1,5,,,,,,,,,
,Don Kelly,,,,29,0.1,180,24,46,9,1,5,21,3,1,18,33,1,3,1,1,4,,,,,,,,,
,Donnie Sadler,,,,34,0,179,24,47,10,1,5,23,3,1,17,34,1,2,1,1,4,,,,,,,,,
,Donny Lucy,,,,27,0.05,181,24,48,10,1,5,23,3,1,17,36,1,2,1,1,4,,,,,,,,,
,Doug Clark,,,,33,0.01,179,24,47,10,1,5,23,3,1,17,35,1,2,1,1,4,,,,,,,,,
,Doug Mirabelli,,,,39,0.48,191,20,43,8,1,6,25,2,1,18,53,1,2,1,1,4,,,,,,,,,
,Drew Anderson,,,,28,0.02,178,26,47,10,1,5,23,3,1,18,35,1,2,1,1,4,,,,,,,,,
,Drew Meyer,,,,28,0.04,179,24,48,9,1,5,23,3,1,17,37,1,2,1,1,4,,,,,,,,,
,Dustan Mohr,,,,33,0.14,181,24,45,9,1,6,22,3,2,17,43,1,2,1,1,4,,,,,,,,,
,Eddie Rogers,,,,31,0.06,178,23,47,9,1,5,23,3,1,17,34,1,2,1,2,4,,,,,,,,,
,Edgardo Alfonzo,,,,36,0.19,179,21,42,9,1,4,20,2,1,17,30,1,2,1,1,4,,,,,,,,,
,Eduardo Perez,,,,40,0.34,178,22,45,9,1,6,25,2,1,17,35,2,2,1,2,6,,,,,,,,,
,Einar Diaz,,,,37,0.01,179,24,47,9,1,5,23,3,1,17,35,1,2,1,1,4,,,,,,,,,
,Eli Marrero,,,,36,0.22,176,23,43,9,1,6,23,4,1,19,40,1,2,1,2,4,,,,,,,,,
,Enrique Cruz,,,,28,0,178,25,48,10,1,5,23,3,1,18,34,1,2,1,1,4,,,,,,,,,
,Eric Munson,,,,32,0.47,191,22,46,9,1,6,24,2,1,19,35,1,2,1,2,6,,,,,,,,,
,Eric Reed,,,,29,0.16,180,25,43,8,1,5,20,4,1,17,37,2,2,2,1,4,,,,,,,,,
,Eric Young,COL,NL,2B,42,0.28,178,23,42,9,1,5,21,5,2,17,32,1,2,1,2,6,,,,,,,,,
,Fernando Cortez,,,,28,0.05,179,26,48,10,1,5,23,3,1,18,32,1,2,2,1,4,,,,,,,,,
,Freddy Guzman,SEA,AL,OF,28,0.04,179,26,48,9,1,6,23,3,2,18,34,1,2,1,1,4,,,,,,,,,
,Garrett Jones,,,,28,0.22,186,24,48,9,1,5,22,3,1,18,39,1,1,1,2,4,,,,,,,,,
,George Lombard,,,,34,0.06,177,24,45,9,1,5,22,4,1,19,37,1,2,1,1,4,,,,,,,,,
,Geronimo Gil,,,,34,0.05,180,24,46,9,1,5,22,3,1,17,36,1,2,2,1,5,,,,,,,,,
,Guillermo Rodriguez,,,,31,0.25,187,24,49,11,1,5,26,2,1,19,36,1,1,1,2,5,,,,,,,,,
,Hector Gimenez,,,,27,0,178,25,48,10,1,5,24,3,1,18,34,1,2,1,1,4,,,,,,,,,
,Henry Mateo,,,,33,0.07,179,25,46,10,1,5,23,3,1,17,34,1,2,1,1,4,,,,,,,,,
,Hiram Bocachica,,,,33,0.25,186,26,46,10,1,5,21,4,2,19,38,1,1,1,2,4,,,,,,,,,
,Humberto Cota,,,,30,0.25,179,21,45,8,1,4,21,2,1,18,37,1,2,1,2,4,,,,,,,,,
,J.D. Closser,,,,29,0.22,176,23,44,9,1,5,22,2,1,19,36,2,2,1,2,4,,,,,,,,,
,J.J. Furmaniak,,,,30,0.07,178,26,47,10,1,5,23,3,1,19,37,1,3,1,1,4,,,,,,,,,
,J.T. Snow,,,,41,0.12,177,23,44,8,1,5,22,3,1,19,35,1,2,1,1,4,,,,,,,,,
,Jake Fox,CHN,NL,1B,27,0.05,180,26,48,11,1,5,23,3,1,18,34,1,2,1,1,5,,,,,,,,,
,Jason Lane,,,,33,0.6,191,25,41,8,0,8,27,2,1,23,42,1,2,1,2,4,,,,,,,,,
,Jason Phillips,,,,33,0.4,196,22,47,11,1,4,22,2,2,16,34,1,2,1,1,6,,,,,,,,,
,Javy Lopez,,,,39,0.48,183,21,46,10,1,5,20,2,1,14,40,1,1,1,1,5,,,,,,,,,
,Jay Gibbons,,,,32,0.66,208,23,52,12,0,6,25,1,0,17,38,1,2,0,2,5,,,,,,,,,
,Jeff Cirillo,,,,40,0.59,199,25,53,11,1,4,23,2,1,18,30,1,1,2,2,7,,,,,,,,,
,Jeff Conine,,,,43,0.7,205,22,51,10,1,5,26,2,1,19,33,2,1,1,3,5,,,,,,,,,
,Jeff Davanon,,,,36,0.5,183,27,47,9,2,4,23,5,2,22,40,1,1,1,3,5,,,,,,,,,
,Jeremy Brown,,,,30,0.03,178,24,48,10,1,5,23,3,1,18,34,1,2,1,1,4,,,,,,,,,
,Jeromy Burnitz,,,,40,0.46,181,22,43,8,1,7,24,2,1,15,40,2,2,1,1,5,,,,,,,,,
,Joe Borchard,,,,31,0.57,195,25,45,9,1,6,23,3,1,22,52,2,2,0,1,4,,,,,,,,,
,Joe McEwing,,,,37,0.01,179,24,46,9,1,5,23,3,1,17,35,1,2,1,1,4,,,,,,,,,
,Joe Randa,,,,40,0.36,180,22,46,10,1,4,23,2,1,16,31,1,1,1,2,7,,,,,,,,,
,Joel Guzman,,,,25,0.16,182,25,49,9,2,5,24,3,1,18,35,1,2,1,1,5,,,,,,,,,
,John Gall,,,,31,0.04,179,24,47,9,1,5,23,3,1,17,36,1,2,1,1,5,,,,,,,,,
,John Hattig,,,,29,0.07,177,24,48,10,1,5,23,3,1,19,36,1,2,1,1,4,,,,,,,,,
,John Mabry,,,,39,0.42,181,20,41,8,1,5,22,2,1,19,43,1,1,1,2,4,,,,,,,,,
,John Nelson,,,,30,0.01,179,25,47,10,1,5,23,3,1,17,36,1,2,1,1,4,,,,,,,,,
,John Rodriguez,,,,31,0.35,176,26,48,10,2,4,21,2,1,19,38,1,2,1,2,6,,,,,,,,,
,John-Ford Griffin,,,,30,0.04,177,26,47,10,1,6,24,3,1,19,36,1,2,1,2,4,,,,,,,,,
,Jon Knott,,,,31,0.07,178,25,47,9,1,6,24,3,1,19,35,1,2,1,2,5,,,,,,,,,
,Jorge Piedra,,,,30,0.14,179,23,45,9,1,6,24,3,1,17,39,1,2,1,1,4,,,,,,,,,
,Jose Hernandez,,,,40,0.29,181,21,46,8,1,5,22,2,1,16,40,1,1,1,1,5,,,,,,,,,
,Jose Reyes,,,,26,0.01,178,25,48,10,1,5,25,3,1,18,35,1,2,1,1,4,,,,,,,,,
,Jose Valentin,,,,40,0.63,195,25,49,11,1,6,25,3,1,18,38,2,1,2,2,4,,,,,,,,,
,Jose Vizcaino,,,,41,0.29,179,23,44,9,1,4,19,2,2,18,31,2,1,1,1,5,,,,,,,,,
,Josh Paul,,,,34,0.44,190,21,46,9,1,4,19,2,1,17,45,1,1,3,1,3,,,,,,,,,
,Josh Rabe,,,,31,0.19,184,24,48,8,1,6,23,3,1,15,37,1,2,1,1,5,,,,,,,,,
,Josh Wilson,,,,28,0.51,207,24,52,11,2,4,22,4,1,17,41,1,3,2,2,4,,,,,,,,,
,Juan Encarnacion,,,,33,0.72,212,29,57,11,1,6,30,2,2,15,36,1,1,1,2,6,,,,,,,,,
,Julio Franco,,,,51,0.44,188,20,45,9,1,4,25,4,1,19,47,2,1,1,2,7,,,,,,,,,
,Justin Knoedler,,,,29,0.02,179,24,47,10,1,5,23,3,1,17,34,1,2,1,1,4,,,,,,,,,
,Justin Leone,,,,32,0,178,24,47,10,1,5,23,3,1,18,34,1,2,1,1,4,,,,,,,,,
,Kelly Stinnett,,,,39,0.35,189,21,43,9,1,4,20,2,1,16,46,2,2,1,1,4,,,,,,,,,
,Ken Huckaby,,,,38,0.01,179,24,46,9,1,5,23,3,1,17,35,1,2,1,1,5,,,,,,,,,
,Kenny Lofton,,,,42,0.76,228,35,62,10,3,3,20,10,3,23,29,1,1,2,2,5,,,,,,,,,
,Kerry Robinson,,,,36,0.14,180,24,47,9,1,4,22,3,1,15,33,1,2,2,1,4,,,,,,,,,
,Kevin Barker,,,,34,0.04,179,25,47,10,1,5,23,3,1,17,38,1,2,1,1,4,,,,,,,,,
,Kevin Hooper,,,,33,0.01,178,24,46,10,1,5,23,3,1,18,35,1,2,1,1,4,,,,,,,,,
,Kevin Mahar,,,,28,0.06,181,25,48,10,1,5,23,3,1,17,37,1,2,1,1,5,,,,,,,,,
,Kevin Melillo,,,,27,0,177,25,48,10,1,5,24,3,1,19,33,1,2,1,1,4,,,,,,,,,
,Kevin Reese,,,,31,0.03,178,25,48,9,1,5,23,3,1,18,34,1,2,1,1,4,,,,,,,,,
,Kevin Thompson,,,,30,0.18,181,25,46,11,1,5,24,3,1,19,40,1,2,1,1,4,,,,,,,,,
,Kevin Witt,,,,33,0.13,181,23,45,9,1,5,22,3,1,15,39,1,2,1,1,4,,,,,,,,,
,Lance Niekro,,,,30,0.37,184,24,47,9,1,5,24,2,1,15,35,1,1,1,1,5,,,,,,,,,
,Larry Bigbie,,,,32,0.07,178,24,47,10,1,5,22,3,1,18,36,1,2,1,1,4,,,,,,,,,
,Lew Ford,,,,33,0.52,191,27,46,8,1,5,21,5,1,17,38,1,3,1,1,5,,,,,,,,,
,Lou Merloni,,,,38,0.05,178,23,46,9,1,5,22,3,1,17,36,1,2,2,1,5,,,,,,,,,
,Luis A. Gonzalez,,,,30,0.28,182,20,47,10,1,4,22,3,1,14,35,1,2,1,1,4,,,,,,,,,
,Luis Figueroa,,,,35,0.04,179,24,46,10,1,5,22,3,1,17,34,1,2,1,1,4,,,,,,,,,
,Luis Matos,,,,31,0.27,179,23,44,10,1,5,19,5,1,17,34,1,2,1,1,4,,,,,,,,,
,Luis Ordaz,,,,34,0,179,24,47,10,1,5,23,3,1,17,34,1,2,1,1,4,,,,,,,,,
,Luis Terrero,,,,29,0.36,188,26,47,8,1,6,23,4,3,18,42,1,6,1,1,3,,,,,,,,,
,Manny Alexander,,,,38,0.09,177,23,45,9,1,5,22,3,1,17,34,2,2,2,2,4,,,,,,,,,
,Marcus Giles,,,,31,0.76,219,30,54,11,1,4,23,4,2,24,44,0,2,2,1,5,,,,,,,,,
,Mark Bellhorn,,,,35,0.44,177,21,40,8,1,5,21,2,1,21,49,1,2,1,1,3,,,,,,,,,
,Matt Cepicky,,,,32,0.05,179,23,46,9,1,5,22,3,1,17,35,1,2,1,1,4,,,,,,,,,
,Matt Kata,,,,31,0.36,197,26,49,11,1,5,23,3,1,15,40,1,2,2,1,4,,,,,,,,,
,Matt Lawton,,,,38,0.07,179,24,46,9,1,5,22,3,1,17,34,1,2,1,1,4,,,,,,,,,
,Matt LeCroy,,,,34,0.21,179,22,45,9,1,5,22,2,1,18,37,1,2,1,2,5,,,,,,,,,
,Mel Stocker,,,,29,0.01,178,24,47,10,1,5,23,6,1,18,34,1,2,1,1,4,,,,,,,,,
,Melvin Dorta,,,,27,0.05,178,25,48,10,1,5,23,3,2,18,33,1,2,1,1,4,,,,,,,,,
,Michael Restovich,,,,30,0.11,182,22,46,10,1,5,22,3,1,17,38,1,2,1,1,4,,,,,,,,,
,Michael Tucker,,,,38,0.16,174,21,44,10,1,5,22,3,1,21,36,1,2,1,2,4,,,,,,,,,
,Miguel Ojeda,,,,34,0.19,180,21,46,10,1,5,24,2,1,17,36,2,1,1,1,6,,,,,,,,,
,Mike Edwards,,,,33,0.04,179,24,46,9,1,5,22,3,1,17,35,1,2,1,1,5,,,,,,,,,
,Mike Lieberthal,,,,37,0.46,189,21,48,10,1,5,23,2,1,13,30,1,3,2,1,5,,,,,,,,,
,Mike Matheny,,,,39,0.31,179,20,44,9,1,5,22,2,1,15,35,2,2,2,2,5,,,,,,,,,
,Mike Piazza,,,,41,0.69,213,23,56,11,1,7,30,1,0,17,42,1,1,0,2,6,,,,,,,,,
,Mike Rose,,,,33,0.02,179,24,47,9,1,5,23,3,1,17,36,1,2,1,1,4,,,,,,,,,
,Mike Rouse,,,,29,0.24,185,24,44,9,1,4,21,3,1,18,39,2,2,1,2,4,,,,,,,,,
,Mike Vento,,,,31,0.05,177,24,47,10,1,5,23,3,1,19,35,2,2,1,1,4,,,,,,,,,
,Neifi Perez,,,,36,0.51,190,21,45,9,1,3,21,2,1,12,27,1,1,2,2,4,,,,,,,,,
,Nick Gorneault,,,,30,0.02,178,25,47,10,1,5,23,3,1,18,34,1,2,1,1,4,,,,,,,,,
,Nook Logan,,,,30,0.59,214,27,57,11,2,3,20,9,2,16,50,1,1,2,2,5,,,,,,,,,
,Olmedo Saenz,,,,39,0.49,187,24,46,11,1,7,31,2,1,19,43,1,3,1,3,5,,,,,,,,,
,Orlando Palmeiro,,,,40,0.42,188,23,46,9,1,3,21,2,1,19,31,1,2,2,1,4,,,,,,,,,
,Oscar Robles,,,,33,0.17,178,23,45,8,1,4,21,3,1,18,33,2,2,4,1,4,,,,,,,,,
,Oswaldo Navarro,,,,25,0.01,178,25,49,10,1,5,24,3,1,18,33,1,2,1,1,4,,,,,,,,,
,Pedro Lopez,,,,25,0.14,184,23,48,10,1,5,21,3,1,17,35,1,2,1,1,4,,,,,,,,,
,Pete LaForest,,,,31,0.13,180,27,48,9,1,5,23,3,1,20,38,2,2,1,1,4,,,,,,,,,
,Phil Nevin,,,,38,0.53,178,23,43,7,0,7,26,1,1,19,43,1,1,1,1,5,,,,,,,,,
,Preston Wilson,,,,35,0.61,191,22,48,10,1,5,24,4,1,14,45,1,1,0,1,6,,,,,,,,,
,Quinton McCracken,,,,39,0.13,178,23,45,9,1,5,21,3,1,17,35,1,2,2,1,4,,,,,,,,,
,Randall Simon,,,,34,0.05,179,23,47,9,1,5,23,3,1,17,36,1,2,1,1,4,,,,,,,,,
,Ray Olmedo,,,,28,0.23,185,24,47,11,1,5,21,3,1,17,33,1,1,1,1,4,,,,,,,,,
,Reggie Sanders,,,,42,0.54,187,25,47,12,1,5,25,3,3,18,44,1,1,0,2,5,,,,,,,,,
,Rene Rivera,,,,26,0.21,179,23,44,9,1,5,20,3,1,16,38,1,2,2,1,4,,,,,,,,,
,Ricky Ledee,,,,36,0.27,182,24,44,11,1,5,23,3,1,18,37,2,1,1,2,4,,,,,,,,,
,Robert Fick,,,,35,0.52,199,24,49,8,1,4,20,2,1,19,41,1,2,1,1,7,,,,,,,,,
,Roberto Petagine,,,,38,0.07,178,23,45,10,1,5,22,3,1,18,37,1,2,1,1,4,,,,,,,,,
,Rondell White,,,,37,0.56,195,20,46,9,1,5,25,2,1,12,36,1,3,0,2,5,,,,,,,,,
,Royce Clayton,,,,39,0.66,201,23,49,12,1,3,18,4,2,15,44,1,2,2,2,6,,,,,,,,,
,Ruben Sierra,,,,44,0.08,178,23,44,9,1,5,22,3,1,17,36,1,2,1,2,4,,,,,,,,,
,Russ Adams,,,,29,0.48,184,26,45,10,1,4,24,3,1,18,35,1,1,2,2,4,,,,,,,,,
,Ryan Klesko,,,,38,0.58,213,28,54,14,1,5,26,3,1,25,42,1,1,1,1,7,,,,,,,,,
,Sam Fuld,,,,28,0.03,178,26,47,10,1,5,23,3,1,19,35,1,2,1,1,4,,,,,,,,,
,Sammy Sosa,,,,41,0.6,222,28,54,12,1,9,39,1,1,19,56,2,2,0,2,6,,,,,,,,,
,Sandy Alomar,,,,43,0.26,184,21,46,10,1,4,23,2,1,14,34,1,1,1,2,4,,,,,,,,,
,Scott Spiezio,,,,37,0.62,197,27,51,11,1,6,28,1,1,23,42,1,3,1,2,3,,,,,,,,,
,Scott Thorman,,,,27,0.58,212,27,51,13,0,7,27,2,1,15,45,2,2,1,1,4,,,,,,,,,
,Sean Barker,,,,29,0.01,178,24,47,10,1,5,23,3,1,18,34,1,2,1,1,4,,,,,,,,,
,Sean Burroughs,,,,29,0.06,177,24,47,10,1,5,22,3,1,19,35,1,2,1,1,4,,,,,,,,,
,Shane Costa,,,,28,0.5,193,23,50,13,1,4,22,2,1,13,34,1,2,1,2,4,,,,,,,,,
,Shawn Green,,,,37,0.76,225,30,61,13,1,6,25,4,1,20,37,2,3,0,1,7,,,,,,,,,
,Shea Hillenbrand,,,,34,0.7,213,26,55,9,1,6,26,1,1,11,33,1,2,0,2,7,,,,,,,,,
,Steve Finley,,,,44,0.61,189,24,43,9,3,3,17,3,0,18,28,1,1,1,1,4,,,,,,,,,
,Terrence Long,,,,33,0.09,178,25,45,9,1,5,22,3,1,18,35,1,2,1,1,4,,,,,,,,,
,Terrmel Sledge,,,,32,0.49,195,24,47,10,1,6,23,2,1,23,48,2,2,1,2,5,,,,,,,,,
,Terry Evans,,,,27,0.04,178,26,47,10,1,6,24,3,1,19,35,1,2,1,1,5,,,,,,,,,
,Tike Redman,SEA,AL,OF,32,0.32,195,29,54,11,2,5,24,5,1,15,34,1,1,1,2,4,,,,,,,,,
,Tim Laker,,,,40,0.03,179,23,46,10,1,5,23,3,1,17,36,1,2,1,1,4,,,,,,,,,
,Tim Salmon,,,,41,0.38,176,23,45,8,1,6,22,2,1,20,37,1,2,1,1,5,,,,,,,,,
,Timo Perez,,,,34,0.29,189,25,54,12,2,4,24,3,1,17,30,1,2,1,1,6,,,,,,,,,
,Todd Greene,,,,38,0.3,180,22,48,11,1,4,22,2,1,16,41,2,2,1,1,3,,,,,,,,,
,Todd Hollandsworth,,,,36,0.37,182,23,46,12,1,5,25,2,1,14,39,1,1,1,2,4,,,,,,,,,
,Todd Linden,,,,29,0.47,196,26,51,10,1,4,19,4,1,20,49,1,2,1,1,5,,,,,,,,,
,Todd Pratt,,,,42,0.28,178,22,43,9,1,5,23,2,1,17,43,1,2,1,2,5,,,,,,,,,
,Todd Walker,,,,36,0.59,181,23,48,9,1,4,21,2,1,20,24,1,1,1,2,4,,,,,,,,,
,Tomas de la Rosa,,,,31,0.04,179,24,48,9,1,5,23,3,1,17,34,1,2,1,1,4,,,,,,,,,
,Tommy Murphy,,,,30,0.24,183,24,46,10,1,4,21,4,1,16,40,1,2,1,2,4,,,,,,,,,
,Tommy Watkins,,,,29,0.1,180,24,50,9,1,5,21,3,1,19,34,1,2,1,1,4,,,,,,,,,
,Tony Abreu,,,,25,0.37,196,26,54,13,1,5,24,2,1,16,32,1,3,1,2,5,,,,,,,,,
,Tony Batista,,,,36,0.47,187,24,47,10,1,5,24,2,1,19,33,2,3,1,2,5,,,,,,,,,
,Tony Graffanino,,,,37,0.68,202,28,51,11,1,5,25,2,1,20,37,2,2,1,1,5,,,,,,,,,
,Tony Womack,,,,40,0.17,178,22,45,9,1,5,21,3,1,18,32,2,1,2,1,4,,,,,,,,,
,Travis Lee,,,,34,0.49,178,21,43,8,1,5,19,3,1,20,37,1,1,0,1,4,,,,,,,,,
,Vance Wilson,,,,36,0.3,180,23,47,10,1,5,22,2,2,13,37,1,2,4,1,3,,,,,,,,,
,Victor Diaz,,,,28,0.28,192,25,50,10,1,9,31,2,1,14,45,1,2,1,2,5,,,,,,,,,
,Vinny Castilla,,,,42,0.42,183,21,44,8,1,4,20,2,1,12,36,1,2,1,2,5,,,,,,,,,
,Wiki Gonzalez,,,,35,0.09,178,23,46,9,1,5,22,3,1,17,34,1,2,1,2,4,,,,,,,,,
,Wilson Valdez,,,,31,0.21,186,26,47,9,1,4,23,3,1,17,35,1,2,1,2,3,,,,,,,,,
,Yurendell DeCaster,,,,30,0,178,24,47,10,1,5,23,3,1,18,35,1,2,1,1,4,,,,,,,,,
