mlbamID,playerName,team,league,age,defaultPos,reliability,IP,W,L,S,H,R,ER,HR,K,BB,IBB,HBP,G_SP,G_RP
110683,Miguel Batista,SEA,AL,38,,0.78,125,7,9,0,141,76,69,15,80,63,3,5,20,24
110859,Armando Benitez,TOR,AL,37,,0.37,33,2,3,4,34,19,17,5,28,15,1,1,0,8
111244,Joe Borowski,,,38,,0.48,40,2,3,15,44,23,21,5,30,15,2,1,0,18
111492,Doug Brocail,HOU,NL,42,,0.59,67,5,4,1,65,33,30,8,50,24,3,2,0,72
111838,Paul Byrd,,,39,,0.81,169,11,10,0,201,96,87,25,85,38,2,6,30,0
112020,Chris Carpenter,SLN,NL,34,,0.51,66,4,3,0,64,29,27,6,51,20,1,3,3,1
112526,Bartolo Colon,CHA,AL,36,,0.58,88,5,6,0,103,55,49,12,63,28,1,4,7,0
113296,Elmer Dessens,NYN,NL,38,,0.37,34,2,2,0,38,22,20,4,24,13,1,1,0,4
113833,Alan Embree,COL,NL,39,,0.58,63,3,4,4,64,33,31,7,50,24,3,2,0,70
113898,Kelvim Escobar,LAA,AL,33,,0.69,80,6,4,0,77,36,33,6,62,27,1,2,5,0
113915,Shawn Estes,LAN,NL,36,,0.34,78,4,5,0,84,43,39,10,51,31,2,3,8,1
113961,Scott Eyre,PHI,NL,37,,0.48,43,3,2,0,44,21,20,5,39,19,2,2,0,38
114342,Keith Foulke,,,37,,0.35,41,2,3,0,41,21,20,6,29,15,1,2,0,31
114354,Chad Fox,CHN,NL,39,,0.04,27,1,2,0,27,14,13,3,20,11,1,1,0,3
114849,Tom Glavine,ATL,NL,43,,0.75,112,6,6,0,121,60,57,14,65,45,4,3,13,0
114971,Tom Gordon,ARI,NL,42,,0.46,44,3,3,6,46,24,22,6,36,19,1,1,0,34
115216,Eddie Guardado,TEX,AL,39,,0.47,55,3,3,4,56,29,28,6,37,20,2,2,0,64
115399,Mike Hampton,HOU,NL,37,,0.47,99,5,6,0,105,55,51,12,62,38,6,3,13,0
115629,LaTroy Hawkins,HOU,NL,37,,0.57,62,3,3,0,61,30,28,6,43,22,3,1,0,57
115817,Livan Hernandez,NYN,NL,34,,0.81,170,10,10,0,212,104,98,24,86,58,4,4,31,0
116034,Trevor Hoffman,MIL,NL,42,,0.54,53,3,4,25,50,24,22,6,43,17,2,1,0,48
116414,Jason Isringhausen,TBA,AL,37,,0.54,53,3,4,15,50,27,25,6,43,25,2,3,0,42
116595,Jason Johnson,NYA,AL,36,,0.43,52,2,4,0,59,31,29,7,36,20,2,2,2,14
116615,Randy Johnson,SFN,NL,46,,0.77,158,9,9,0,162,85,76,21,140,47,5,7,30,0
116734,Todd Jones,DET,AL,41,,0.54,52,3,3,19,57,29,26,5,29,20,3,2,0,45
117758,Jon Lieber,,,39,,0.64,70,3,5,0,81,39,36,10,47,19,3,3,1,25
117842,Esteban Loaiza,CHA,AL,38,,0.54,67,4,4,0,71,39,36,9,41,23,2,2,3,7
117955,Derek Lowe,ATL,NL,36,,0.82,185,12,11,0,180,84,76,15,129,52,4,2,34,0
118120,Greg Maddux,,,43,,0.82,177,9,11,0,194,93,85,18,98,36,5,5,33,0
118158,Ron Mahay,KCA,AL,38,,0.59,64,4,2,0,62,29,27,6,49,29,1,2,0,57
118377,Pedro Martinez,,,38,,0.66,117,7,7,0,126,67,63,16,99,44,3,6,20,0
118967,Kent Mercker,CIN,NL,41,,0.21,32,2,2,0,33,17,15,4,22,14,1,1,0,15
119125,Trever Miller,SLN,NL,36,,0.51,51,2,2,1,51,26,25,5,44,21,2,3,0,68
119154,Kevin Millwood,TEX,AL,35,,0.8,162,9,10,0,194,96,87,17,117,54,3,6,29,0
119215,Brian Moehler,HOU,NL,38,,0.72,123,7,8,0,139,69,65,16,73,37,3,3,26,5
119403,Matt Morris,PIT,NL,35,,0.72,91,4,6,0,106,58,51,10,54,31,3,4,5,0
119469,Jamie Moyer,PHI,NL,47,,0.82,178,12,10,0,195,93,87,23,111,62,4,7,33,0
119608,Mike Mussina,NYA,AL,41,,0.81,175,14,9,0,194,87,79,17,124,40,3,6,34,0
119827,Hideo Nomo,KCA,AL,41,,0.05,27,1,1,0,31,17,16,4,19,11,1,1,0,3
119984,Darren Oliver,LAA,AL,39,,0.61,67,4,2,0,66,30,28,7,47,21,2,3,0,54
120221,Chan Ho Park,PHI,NL,36,,0.62,80,4,4,1,84,42,37,10,62,30,4,4,5,49
120401,Troy Percival,TBA,AL,40,,0.45,52,3,2,12,45,26,24,7,40,22,1,1,0,50
120485,Andy Pettitte,NYA,AL,37,,0.82,183,12,11,0,206,97,89,18,132,58,3,4,33,0
121096,Dennys Reyes,SLN,NL,32,,0.48,51,3,2,0,49,21,19,5,40,20,2,2,0,75
121099,Al Reyes,,,38,,0.42,42,2,3,7,41,23,22,6,36,16,1,2,0,26
121125,Arthur Rhodes,CIN,NL,40,,0.36,43,3,2,1,42,20,19,3,38,19,3,1,0,61
121215,Ricardo Rincon,,,39,,0.05,27,1,1,0,28,15,14,3,21,11,1,1,0,8
121250,Mariano Rivera,NYA,AL,40,,0.62,67,4,4,24,59,24,23,5,59,15,1,3,0,64
121386,Kenny Rogers,,,45,,0.76,153,8,10,0,176,94,86,19,80,61,3,7,30,0
121556,Glendon Rusch,,,35,,0.54,77,4,5,0,85,46,43,11,56,28,4,1,9,26
121834,Jason Schmidt,LAN,NL,36,,0.5,63,3,4,0,62,32,29,7,51,26,2,2,,
121955,Rudy Seanez,,,41,,0.56,54,4,3,0,55,29,25,6,44,25,3,2,0,42
122195,Brian Shouse,TBA,AL,41,,0.52,55,3,2,1,56,26,23,5,38,20,4,2,0,69
122477,John Smoltz,BOS,AL,42,,0.73,94,6,5,0,93,39,37,9,86,27,3,3,5,1
122620,Russ Springer,OAK,AL,41,,0.56,57,3,2,0,49,23,21,6,47,20,1,2,0,70
122915,Tanyon Sturtze,LAN,NL,39,,0.06,26,1,1,0,27,14,13,3,19,11,1,1,0,3
122987,Jeff Suppan,MIL,NL,34,,0.81,169,10,9,0,192,96,87,21,98,63,7,6,31,0
123118,Julian Tavarez,WAS,NL,36,,0.67,72,3,5,0,82,45,38,8,52,32,3,4,0,52
123348,Mike Timlin,,,43,,0.55,55,3,3,2,61,31,29,7,35,20,3,2,0,47
123387,Brett Tomko,NYA,AL,36,,0.69,88,4,7,0,98,56,51,12,67,30,2,2,10,12
123415,Salomon Torres,MIL,NL,37,,0.62,70,4,5,14,72,36,32,7,51,28,3,4,0,71
123431,Steve Trachsel,BAL,AL,39,,0.69,94,5,7,0,107,59,55,13,46,46,1,2,8,2
123725,Ron Villone,NYN,NL,39,,0.54,54,2,2,0,52,29,28,6,44,29,3,2,0,74
123790,Billy Wagner,NYN,NL,38,,0.57,55,2,2,21,49,23,20,6,55,18,2,2,0,45
123801,Tim Wakefield,BOS,AL,43,,0.8,169,11,11,0,165,91,85,22,105,61,1,9,30,0
123828,Jamie Walker,BAL,AL,38,,0.52,50,2,3,2,55,27,25,8,34,16,2,2,0,59
124000,Dave Weathers,CIN,NL,40,,0.62,67,3,5,9,68,31,29,7,46,28,4,3,0,72
124604,Jamey Wright,KCA,AL,35,,0.68,79,5,5,0,84,46,41,7,50,34,2,5,0,75
124805,B.J. Ryan,TOR,AL,34,,0.49,54,2,3,19,49,24,22,5,48,22,2,2,0,60
131702,Braden Looper,MIL,NL,35,,0.79,166,11,11,0,178,87,81,20,96,48,3,7,33,0
132220,Jarrod Washburn,SEA,AL,35,,0.8,155,7,12,0,167,84,78,19,93,53,3,7,26,2
132241,Bryan Corey,TEX,AL,36,,0.42,48,2,3,0,51,28,27,6,33,17,2,1,0,46
132260,Sidney Ponson,,,33,,0.68,130,7,7,0,157,83,74,15,71,49,2,6,24,1
133221,Justin Speier,LAA,AL,36,,0.57,64,3,5,0,63,33,30,10,52,24,3,4,0,62
133225,Ryan Dempster,CHN,NL,32,,0.76,146,9,8,12,132,65,59,12,126,58,3,5,33,0
133460,Russ Ortiz,,,35,,0.38,49,2,3,0,54,30,28,6,35,21,1,3,,
133982,Bobby Howry,SFN,NL,36,,0.63,68,5,5,3,73,35,33,9,57,19,3,2,0,72
134003,Scott Elarton,,,33,,0.47,58,3,4,0,62,37,34,9,36,26,2,3,0,8
134268,Kerry Wood,CLE,AL,32,,0.5,61,4,4,15,56,28,26,5,60,22,3,4,0,65
134320,Javier Vazquez,ATL,NL,33,,0.83,186,11,11,0,184,95,90,22,170,54,2,7,33,0
134321,Carl Pavano,CLE,AL,33,,0.32,78,6,4,0,85,45,42,9,49,27,1,5,7,0
136263,Tim Byrdak,HOU,NL,36,,0.5,57,3,2,0,54,29,26,8,48,28,3,2,0,59
136268,Chad Bradford,TBA,AL,35,,0.58,61,4,4,1,64,27,23,4,33,18,3,3,0,68
136304,Valerio de los Santos,COL,NL,37,,0.08,64,3,4,0,65,35,32,8,51,31,2,2,2,0
136602,Odalis Perez,,,32,,0.77,151,7,11,0,176,88,80,19,103,54,5,6,30,0
136727,Vladimir Nunez,ATL,NL,34,,0.27,41,2,2,0,42,21,19,3,31,18,3,2,0,23
136734,Octavio Dotel,CHA,AL,36,,0.51,62,4,3,4,59,33,29,9,63,26,3,4,0,72
136880,Roy Halladay,TOR,AL,32,,0.84,205,15,8,0,196,84,76,16,149,43,3,7,33,1
150011,Scott Schoeneweis,ARI,NL,36,,0.56,59,2,4,1,60,30,28,7,41,25,4,3,0,73
150035,Kyle Farnsworth,KCA,AL,33,,0.58,61,3,3,1,65,33,30,10,53,24,2,2,0,61
150037,Ray King,WAS,NL,35,,0.35,32,1,2,0,34,17,16,4,22,14,1,1,0,12
150116,Randy Wolf,LAN,NL,33,,0.76,165,11,10,0,170,88,82,19,139,65,4,9,33,0
150118,Brian Fuentes,LAA,AL,34,,0.59,62,3,4,19,54,27,25,6,62,24,2,3,0,67
150119,Freddy Garcia,NYN,NL,34,,0.59,73,4,4,0,78,41,38,10,53,24,2,4,3,0
150122,Damaso Marte,NYA,AL,34,,0.56,62,4,3,2,56,29,27,5,57,25,2,2,0,72
150144,Bobby Seay,DET,AL,31,,0.51,58,3,2,0,57,27,26,5,48,23,4,2,0,60
150153,Nelson Figueroa,NYN,NL,35,,0.34,61,3,4,0,63,33,30,6,47,28,2,2,6,10
150185,Dave Borkowski,PHI,NL,32,,0.55,50,2,3,0,55,30,28,7,39,20,4,2,0,26
150188,Francisco Cordero,CIN,NL,34,,0.61,67,4,4,25,62,30,27,6,69,29,2,2,0,72
150221,Mike Lincoln,CIN,NL,34,,0.44,60,3,4,0,60,32,30,8,47,22,2,2,0,64
150230,Mark Redman,COL,NL,35,,0.59,83,4,6,0,98,56,53,10,51,33,3,3,9,1
150249,Kris Benson,TEX,AL,35,,0.41,60,3,4,0,63,33,30,8,38,22,1,2,,
150274,Joe Nathan,MIN,AL,35,,0.61,66,3,2,27,54,22,20,5,64,20,3,2,0,68
150277,Doug Davis,ARI,NL,34,,0.79,152,8,9,0,163,80,74,15,117,71,4,4,26,0
150284,Brandon Knight,NYN,NL,34,,0.12,49,3,2,0,51,26,24,5,38,20,1,3,2,2
150295,Micah Bowie,COL,NL,35,,0.37,40,2,2,0,40,21,20,5,30,17,1,2,0,10
150302,Jason Marquis,COL,NL,31,,0.8,162,10,9,0,166,90,84,18,96,66,5,9,28,1
150319,Josh Fogg,COL,NL,33,,0.73,110,6,7,0,126,72,66,16,69,41,4,6,14,8
150337,Kip Wells,WAS,NL,32,,0.64,76,3,6,0,84,50,45,8,55,37,3,4,2,23
150359,A.J. Burnett,NYA,AL,32,,0.81,187,13,9,0,174,91,83,19,181,71,3,9,34,1
150378,Eric Gagne,MIL,NL,33,,0.48,53,4,3,9,53,28,27,7,44,22,2,2,0,50
150382,Matt Herges,CLE,AL,39,,0.58,62,3,3,0,68,34,30,6,43,24,3,3,0,58
150393,Tony Armas,,,31,,0.58,61,3,4,0,65,36,34,8,45,24,2,3,1,2
150404,Ted Lilly,CHN,NL,33,,0.82,183,13,9,0,170,87,83,26,159,62,3,5,34,0
150407,Guillermo Mota,LAN,NL,36,,0.56,59,4,4,0,60,32,30,8,48,25,2,1,0,58
150414,Jake Westbrook,CLE,AL,32,,0.7,93,5,5,0,97,46,42,9,57,30,2,3,5,0
150426,Mark Mulder,,,32,,0.31,55,3,4,0,64,36,34,8,38,23,1,3,1,2
150430,Luis Vizcaino,CHN,NL,35,,0.57,56,3,3,0,54,29,27,7,49,25,4,2,0,43
150469,John Bale,KCA,AL,35,,0.38,46,2,3,0,49,23,22,4,34,16,1,1,3,10
150474,Gary Glover,WAS,NL,33,,0.54,60,3,3,1,66,34,32,8,42,23,3,2,0,47
207267,Brad Penny,BOS,AL,31,,0.77,127,9,7,0,132,63,60,11,87,48,2,4,17,2
211041,Ryan Franklin,SLN,NL,36,,0.64,72,4,5,6,75,33,31,9,48,25,3,3,0,74
213680,Mike MacDougal,CHA,AL,32,,0.38,38,2,2,0,39,20,18,3,29,18,2,2,0,16
215197,Matt Ginter,CLE,AL,32,,0.19,71,4,5,0,75,38,36,8,49,23,2,2,4,0
216897,Kyle Snyder,NYN,NL,32,,0.39,35,2,2,0,36,20,18,5,27,15,1,2,0,2
217096,Barry Zito,SFN,NL,31,,0.81,169,10,12,0,166,93,86,18,119,82,7,5,32,0
218596,Tim Hudson,ATL,NL,34,,0.8,153,10,8,0,149,67,63,12,98,47,6,4,22,1
218894,Vicente Padilla,TEX,AL,32,,0.78,158,11,9,0,171,93,84,20,113,61,3,12,29,0
219194,Gil Meche,KCA,AL,31,,0.82,187,11,10,0,184,90,83,19,149,65,2,3,34,0
228594,David Riske,MIL,NL,33,,0.54,53,2,3,2,53,25,24,7,39,23,2,1,0,45
234194,Buddy Carlyle,ATL,NL,32,,0.6,75,4,3,0,74,39,37,9,60,28,5,2,0,45
235095,Dan Wheeler,TBA,AL,32,,0.61,66,3,5,8,59,32,29,8,56,23,3,2,0,70
237346,Brian Falkenborg,SDN,NL,31,,0.29,38,2,3,0,40,20,19,5,30,16,2,1,0,25
239795,Chad Durbin,PHI,NL,32,,0.66,86,5,5,1,85,41,38,10,58,34,5,4,0,71
240694,J.C. Romero,PHI,NL,33,,0.56,60,3,3,1,52,25,24,5,48,33,4,3,0,81
275933,Scott Downs,TOR,AL,33,,0.6,67,3,3,2,60,25,23,5,53,26,4,3,0,66
276056,Danys Baez,BAL,AL,32,,0.38,30,1,2,2,30,17,16,3,20,12,1,2,,
276336,Shawn Chacon,,,32,,0.68,90,4,4,0,93,51,47,13,65,43,6,4,15,0
276351,Jason Grilli,COL,NL,33,,0.63,70,3,3,0,68,34,31,5,57,31,4,3,0,60
276371,Johan Santana,NYN,NL,30,,0.84,199,13,8,0,172,73,67,23,191,55,3,4,34,0
276514,Kevin Gregg,CHN,NL,31,,0.63,68,4,5,17,60,32,29,6,60,30,2,3,0,72
276520,Bronson Arroyo,CIN,NL,32,,0.83,181,11,11,0,191,94,86,24,142,60,4,7,34,0
276530,Scott Linebrink,CHA,AL,33,,0.57,55,3,3,1,54,27,24,8,42,18,1,1,0,50
276542,Joaquin Benoit,TEX,AL,32,,0.59,56,3,3,2,51,28,26,6,50,26,2,2,0,44
276912,Scot Shields,LAA,AL,34,,0.62,64,4,4,2,59,30,26,6,57,26,2,2,0,64
276913,Derrick Turnbow,TEX,AL,31,,0.44,35,2,3,3,33,21,20,4,34,20,1,1,0,8
276914,Cedrick Bowers,COL,NL,31,,0.07,28,1,2,0,30,17,16,4,22,12,1,1,0,5
277184,Matt Wise,,,34,,0.39,34,2,2,0,36,18,16,4,26,13,1,1,0,8
277405,Justin Miller,FLO,NL,32,,0.5,55,4,2,0,53,28,25,5,50,22,3,2,0,46
277417,Josh Beckett,BOS,AL,29,,0.81,167,13,8,0,161,77,73,18,152,43,1,7,27,0
279571,Matt Belisle,COL,NL,29,,0.64,84,4,5,0,97,50,46,11,60,25,2,3,6,0
279782,Jon Garland,ARI,NL,30,,0.82,179,11,9,0,199,99,89,19,94,52,3,6,32,0
279824,Mark Buehrle,CHA,AL,30,,0.83,189,11,10,0,203,92,83,21,117,49,4,5,34,0
282332,C.C. Sabathia,NYA,AL,29,,0.84,211,14,9,0,194,81,72,18,199,50,2,7,35,0
282562,Adam Pettyjohn,CIN,NL,32,,0.04,39,2,3,0,42,23,22,5,29,15,2,2,1,2
282567,Claudio Vargas,LAN,NL,31,,0.67,82,6,4,0,86,46,42,11,62,30,2,3,4,7
282656,Ben Sheets,,,31,,0.79,173,12,8,0,165,73,68,17,141,46,3,2,31,0
283166,Mike Gonzalez,ATL,NL,31,,0.41,44,2,3,9,40,21,19,5,41,19,2,1,0,36
284566,Adam Eaton,BAL,AL,32,,0.73,128,7,8,0,147,81,78,19,81,54,4,7,19,2
285079,R.A. Dickey,MIN,AL,35,,0.56,97,5,6,0,106,55,54,13,58,41,3,3,14,18
332292,John Parrish,BAL,AL,32,,0.46,56,2,2,0,61,30,28,5,38,25,2,2,6,7
334492,Joel Pineiro,SLN,NL,31,,0.75,130,7,7,1,149,75,71,18,81,40,3,4,25,1
346793,Jeremy Affeldt,SFN,NL,30,,0.63,71,3,3,0,68,36,32,7,59,30,3,3,0,74
346797,Grant Balfour,TBA,AL,32,,0.46,57,4,3,2,48,25,23,5,58,25,1,1,0,51
346798,Kyle Lohse,SLN,NL,31,,0.81,176,10,9,0,187,89,83,18,117,53,4,6,33,0
346799,Juan Rincon,DET,AL,30,,0.57,59,3,3,0,63,34,31,7,45,24,2,3,0,47
346800,Saul Rivera,WAS,NL,32,,0.65,76,4,5,1,77,37,34,5,57,33,3,2,0,76
346847,Joe Beimel,WAS,NL,32,,0.57,56,4,2,0,56,23,22,4,38,22,3,2,0,71
346848,John Grabow,PIT,NL,31,,0.6,68,4,3,2,64,31,29,8,56,29,2,2,0,74
346855,Brandon Duckworth,KCA,AL,33,,0.49,63,4,5,0,67,36,32,5,39,28,2,3,7,0
346871,Aaron Cook,COL,NL,30,,0.82,182,11,9,0,198,90,82,14,90,50,5,5,32,0
349193,Will Ohman,,,32,,0.54,58,3,3,1,56,29,27,5,51,24,3,2,0,83
400008,Gary Majewski,PHI,NL,29,,0.47,47,2,3,0,58,29,27,6,33,17,1,2,0,37
400010,Jon Rauch,ARI,NL,31,,0.64,70,4,5,7,66,33,31,8,60,22,3,1,0,74
400058,Brad Lidge,PHI,NL,33,,0.61,66,3,3,23,58,29,26,6,74,30,3,3,0,72
400061,Roy Oswalt,HOU,NL,32,,0.83,185,13,8,0,184,77,71,17,143,49,4,7,32,0
400062,Tim Redding,NYN,NL,31,,0.73,159,8,10,0,166,87,80,21,107,61,5,6,33,0
400067,Carlos Silva,SEA,AL,30,,0.8,156,8,12,0,190,95,90,20,78,36,2,4,28,0
400076,Shane Loux,LAA,AL,30,,0.15,33,2,2,0,34,17,15,3,22,11,1,2,0,7
400089,Rafael Soriano,ATL,NL,30,,0.48,39,2,2,3,33,17,15,5,36,14,2,1,0,14
400093,Duaner Sanchez,SDN,NL,30,,0.46,54,4,2,0,52,26,25,6,42,21,3,2,0,66
400104,Tyler Walker,,,33,,0.45,53,4,5,2,51,28,26,6,43,21,2,1,0,65
400113,Les Walrond,PHI,NL,33,,0.15,33,2,2,0,34,18,17,3,27,15,2,1,0,6
400125,Jesus Colome,WAS,NL,32,,0.56,67,3,3,0,64,34,31,7,50,31,3,3,0,61
400141,Horacio Ramirez,KCA,AL,30,,0.59,66,4,5,0,78,41,38,6,36,24,1,2,0,32
400291,Dustin Moseley,LAA,AL,28,,0.56,72,4,4,0,81,41,40,8,49,25,1,3,10,2
406301,Chad Paronto,HOU,NL,34,,0.39,34,2,2,0,36,17,15,3,23,13,2,1,0,6
406402,Jorge Julio,MIL,NL,30,,0.51,46,2,2,2,45,24,22,5,44,22,2,2,0,27
406874,Joe Nelson,TBA,AL,35,,0.44,52,3,2,2,48,23,21,6,47,22,3,2,0,59
407113,Justin Duchscherer,OAK,AL,32,,0.66,113,8,7,2,99,45,41,10,80,33,3,5,22,0
407154,Casey Fossum,NYN,NL,31,,0.6,61,4,4,0,69,40,37,8,43,25,1,4,0,31
407193,Brandon Lyon,DET,AL,30,,0.6,62,4,4,10,65,30,27,6,44,20,2,1,0,61
407296,Carlos Zambrano,CHN,NL,28,,0.82,176,13,8,0,155,80,75,17,141,76,3,7,30,0
407297,Juan Cruz,KCA,AL,31,,0.58,59,4,2,0,50,27,24,6,63,29,2,4,0,57
407298,Jason Jennings,TEX,AL,31,,0.65,83,3,7,0,90,50,47,11,56,33,2,2,6,0
407400,Rick Bauer,CLE,AL,32,,0.25,29,1,1,0,30,16,15,3,20,11,1,1,0,4
407779,Francis Beltran,SFN,NL,30,,0.13,31,2,2,0,32,17,15,4,23,12,1,1,0,11
407783,Geoff Geary,HOU,NL,33,,0.61,64,3,3,0,61,29,26,6,44,24,4,4,0,55
407791,Brendan Donnelly,TEX,AL,38,,0.35,34,2,1,0,36,19,18,4,24,14,1,2,0,15
407793,John Lackey,LAA,AL,31,,0.81,164,12,7,0,160,71,65,18,131,46,2,8,24,0
407816,J.J. Putz,NYN,NL,32,,0.57,55,4,3,18,48,21,20,5,56,20,1,2,0,47
407819,Matt Thornton,CHA,AL,33,,0.58,64,4,4,1,59,29,27,6,59,24,3,2,0,74
407822,Jorge de la Rosa,COL,NL,28,,0.73,130,9,9,0,135,77,72,16,110,59,4,5,23,5
407825,Matt Guerrier,MIN,AL,31,,0.64,72,4,5,1,72,34,32,9,53,27,3,2,0,76
407840,Brandon Backe,HOU,NL,31,,0.69,146,8,10,0,165,89,85,25,106,64,3,5,31,0
407842,Jose Veras,NYA,AL,29,,0.43,55,4,3,1,52,26,25,6,47,24,3,2,0,60
407845,Fernando Rodney,DET,AL,32,,0.52,50,2,4,6,47,26,24,5,46,24,2,3,0,38
407853,Erik Bedard,SEA,AL,30,,0.75,119,8,5,0,105,52,48,12,114,44,1,4,15,0
407872,Jose Diaz,TEX,AL,29,,0.03,25,1,1,0,26,14,13,3,19,10,1,1,0,1
407878,Jose Valverde,HOU,NL,30,,0.6,67,4,4,31,61,30,28,8,70,25,3,2,0,74
407883,Franklyn German,TEX,AL,29,,0.22,36,2,2,0,35,17,16,3,26,16,1,1,0,17
407884,Tyler Yates,PIT,NL,32,,0.6,68,4,4,1,67,37,35,7,59,33,5,2,0,72
407896,Billy Traber,BOS,AL,30,,0.39,41,2,2,0,46,24,22,5,28,15,1,3,0,19
407901,Jorge Sosa,WAS,NL,32,,0.6,55,4,4,0,58,32,29,7,37,21,3,1,0,20
407908,Joel Peralta,KCA,AL,33,,0.6,60,2,3,0,63,33,31,9,44,18,2,2,0,40
407911,Frank Francisco,TEX,AL,30,,0.54,63,3,4,2,58,30,28,6,59,27,2,2,0,58
407924,Manny Acosta,ATL,NL,28,,0.44,54,3,4,1,50,25,23,6,40,24,3,1,0,46
408046,Andrew Brown,,,28,,0.43,47,2,2,0,42,22,21,4,38,20,2,2,0,31
408052,Chris Bootcheck,PIT,NL,31,,0.44,41,2,2,0,46,25,23,4,30,16,1,2,0,10
408057,Bobby Jenks,CHA,AL,28,,0.59,62,3,3,26,55,25,24,4,49,20,3,2,0,57
408061,Francisco Rodriguez,NYN,NL,27,,0.61,66,3,3,38,56,25,22,5,70,29,2,2,0,76
408069,Erick Threets,LAN,NL,28,,0.12,30,1,2,0,31,16,15,3,23,14,2,2,0,7
408072,Jason Bulger,LAA,AL,31,,0.19,34,2,2,0,34,19,18,4,28,14,1,2,0,14
408206,Brett Myers,PHI,NL,29,,0.77,147,8,9,6,146,75,70,20,133,52,4,4,30,0
408230,Pedro Feliciano,NYN,NL,33,,0.57,58,3,3,1,56,26,24,6,50,25,4,3,0,86
408241,Jake Peavy,SDN,NL,28,,0.81,169,11,9,0,143,62,59,15,169,57,4,5,27,0
408310,Aaron Heilman,CHN,NL,31,,0.65,72,4,6,1,68,37,33,8,62,30,4,5,0,78
420864,Randy Flores,COL,NL,34,,0.46,43,2,1,1,50,24,22,4,34,19,2,2,0,43
421104,Lee Gardner,FLO,NL,34,,0.39,36,2,2,0,38,17,15,3,26,13,1,1,0,7
421685,Aaron Harang,CIN,NL,31,,0.82,175,9,10,0,178,86,81,25,154,48,4,4,29,1
424144,Oliver Perez,NYN,NL,28,,0.8,175,10,9,0,158,92,81,22,162,86,3,8,34,0
424164,Kirk Saarloos,CLE,AL,30,,0.52,49,2,3,0,57,29,27,6,30,18,1,2,1,7
424324,Cliff Lee,CLE,AL,31,,0.8,180,14,7,0,183,81,74,17,130,45,2,6,31,0
424426,Ryan Bukvich,BAL,AL,31,,0.25,31,2,1,0,33,17,16,4,22,15,1,1,0,4
424465,Runelvys Hernandez,HOU,NL,31,,0.39,70,3,6,0,81,45,41,10,49,30,2,3,4,0
424668,Jon Adkins,CIN,NL,32,,0.2,27,2,1,0,27,14,13,3,20,11,1,1,0,4
424805,Mark Hendrickson,BAL,AL,35,,0.75,122,5,8,0,133,72,67,15,83,43,4,3,19,17
424925,Clay Condrey,PHI,NL,34,,0.56,65,4,3,1,74,31,29,6,40,22,4,3,0,56
425146,Nate Robertson,DET,AL,32,,0.8,160,8,10,0,183,96,91,21,107,58,4,4,28,4
425186,Jason Davis,PIT,NL,29,,0.46,49,3,3,0,52,28,25,4,32,22,2,3,4,10
425226,Brian Tallet,TOR,AL,32,,0.57,60,2,3,0,56,26,25,5,47,25,3,3,0,51
425386,Jeremy Guthrie,BAL,AL,30,,0.78,169,8,8,0,161,77,72,21,114,53,2,6,30,0
425426,Chien-Ming Wang,NYA,AL,29,,0.77,127,11,4,0,126,57,54,8,70,41,2,4,15,0
425466,Willie Eyre,,,31,,0.42,33,2,2,0,36,18,17,4,22,13,1,1,,
425471,Jimmy Gobble,KCA,AL,28,,0.52,47,2,2,1,50,27,25,6,39,21,2,2,0,39
425487,Todd Wellemeyer,SLN,NL,31,,0.75,149,8,7,0,141,73,66,18,108,59,3,6,32,0
425492,Ryan Madson,PHI,NL,29,,0.65,74,4,3,1,75,34,32,7,58,26,3,3,0,76
425507,Fernando Cabrera,BAL,AL,28,,0.47,44,2,2,0,45,26,24,7,40,21,2,1,0,22
425510,Francisco Cruceta,DET,AL,28,,0.14,32,2,2,0,33,18,16,4,24,14,1,1,0,13
425514,Heath Bell,SDN,NL,32,,0.63,73,4,4,0,65,30,29,6,67,26,3,2,0,74
425528,Seth McClung,MIL,NL,28,,0.62,89,5,6,1,85,46,43,9,70,44,3,4,12,25
425530,Brian Stokes,NYN,NL,30,,0.48,49,2,3,0,55,27,26,7,36,18,2,2,1,23
425531,Doug Waechter,KCA,AL,28,,0.48,59,3,3,0,60,30,28,7,43,21,2,2,0,48
425539,Hong-Chih Kuo,LAN,NL,28,,0.57,73,4,4,0,66,33,30,6,74,26,2,3,3,39
425555,Daniel Cabrera,WAS,NL,28,,0.8,170,8,11,0,174,100,95,20,122,86,4,12,30,0
425561,Chris Waters,BAL,AL,29,,0.42,92,5,6,0,97,51,48,11,59,37,1,4,11,0
425562,Vinnie Chulk,CLE,AL,31,,0.48,46,2,3,0,46,24,22,5,34,16,2,2,0,27
425606,Kiko Calero,FLO,NL,34,,0.37,31,1,2,0,32,17,16,3,26,13,1,1,0,5
425628,Greg Aquino,CLE,AL,31,,0.28,31,1,1,0,34,19,17,4,25,13,1,2,0,9
425629,Oscar Villarreal,KCA,AL,28,,0.57,52,3,2,0,52,27,24,7,37,20,2,2,0,35
425630,Brandon Webb,ARI,NL,30,,0.84,197,16,8,0,180,82,72,13,160,59,5,7,34,0
425646,Luis Ayala,MIN,AL,31,,0.54,67,3,6,4,71,38,35,8,48,23,2,3,0,81
425647,D.J. Carrasco,CHA,AL,32,,0.3,44,2,2,0,42,22,21,4,33,16,1,3,0,31
425656,Wilfredo Ledezma,WAS,NL,28,,0.57,65,2,3,0,64,35,31,6,53,34,3,2,6,22
425657,Javier Lopez,BOS,AL,32,,0.51,59,3,2,0,56,26,23,5,40,25,1,3,0,70
425658,Aquilino Lopez,DET,AL,34,,0.5,66,3,2,0,71,32,30,8,48,22,2,3,0,48
425747,Jose Contreras,CHA,AL,38,,0.78,138,8,9,0,154,81,74,15,86,46,1,7,20,0
425768,Angel Guzman,CHN,NL,28,,0.35,45,2,2,0,46,24,23,5,39,18,1,2,1,5
425794,Adam Wainwright,SLN,NL,28,,0.77,135,9,6,0,131,58,53,11,99,43,3,5,20,0
425818,Boof Bonser,MIN,AL,28,,0.75,120,5,7,0,131,73,66,16,95,40,2,3,12,35
425827,Jeremy Bonderman,DET,AL,27,,0.74,113,7,6,0,116,60,55,13,91,40,3,3,12,0
425840,Neal Cotts,CHN,NL,29,,0.42,45,2,2,0,46,23,22,6,40,18,2,2,0,50
425844,Zack Greinke,KCA,AL,26,,0.76,160,10,8,0,157,70,65,16,139,48,3,4,32,0
425848,Rich Harden,CHN,NL,28,,0.67,134,8,4,0,102,47,43,12,146,56,3,3,25,0
425856,Gavin Floyd,CHA,AL,26,,0.75,167,11,8,0,164,91,79,25,120,58,4,8,33,0
425860,Bryan Bullington,CLE,AL,29,,0.23,56,2,4,0,59,31,28,8,40,19,1,2,2,1
425861,Shawn Camp,TOR,AL,34,,0.51,49,3,3,0,55,27,26,5,37,17,3,3,0,40
425883,Dontrelle Willis,DET,AL,27,,0.73,92,5,6,0,97,53,49,11,67,43,2,5,7,1
425899,Charlie Manning,SLN,NL,30,,0.32,46,2,3,0,44,25,23,6,37,23,2,1,0,57
429400,Adam Loewen,BAL,AL,25,,0.47,66,3,3,0,65,37,35,7,51,35,1,3,4,3
429440,Edgar Gonzalez,ARI,NL,26,,0.59,72,4,4,0,76,41,38,10,52,25,3,3,6,11
429714,Denny Bautista,PIT,NL,29,,0.47,58,3,4,0,61,34,32,6,44,30,2,3,0,51
429715,Travis Blackley,ARI,NL,27,,0.06,61,3,3,0,61,32,30,7,47,24,2,2,,
429717,Danny Haren,ARI,NL,29,,0.83,190,13,9,0,181,81,73,20,171,46,4,5,33,0
429718,Shawn Hill,SDN,NL,28,,0.61,101,4,6,0,109,55,50,9,71,34,3,4,12,0
429719,Edwin Jackson,DET,AL,26,,0.77,163,9,11,0,176,90,84,19,113,72,2,3,31,1
429720,John Maine,NYN,NL,28,,0.77,149,10,8,0,132,72,66,18,132,63,3,4,25,0
429721,Royce Ring,SLN,NL,29,,0.31,38,2,2,0,39,23,20,4,30,17,2,2,0,42
429722,Ervin Santana,LAA,AL,26,,0.81,184,12,9,0,175,90,84,21,162,54,3,8,32,0
429723,Merkin Valdez,SFN,NL,28,,0.15,35,2,2,0,34,17,15,4,28,14,2,2,1,16
429724,John Van Benschoten,CHA,AL,29,,0.35,64,3,6,0,75,48,45,9,50,34,2,4,5,4
429781,Kevin Correia,SDN,NL,29,,0.69,101,4,6,0,109,55,52,11,73,40,4,3,19,6
429783,Rafael Betancourt,CLE,AL,34,,0.62,68,4,3,3,65,31,30,8,58,20,3,1,0,69
429981,Roy Corcoran,SEA,AL,29,,0.46,61,4,3,2,60,30,27,4,40,26,2,2,0,50
429984,Scott Proctor,FLO,NL,32,,0.59,53,3,2,0,51,28,25,7,46,25,2,2,0,41
429985,Chad Gaudin,CHN,NL,26,,0.73,101,7,6,0,98,51,46,11,81,43,4,3,6,44
430083,Brian Sanches,WAS,NL,31,,0.24,32,2,2,0,34,19,17,5,25,14,1,1,0,12
430101,Chad Cordero,SEA,AL,27,,0.47,35,2,2,10,33,15,14,4,30,13,2,1,0,6
430579,Elizardo Ramirez,TEX,AL,26,,0.35,55,3,4,0,61,35,32,7,39,20,1,3,0,1
430580,Alfredo Simon,BAL,AL,28,,0.13,40,2,2,0,42,22,20,5,29,14,1,2,1,3
430582,Brian Wolfe,TOR,AL,29,,0.37,41,2,2,0,38,18,17,4,27,13,1,1,0,20
430587,Taylor Buchholz,COL,NL,28,,0.65,72,5,5,0,67,35,31,8,55,22,2,2,0,63
430588,Fernando Nieve,HOU,NL,27,,0.32,36,2,2,0,36,19,18,5,29,13,1,1,0,11
430589,Chad Qualls,ARI,NL,31,,0.64,70,4,5,4,66,30,27,7,60,22,3,3,0,77
430594,Renyel Pinto,FLO,NL,27,,0.56,63,3,4,0,55,31,29,8,56,32,2,3,0,67
430597,Phil Dumatrait,PIT,NL,28,,0.5,87,4,6,0,95,55,52,10,62,41,2,3,11,10
430599,Joe Blanton,PHI,NL,29,,0.82,182,10,10,0,191,93,87,17,115,54,4,4,33,0
430606,Mike Adams,SDN,NL,31,,0.43,58,3,3,0,52,24,23,7,53,20,2,1,0,54
430610,Dennis Sarfate,BAL,AL,28,,0.5,68,4,3,0,61,37,33,7,64,37,2,4,4,53
430617,Scott Dohmann,TBA,AL,31,,0.37,36,2,2,0,37,20,18,4,28,16,1,1,0,12
430618,Justin Hampson,SDN,NL,29,,0.44,46,2,2,0,46,21,19,4,33,16,2,2,0,35
430629,Joel Hanrahan,WAS,NL,28,,0.57,76,5,4,4,73,39,37,9,71,37,4,2,0,69
430630,Jason Frasor,TOR,AL,32,,0.53,54,2,3,1,50,28,26,5,46,25,2,2,0,49
430634,Sean Burnett,PIT,NL,27,,0.39,53,2,2,0,53,28,26,6,41,25,2,2,0,58
430636,Ian Snell,PIT,NL,28,,0.8,163,8,10,0,175,88,82,18,139,70,3,4,31,0
430641,Blaine Boyer,ATL,NL,28,,0.46,62,3,4,1,63,37,34,7,52,22,3,2,0,76
430642,Jose Capellan,HOU,NL,28,,0.33,29,1,2,0,28,15,14,4,23,11,1,1,0,1
430646,Jake Woods,SEA,AL,28,,0.41,39,2,2,0,40,21,19,5,26,17,1,1,0,15
430654,Brian Bass,BAL,AL,27,,0.5,73,4,4,1,76,41,37,9,46,26,3,3,4,45
430657,Cha Seung Baek,SDN,NL,29,,0.69,128,6,8,0,132,69,65,15,90,41,3,4,21,11
430661,Dustin McGowan,TOR,AL,27,,0.72,129,8,8,0,123,66,61,11,103,47,2,4,19,0
430663,Brian Bruney,NYA,AL,27,,0.46,48,3,2,0,41,21,19,4,39,23,1,2,1,31
430665,Brandon Medders,SFN,NL,29,,0.42,38,2,2,0,37,20,18,5,27,16,1,2,0,18
430666,Phil Stockman,ATL,NL,29,,0.09,29,1,1,0,27,14,13,3,23,12,1,1,0,6
430673,Ramon Ramirez,BOS,AL,28,,0.54,63,4,3,0,58,29,27,5,54,25,3,1,0,71
430674,Yhency Brazoban,LAN,NL,29,,0.06,27,1,1,0,28,15,13,3,22,11,1,1,0,2
430675,Sean Henn,MIN,AL,28,,0.29,35,2,2,0,36,21,19,4,28,17,1,2,0,4
430683,Justin Germano,SDN,NL,27,,0.6,85,4,6,0,88,47,43,10,55,28,3,4,6,6
430831,Jeff Bennett,ATL,NL,29,,0.54,77,4,5,2,73,37,34,7,58,33,4,4,4,68
430837,Lenny DiNardo,KCA,AL,30,,0.58,65,4,4,0,71,39,34,7,38,27,2,2,2,9
430884,Jesse Crain,MIN,AL,28,,0.53,58,4,4,0,58,29,26,6,44,20,2,2,0,66
430889,Bill Murphy,,,28,,0.05,26,1,1,0,26,13,12,3,20,11,1,1,,
430900,Michael Wuertz,OAK,AL,31,,0.54,55,2,2,0,53,26,23,6,47,24,3,1,0,45
430904,Paul Maholm,PIT,NL,27,,0.81,181,9,10,0,186,90,84,19,125,60,3,7,31,0
430911,David Aardsma,SEA,AL,28,,0.5,53,3,2,0,53,30,28,6,46,26,2,3,0,47
430912,Matt Cain,SFN,NL,25,,0.82,189,8,12,0,168,82,78,16,165,76,5,6,34,0
430913,Brad Hennessey,BAL,AL,29,,0.57,56,3,3,4,60,31,29,7,35,21,1,2,4,13
430935,Cole Hamels,PHI,NL,26,,0.82,192,13,8,0,167,79,72,24,177,52,5,3,33,0
430941,George Sherrill,BAL,AL,32,,0.52,56,3,3,13,51,27,26,6,53,26,3,2,0,57
430950,Brian Gordon,TEX,AL,31,,0.04,27,1,1,0,28,14,13,3,19,10,1,1,0,3
430962,Dustin Nippert,TEX,AL,28,,0.54,71,3,4,0,79,44,42,9,54,30,2,2,6,14
430963,Tony Pena,ARI,NL,27,,0.61,70,4,3,2,67,34,31,7,53,23,3,3,0,72
431148,Scott Kazmir,TBA,AL,25,,0.79,157,11,8,0,138,66,61,18,168,65,2,5,27,0
432934,Chris Young,SDN,NL,30,,0.76,128,8,6,0,103,55,52,13,117,54,3,4,18,0
433578,Lance Cormier,TBA,AL,29,,0.59,71,4,4,0,78,40,37,9,47,31,3,2,1,44
433579,John Danks,CHA,AL,24,,0.76,171,10,10,0,167,80,75,19,139,56,3,4,33,0
433581,Brad Thompson,SLN,NL,27,,0.66,79,5,4,0,85,42,39,9,46,26,2,5,6,20
433584,Fausto Carmona,CLE,AL,26,,0.76,135,10,7,0,132,67,62,11,86,54,2,8,22,0
433585,Jeff Francis,COL,NL,28,,0.8,153,9,9,0,161,79,75,18,111,52,6,5,24,0
433586,Santiago Casilla,OAK,AL,29,,0.49,55,3,2,1,57,27,26,6,46,22,3,2,0,51
433587,Felix Hernandez,SEA,AL,23,,0.81,179,11,9,0,176,80,74,17,159,61,4,6,31,0
433589,Yusmeiro Petit,ARI,NL,25,,0.54,75,4,5,0,71,39,37,12,58,24,2,2,8,11
433657,David Bush,MIL,NL,30,,0.81,169,9,9,0,167,89,83,23,118,45,3,9,29,2
434137,Logan Kensing,FLO,NL,27,,0.46,54,3,2,0,50,26,24,6,49,25,3,3,0,48
434159,Dan Meyer,FLO,NL,28,,0.3,54,2,4,0,59,37,32,7,40,22,1,2,4,7
434180,Kameron Loe,TEX,AL,28,,0.62,73,3,4,0,81,44,37,7,46,26,2,2,0,14
434181,Brandon League,TOR,AL,26,,0.38,43,2,2,1,41,19,17,4,31,16,1,2,0,31
434298,Todd Coffey,MIL,NL,29,,0.49,43,2,2,1,48,23,21,6,33,16,2,2,0,26
434378,Justin Verlander,DET,AL,26,,0.82,181,13,10,0,169,90,83,17,149,68,5,12,33,0
434438,Billy Buckner,ARI,NL,26,,0.29,43,2,2,0,44,22,20,6,32,17,1,1,0,10
434442,J.P. Howell,TBA,AL,26,,0.61,79,4,4,1,74,39,35,8,72,31,1,4,0,64
434479,Mike Hinckley,WAS,NL,27,,0.13,32,2,2,0,30,14,13,3,25,11,1,1,0,14
434480,Darrell Rasner,NYA,AL,28,,0.61,113,6,9,0,125,66,61,14,73,39,2,5,20,4
434482,Jesse Carlson,TOR,AL,29,,0.4,55,4,3,1,49,23,21,6,45,20,3,2,0,69
434538,Francisco Liriano,MIN,AL,26,,0.57,92,7,4,0,85,42,37,9,83,34,1,2,14,0
434565,Robinson Tejeda,KCA,AL,27,,0.6,71,4,5,0,68,42,38,9,55,34,1,3,1,28
434578,Joe Saunders,LAA,AL,28,,0.77,170,13,7,0,170,79,72,18,104,52,2,5,31,0
434579,Steven Shell,WAS,NL,26,,0.36,50,3,2,1,44,21,19,5,40,19,1,2,0,39
434587,Devon Lowery,KCA,AL,26,,0.05,27,2,1,0,28,15,14,3,21,10,1,1,0,5
434590,Yorman Bazardo,PHI,NL,25,,0.17,33,2,2,0,33,18,17,3,25,12,1,2,0,3
434591,Randy Messenger,SEA,AL,28,,0.46,38,2,2,1,43,19,18,4,25,14,1,1,0,13
434592,Chris Resop,ATL,NL,27,,0.24,35,2,2,0,34,18,17,4,26,15,2,2,0,16
434619,Enrique Gonzalez,SDN,NL,27,,0.31,44,2,3,0,45,25,24,5,32,16,1,2,0,4
434622,Ubaldo Jimenez,COL,NL,25,,0.74,167,10,9,0,151,83,74,13,144,78,5,8,34,0
434623,Juan Morillo,COL,NL,26,,0.05,29,2,2,0,29,15,14,4,23,11,1,1,0,1
434627,Ryan Speier,COL,NL,30,,0.41,52,3,2,0,53,26,24,5,38,20,2,3,0,43
434628,Jason Hammel,TBA,AL,27,,0.63,83,4,5,1,89,49,46,11,57,35,2,2,5,35
434637,Matt Lindstrom,FLO,NL,29,,0.53,60,3,3,2,60,27,24,4,49,24,3,2,0,66
434638,Brian Burres,TOR,AL,28,,0.71,122,7,8,0,140,76,73,15,79,51,2,5,22,9
434641,Juan Gutierrez,,,26,,0.14,42,2,2,0,42,22,21,5,33,15,2,1,,
434643,Wandy Rodriguez,HOU,NL,30,,0.77,146,8,9,0,146,77,68,16,127,53,4,5,25,0
434663,Leo Nunez,FLO,NL,26,,0.48,56,3,3,0,55,26,24,6,40,18,1,3,0,45
434665,Nick Masset,CIN,NL,27,,0.51,61,3,2,0,66,34,30,6,45,27,4,2,1,41
434666,Josh Rupe,TEX,AL,27,,0.53,70,3,2,0,71,37,36,7,46,30,2,5,0,46
434668,Manny Delcarmen,BOS,AL,27,,0.58,67,2,2,1,58,29,27,6,58,24,1,3,0,73
434669,Luis Mendoza,TEX,AL,26,,0.45,74,4,6,1,88,55,47,8,49,27,3,5,11,14
434671,Anibal Sanchez,FLO,NL,25,,0.55,88,5,5,0,87,45,42,9,70,39,3,5,10,0
434672,Chris Smith,BOS,AL,28,,0.17,34,2,2,0,34,20,19,5,25,13,1,1,0,12
434678,Kyle Davies,KCA,AL,26,,0.72,130,8,10,0,140,77,71,16,92,54,2,4,21,0
434679,Anthony Lerew,,,27,,0.09,56,3,4,0,57,31,29,7,44,23,2,2,,
434680,Macay McBride,DET,AL,27,,0.31,28,2,1,0,28,15,13,3,22,13,1,1,,
434701,Franquelis Osoria,KCA,AL,28,,0.49,58,3,3,0,68,34,32,8,38,18,2,3,0,43
434718,Huston Street,COL,NL,26,,0.59,65,5,4,16,57,29,27,6,61,21,3,2,0,63
434884,Ryan Rowland-Smith,SEA,AL,26,,0.62,95,4,3,1,92,43,40,10,71,36,1,3,12,35
434958,Sean Green,NYN,NL,30,,0.6,71,4,4,0,74,38,34,5,53,31,2,4,0,72
434978,Marino Salas,PIT,NL,28,,0.16,33,2,2,0,36,19,18,4,25,15,2,2,0,13
435039,Anthony Reyes,CLE,AL,28,,0.63,84,4,7,0,84,45,43,10,58,31,1,4,6,10
435043,Zach Duke,PIT,NL,26,,0.79,163,6,11,0,195,93,84,17,89,46,3,5,31,0
435044,Scott Baker,MIN,AL,28,,0.77,160,10,7,0,163,74,71,19,124,41,3,4,28,0
435140,Hayden Penn,BAL,AL,25,,0.07,60,3,4,0,63,35,33,8,44,23,1,3,,
435158,Keiichi Yabu,SFN,NL,41,,0.43,59,3,4,0,60,31,27,5,42,26,3,4,0,60
435178,Josh Johnson,FLO,NL,25,,0.63,102,7,4,0,101,47,43,9,89,39,3,2,14,0
435179,Scott Olsen,WAS,NL,25,,0.81,179,9,11,0,181,100,88,25,129,69,7,3,33,0
435221,Brandon McCarthy,TEX,AL,26,,0.57,65,3,5,0,64,34,32,7,44,26,2,2,5,0
435261,Zach Miner,DET,AL,27,,0.68,98,6,5,0,98,49,45,9,62,37,3,3,13,32
435298,Jeff Niemann,TBA,AL,26,,0.15,47,3,3,0,48,26,23,6,36,18,1,2,2,3
435400,Jason Motte,SLN,NL,27,,0.11,31,2,2,1,29,15,13,3,26,11,1,1,0,12
435500,Dan Giese,NYA,AL,32,,0.36,52,2,3,0,51,27,24,6,37,18,1,2,3,17
435538,Bill Bray,CIN,NL,26,,0.45,50,3,3,1,51,24,22,5,46,20,3,1,0,63
435618,Jeremy Accardo,TOR,AL,28,,0.47,38,2,3,8,37,18,17,3,29,13,2,1,0,16
435619,Patrick Misch,SFN,NL,28,,0.47,68,2,4,0,71,37,35,9,51,23,3,3,7,8
435620,Jack Taschner,SFN,NL,31,,0.5,54,3,2,0,57,31,29,6,45,25,2,2,0,67
435638,Zach Jackson,CLE,AL,26,,0.44,83,4,4,0,90,48,44,10,55,27,1,4,9,2
435658,Jorge Campillo,ATL,NL,31,,0.65,126,6,6,0,129,64,59,15,89,38,3,2,25,14
441368,Alberto Castillo,BAL,AL,34,,0.23,38,2,2,0,40,19,18,4,29,14,1,4,0,28
442707,Mark DiFelice,MIL,NL,33,,0.18,35,2,2,0,35,17,16,5,28,12,1,1,0,15
443563,Alex Serrano,LAA,AL,28,,0.01,25,1,1,0,26,13,12,3,19,9,1,1,0,1
444127,Warner Madrigal,TEX,AL,25,,0.29,44,2,2,1,44,24,21,5,32,16,1,1,1,30
444354,Daryl Thompson,CIN,NL,24,,0.14,67,3,4,0,69,36,34,8,50,26,2,3,3,0
444370,Carlos Muniz,NYN,NL,28,,0.22,37,2,2,0,37,20,19,5,28,14,1,2,0,18
444371,Jeff Karstens,PIT,NL,27,,0.46,80,4,7,0,85,47,40,10,50,28,2,2,9,0
444382,Eddie Bonine,DET,AL,28,,0.23,73,5,4,0,80,41,37,8,48,24,1,3,5,0
444440,Nick Adenhart,LAA,AL,23,,0.12,66,4,3,0,69,37,35,6,47,29,1,2,3,0
444446,Collin Balester,WAS,NL,23,,0.47,100,5,7,0,104,57,52,13,73,35,2,5,15,0
444520,Craig Breslow,MIN,AL,29,,0.36,49,2,3,1,45,21,19,4,38,19,2,1,0,49
444836,Aaron Laffey,CLE,AL,24,,0.59,112,7,7,0,115,58,52,11,67,36,2,8,16,0
444857,Scott Feldman,TEX,AL,26,,0.68,119,5,6,0,123,72,64,15,70,48,3,7,25,3
444864,Jimmy Barthmaier,PIT,NL,25,,0.1,65,3,5,0,68,37,35,8,51,27,2,2,3,0
444865,Jason Hirsh,COL,NL,27,,0.53,70,3,4,0,70,40,37,10,52,29,3,2,1,3
444884,Chris Ray,BAL,AL,27,,0.36,29,2,2,7,27,14,13,3,24,11,1,1,,
444970,James Parr,ATL,NL,23,,0.2,71,4,3,0,73,37,34,9,55,27,2,2,5,0
445060,Ricky Nolasco,FLO,NL,27,,0.75,163,11,8,0,156,77,70,21,136,43,5,6,32,2
445090,Bobby Korecky,ARI,NL,30,,0.17,34,2,2,0,35,18,17,4,23,13,1,1,0,16
445156,Sean Marshall,CHN,NL,27,,0.66,85,5,6,0,84,43,40,11,65,32,3,3,7,27
445163,Casey Janssen,TOR,AL,28,,0.47,36,2,2,1,36,17,15,3,23,11,1,2,,
445222,Jack Cassel,CLE,AL,29,,0.34,58,3,3,0,63,32,29,7,39,20,2,2,3,6
445246,Jeff Fulchino,HOU,NL,30,,0.14,32,2,2,0,35,19,18,4,24,13,1,1,0,12
445590,Eric Stults,LAN,NL,30,,0.44,71,4,5,0,74,38,35,9,54,27,3,2,7,0
445926,Jesse Chavez,PIT,NL,26,,0.14,33,2,2,0,34,18,17,4,27,13,2,1,0,15
445968,Dana Eveland,OAK,AL,26,,0.67,141,8,8,0,144,73,71,11,104,61,2,9,29,0
445984,Jesus Delgado,SEA,AL,25,,0.02,26,1,1,0,25,13,12,3,20,10,1,1,0,2
446207,Josh Geer,SDN,NL,26,,0.23,73,4,4,0,74,34,31,8,55,27,3,2,5,0
446209,Jesse Litsch,TOR,AL,24,,0.74,158,11,9,0,156,73,65,18,95,43,3,7,28,1
446321,Ross Detwiler,,,23,,0.01,25,1,1,0,24,12,11,3,20,9,1,1,,
446333,Eddie Kunz,NYN,NL,23,,0.03,26,1,1,0,26,14,13,3,21,10,1,1,0,4
446341,Scott Richmond,TOR,AL,30,,0.23,73,4,5,0,78,37,35,8,54,22,1,3,5,0
446453,Levale Speigner,FLO,NL,29,,0.28,40,2,3,0,45,26,25,4,27,18,2,2,0,7
446454,Brian Bannister,KCA,AL,28,,0.77,167,10,11,0,177,96,89,21,101,54,2,6,32,0
446624,Charlie Haeger,LAN,NL,26,,0.17,29,1,2,0,30,18,16,4,23,13,1,2,0,4
446884,T.J. Beam,TOR,AL,29,,0.37,48,3,2,0,48,25,24,6,33,19,3,2,0,32
446899,Brad Ziegler,OAK,AL,30,,0.4,55,3,2,6,51,20,18,4,35,20,2,2,0,47
447714,Eric O'Flaherty,ATL,NL,24,,0.34,34,3,2,0,35,20,19,3,25,13,1,2,0,7
448147,Nick Blackburn,MIN,AL,27,,0.69,154,9,9,0,172,82,72,18,90,38,3,5,33,0
448159,Manny Parra,MIL,NL,27,,0.67,139,8,7,0,144,73,66,14,121,59,2,3,29,3
448165,Matt Capps,PIT,NL,26,,0.6,60,3,3,11,54,24,22,6,47,14,3,2,0,49
448178,Kevin Jepsen,LAA,AL,25,,0.09,29,2,2,0,29,15,14,3,22,11,1,1,0,9
448179,Rich Hill,BAL,AL,29,,0.67,89,5,4,0,79,42,40,11,79,36,2,4,5,0
448200,Chris Sampson,HOU,NL,31,,0.7,107,6,5,0,111,54,51,12,61,29,4,4,11,43
448306,James Shields,TBA,AL,28,,0.82,189,11,8,0,183,87,80,22,149,42,1,9,33,0
448337,Josh Kinney,SLN,NL,30,,0.15,29,1,1,0,27,14,13,3,23,10,1,1,0,7
448592,Cla Meredith,SDN,NL,26,,0.61,68,3,4,0,70,31,28,6,52,21,3,2,0,73
448656,Chad Reineke,SDN,NL,27,,0.17,60,4,3,0,58,31,29,6,47,26,2,2,3,1
448694,Randy Wells,CHN,NL,27,,0.06,28,1,1,0,26,13,12,3,21,11,1,1,0,4
448802,Jaime Garcia,SLN,NL,23,,0.15,37,2,2,0,35,19,18,5,28,14,1,1,1,9
448842,Eulogio De La Cruz,FLO,NL,25,,0.13,34,2,2,0,36,23,20,4,26,15,1,1,1,5
448857,Jose Ascanio,CHN,NL,24,,0.16,29,2,2,0,29,16,14,4,23,11,1,1,0,6
449060,Clay Rapada,DET,AL,28,,0.21,36,3,2,0,36,19,18,4,27,15,1,1,0,25
449072,Kyle McClellan,SLN,NL,25,,0.46,63,3,4,1,63,31,28,6,50,22,2,3,0,68
449079,Wesley Wright,HOU,NL,24,,0.39,53,3,3,1,48,28,26,6,47,24,2,3,0,71
449097,Jonathan Papelbon,BOS,AL,29,,0.6,65,4,3,29,54,24,21,5,67,16,1,2,0,67
449157,Mike Parisi,SLN,NL,26,,0.21,42,2,3,0,47,26,24,5,32,18,2,1,2,10
449777,Mitch Stetter,MIL,NL,28,,0.24,38,3,2,0,34,18,17,4,33,18,1,3,0,30
449820,Leo Rosales,ARI,NL,28,,0.25,40,2,2,0,41,20,19,4,29,16,2,1,0,27
449881,R.J. Swindle,MIL,NL,26,,0.05,27,1,1,0,28,14,13,3,22,10,1,1,0,3
450172,Edinson Volquez,CIN,NL,26,,0.72,161,12,7,0,146,74,65,14,155,71,4,9,32,1
450203,Charlie Morton,ATL,NL,26,,0.46,95,5,7,0,97,58,53,11,69,43,3,3,15,1
450212,Pat Neshek,MIN,AL,29,,0.45,39,3,2,0,33,17,16,4,35,14,2,1,0,15
450275,Mark Lowe,SEA,AL,26,,0.45,57,2,3,0,61,32,29,6,47,25,1,3,0,57
450282,Glen Perkins,MIN,AL,26,,0.66,126,8,4,0,137,64,59,17,76,38,1,4,26,0
450306,Jason Vargas,SEA,AL,26,,0.19,46,2,3,0,48,27,25,6,34,19,2,2,,
450308,Jered Weaver,LAA,AL,27,,0.79,164,11,8,0,161,77,72,18,133,50,3,5,30,0
450312,Mark Worrell,SDN,NL,26,,0.06,28,1,2,0,28,15,14,3,22,11,1,1,0,4
450320,Carmen Pignatiello,CHN,NL,27,,0.02,26,1,1,0,26,13,12,3,20,10,1,1,0,2
450321,Bill White,CHN,NL,31,,0.1,28,2,1,0,29,17,16,3,20,14,1,1,0,8
450351,C.J. Wilson,TEX,AL,29,,0.55,55,3,2,12,52,29,27,6,46,25,1,3,0,50
450527,Alex Hinshaw,SFN,NL,27,,0.31,45,2,2,0,41,21,20,5,41,22,2,2,0,48
450545,Doug Mathis,TEX,AL,26,,0.2,54,3,3,0,61,32,28,6,37,22,2,2,4,4
451216,Brian Wilson,SFN,NL,27,,0.5,59,3,3,20,56,29,27,6,53,24,3,2,0,63
451256,Kurt Birkins,TBA,AL,29,,0.33,35,2,2,0,37,20,18,3,27,14,1,2,0,6
451257,Kason Gabbard,TEX,AL,27,,0.57,95,5,4,0,93,51,46,9,65,47,3,4,12,0
451262,A.J. Murray,TEX,AL,27,,0.23,42,2,2,0,43,22,20,5,30,17,1,1,2,0
451482,Armando Galarraga,DET,AL,27,,0.67,147,10,6,0,132,71,64,21,106,52,2,5,28,2
451491,Joel Zumaya,DET,AL,25,,0.45,40,2,2,1,36,18,16,4,35,19,2,1,0,21
451497,Brian Slocum,PIT,NL,28,,0.08,31,2,2,0,34,18,17,4,23,11,1,2,0,2
451532,Chad Billingsley,LAN,NL,25,,0.79,165,13,8,0,152,67,62,14,158,69,5,5,32,3
451595,Sean Gallagher,OAK,AL,24,,0.58,110,5,6,0,111,65,59,12,90,49,2,5,21,2
451596,Yovani Gallardo,MIL,NL,23,,0.52,79,5,3,0,73,34,31,7,70,28,2,2,4,0
451657,Chase Wright,MIL,NL,26,,0.07,49,3,2,0,50,26,24,7,37,19,1,2,,
451767,Freddy Dolsi,DET,AL,26,,0.35,49,2,3,1,49,24,22,5,34,21,3,2,0,42
451774,Matt DeSalvo,ATL,NL,29,,0.19,50,3,3,0,56,30,28,5,35,22,1,2,0,2
451788,Shaun Marcum,TOR,AL,28,,0.76,145,9,7,0,133,66,62,20,114,50,2,6,25,0
452075,Connor Robertson,NYN,NL,28,,0.09,29,1,2,0,30,15,14,3,21,11,1,1,0,6
452237,Taylor Tankersley,FLO,NL,26,,0.41,39,2,2,1,37,20,19,5,34,18,2,2,0,25
452240,Adam Russell,CHA,AL,26,,0.23,38,3,2,0,39,20,19,4,29,14,1,2,0,22
452241,Garrett Mock,WAS,NL,26,,0.32,50,2,3,0,48,25,23,5,45,21,2,1,3,23
452249,Micah Owings,CIN,NL,27,,0.7,123,7,8,0,119,70,65,15,97,45,2,10,18,4
452293,Jonathan Albaladejo,NYA,AL,27,,0.21,33,2,2,0,32,16,15,3,26,12,1,1,0,7
452298,Kevin Cameron,OAK,AL,30,,0.35,36,2,1,0,35,18,15,3,28,17,2,1,0,10
452657,Jon Lester,BOS,AL,25,,0.76,171,12,5,0,164,72,69,15,129,61,2,7,33,0
452676,Mitch Talbot,TBA,AL,26,,0.1,41,2,2,0,44,24,23,5,30,18,1,2,1,2
452718,Kyle Kendrick,PHI,NL,25,,0.73,149,11,8,0,164,82,76,19,80,49,3,10,30,1
452724,Billy Sadler,SFN,NL,28,,0.34,47,2,2,0,44,24,22,6,40,22,2,4,0,33
452725,Wes Littleton,BOS,AL,27,,0.41,39,2,2,1,37,19,18,4,26,14,1,2,0,12
452733,Tom Gorzelanny,PIT,NL,27,,0.75,133,8,8,0,137,72,69,16,94,61,2,5,21,0
453178,Ian Kennedy,NYA,AL,25,,0.37,79,3,5,0,81,47,44,8,59,35,1,2,9,1
453192,Andrew Miller,FLO,NL,24,,0.63,110,7,8,0,114,68,62,10,93,53,3,6,20,9
453198,Chris Perez,SLN,NL,24,,0.32,46,3,3,4,42,22,20,5,40,19,1,1,0,41
453281,Wade LeBlanc,SDN,NL,25,,0.19,64,3,5,0,67,37,35,10,49,28,3,2,4,1
453286,Max Scherzer,ARI,NL,25,,0.39,68,2,4,0,63,32,28,7,65,25,2,4,7,9
453311,Tim Lincecum,SFN,NL,25,,0.79,187,13,6,0,155,72,67,13,203,72,3,5,33,1
453329,Clay Buchholz,BOS,AL,25,,0.51,97,5,8,0,101,60,54,11,84,42,2,3,15,1
453344,Brandon Morrow,SEA,AL,25,,0.55,66,3,4,4,55,30,28,7,63,33,2,1,5,40
453353,Greg Reynolds,COL,NL,24,,0.41,89,4,7,0,98,59,56,14,55,34,3,4,13,1
453385,Clayton Richard,WAS,NL,26,,0.35,70,4,5,0,77,42,38,8,50,23,2,2,8,5
453515,David Purcey,TOR,AL,27,,0.42,93,5,6,0,94,52,49,11,75,37,1,4,12,0
453646,Carlos Villanueva,MIL,NL,26,,0.69,96,5,5,1,91,45,42,13,82,34,2,3,9,38
453889,Matt Chico,WAS,NL,26,,0.64,97,4,7,0,105,55,50,14,66,39,2,3,8,3
453954,Kevin Hart,CHN,NL,27,,0.28,40,2,2,0,42,23,20,4,33,18,2,2,0,21
454535,Clay Hensley,HOU,NL,30,,0.6,61,3,4,0,61,34,31,5,43,29,3,2,1,31
454537,Jared Burton,CIN,NL,28,,0.5,59,4,2,0,54,26,24,6,51,25,3,2,0,54
454581,Carlos Guevara,SDN,NL,27,,0.12,31,2,2,0,31,17,15,4,25,13,2,1,0,10
454972,Romulo Sanchez,PIT,NL,25,,0.22,33,2,1,0,32,17,16,3,24,13,1,1,0,10
455009,Jonathan Broxton,LAN,NL,25,,0.63,68,3,4,6,58,28,25,5,76,25,3,2,0,70
455047,Jeff Ridgway,ATL,NL,29,,0.1,30,2,2,0,31,17,16,4,23,11,1,2,0,10
455091,Michael Ekstrom,SDN,NL,26,,0.1,30,2,2,0,31,16,15,4,23,12,1,1,0,8
455092,Scott Elbert,LAN,NL,24,,0.06,28,1,2,0,28,15,14,3,23,11,1,1,0,10
455970,Bob McCrory,BAL,AL,27,,0.07,28,2,1,0,29,17,16,3,21,12,1,1,0,8
456027,Ross Ohlendorf,PIT,NL,27,,0.43,62,2,4,0,70,38,35,8,51,26,3,2,5,25
456034,David Price,TBA,AL,24,,0.14,39,2,2,0,37,19,17,4,30,14,1,2,1,4
456043,Jonathan Sanchez,SFN,NL,27,,0.7,128,7,9,0,126,72,69,13,123,58,2,6,29,0
456102,David Pauley,BAL,AL,26,,0.17,46,2,3,0,52,29,27,5,35,17,1,2,2,4
456387,Ryan Feierabend,SEA,AL,24,,0.47,78,3,6,0,92,51,49,11,55,29,2,3,8,0
456499,Scott Patterson,SDN,NL,30,,0.05,27,1,1,0,27,14,13,3,22,12,1,1,0,4
456501,Johnny Cueto,CIN,NL,23,,0.66,147,8,10,0,144,79,73,21,132,55,2,9,31,0
456585,Mike O'Connor,WAS,NL,29,,0.33,52,3,3,0,52,31,29,7,37,24,2,2,1,4
456589,Jay Bergmann,WAS,NL,28,,0.73,131,4,8,0,133,77,69,20,98,47,3,3,22,8
456630,Davis Romero,,,26,,0.06,25,1,1,0,25,13,12,3,19,9,1,1,,
456682,Josh Newman,KCA,AL,27,,0.16,33,2,2,0,36,20,18,4,24,14,1,2,0,12
456701,Homer Bailey,CIN,NL,23,,0.43,83,4,6,0,91,53,48,10,59,36,2,3,8,0
456744,Chris Schroder,OAK,AL,31,,0.33,32,1,2,0,31,16,15,4,27,13,1,1,0,4
457122,Rocky Cherry,NYN,NL,30,,0.3,37,2,2,0,36,22,20,4,28,18,2,2,0,18
457422,Tim Dillard,MIL,NL,26,,0.14,32,2,2,0,32,18,15,4,23,12,2,1,0,13
457425,Evan Meek,PIT,NL,26,,0.13,31,2,2,0,30,17,16,4,24,14,2,1,0,9
457428,James McDonald,LAN,NL,25,,0.06,28,1,1,0,27,13,12,3,21,10,1,1,0,4
457429,Boone Logan,ATL,NL,25,,0.48,51,3,3,0,57,30,28,6,42,19,2,2,0,55
457435,Phil Coke,NYA,AL,27,,0.14,32,2,2,0,30,15,14,3,25,11,1,1,0,12
457437,Jared Wells,SEA,AL,28,,0.09,29,2,1,0,31,16,15,4,21,12,1,1,0,8
457440,Dewon Day,,,29,,0.08,26,1,2,0,28,15,14,3,19,11,1,1,,
457448,Matt Harrison,TEX,AL,24,,0.48,102,9,5,0,110,59,54,13,66,37,2,3,15,0
457452,Randor Bierd,BOS,AL,25,,0.29,43,2,2,0,47,23,21,4,32,17,1,2,0,29
457453,Jair Jurrjens,ATL,NL,23,,0.7,157,11,8,0,149,73,66,12,119,57,6,4,31,0
457456,Jo-Jo Reyes,ATL,NL,25,,0.62,120,5,9,0,129,74,68,17,86,53,4,3,22,1
457458,Ty Taubenheim,PIT,NL,27,,0.19,53,3,3,0,54,28,26,6,42,22,1,3,1,0
457461,Sean White,SEA,AL,28,,0.21,29,1,1,0,29,16,14,3,20,12,1,2,,
457468,Josh Banks,SDN,NL,27,,0.5,95,4,6,0,100,51,48,12,61,35,4,3,14,3
457733,Joey Devine,OAK,AL,26,,0.38,49,4,2,1,41,19,16,3,43,19,2,1,0,42
457761,Ryan Tucker,FLO,NL,23,,0.29,60,3,4,0,62,37,35,8,48,26,2,2,6,7
457796,Garrett Olson,SEA,AL,26,,0.63,130,8,9,0,150,86,83,15,91,59,2,7,26,0
457826,Tom Mastny,,,28,,0.42,41,3,2,1,44,25,24,5,34,18,3,1,1,13
457858,Rich Rundles,CLE,AL,28,,0.05,27,1,1,0,28,14,13,3,21,10,1,1,0,8
457910,Geno Espineli,SFN,NL,27,,0.15,33,2,2,0,33,17,16,5,25,13,2,1,0,15
457918,J.A. Happ,PHI,NL,27,,0.28,60,3,3,0,59,30,28,7,49,24,2,2,4,4
457922,Eric Hurley,TEX,AL,24,,0.22,72,4,4,0,72,38,36,9,52,26,1,3,5,0
458006,Matt Albers,BAL,AL,26,,0.59,72,4,5,0,73,39,37,8,48,29,2,3,3,25
458008,Humberto Sanchez,NYA,AL,26,,0.02,26,1,1,0,26,13,12,3,19,10,1,1,0,2
458567,Andy Sonnanstine,TBA,AL,26,,0.76,170,10,9,0,181,94,87,19,119,39,3,5,32,0
458690,Chris Volstad,FLO,NL,23,,0.49,100,7,5,0,92,42,39,7,72,39,4,5,14,1
458709,John Lannan,WAS,NL,25,,0.7,154,8,11,0,146,75,68,18,104,60,2,6,31,0
458713,Kevin Slowey,MIN,AL,25,,0.7,146,10,8,0,148,71,66,21,112,31,2,4,27,0
458730,Bobby Parnell,NYN,NL,25,,0.05,27,1,1,0,26,14,13,3,21,10,1,1,0,6
458950,Philip Humber,MIN,AL,27,,0.16,35,2,2,0,35,18,17,5,24,13,1,1,0,5
459371,Ramon Ramirez,CIN,NL,27,,0.23,67,3,3,0,61,31,29,7,52,26,2,2,4,1
459376,Kelvin Jimenez,SLN,NL,29,,0.37,41,2,1,0,45,25,23,5,28,18,1,2,0,15
459939,Mitchell Boggs,SLN,NL,25,,0.28,68,4,4,0,71,41,38,8,47,30,2,3,6,2
459974,Jonathan Meloan,CLE,AL,25,,0.07,27,1,1,0,26,14,13,3,21,11,1,1,0,2
460024,Luke Hochevar,KCA,AL,26,,0.61,123,6,9,0,129,71,66,12,78,44,2,6,22,0
460029,Jensen Lewis,CLE,AL,25,,0.49,61,2,3,6,60,28,26,6,50,23,2,3,0,51
460059,Mike Pelfrey,NYN,NL,25,,0.74,167,10,10,0,171,79,75,12,106,61,2,11,32,0
460105,Greg Smith,COL,NL,26,,0.68,155,7,11,0,142,76,72,17,100,65,4,4,32,0
460260,Scott Lewis,CLE,AL,26,,0.21,72,6,3,0,69,35,31,9,52,24,1,2,4,0
460265,Jeremy Sowers,CLE,AL,26,,0.69,127,6,8,0,138,76,70,16,72,41,2,4,22,0
460283,Jerry Blevins,OAK,AL,26,,0.31,44,2,3,0,43,22,20,4,36,16,1,2,0,36
460284,Dallas Braden,OAK,AL,26,,0.57,89,5,6,0,95,51,46,10,62,31,2,3,10,9
460349,Carlos Rosa,KCA,AL,25,,0.04,27,2,1,0,26,13,12,3,20,9,1,1,0,2
460366,Rich Thompson,LAA,AL,25,,0.07,27,1,1,0,28,15,15,3,21,10,1,1,0,2
460370,Rafael Perez,CLE,AL,27,,0.58,69,3,3,1,61,29,27,7,66,22,2,2,0,73
460580,Chuck James,ATL,NL,28,,0.67,89,6,6,0,88,47,45,16,68,37,3,3,7,0
460602,Dirk Hayhurst,TOR,AL,28,,0.16,44,2,3,0,48,27,25,5,35,18,2,1,3,7
460639,Jailen Peguero,ARI,NL,28,,0.18,31,2,1,0,31,18,16,3,23,13,1,1,0,7
460657,Doug Slaten,ARI,NL,29,,0.4,45,2,3,0,46,23,20,5,33,18,1,2,0,45
460677,Cory Wade,LAN,NL,26,,0.45,61,3,2,0,52,25,22,6,46,18,2,3,0,55
461212,Matt Palmer,LAA,AL,30,,0.12,66,3,5,0,70,39,36,7,47,31,3,4,3,0
461325,Tyler Clippard,WAS,NL,24,,0.24,68,5,4,0,68,36,34,9,54,30,3,2,2,0
461377,Neal Musser,KCA,AL,29,,0.16,28,1,1,0,29,14,13,3,21,11,1,1,0,1
461766,Jose Arredondo,LAA,AL,25,,0.41,55,6,2,0,48,22,19,5,46,20,1,2,0,52
461791,Carlos Marmol,CHN,NL,27,,0.64,77,4,4,3,55,31,28,8,85,36,3,4,0,82
461829,Gio Gonzalez,OAK,AL,24,,0.28,67,3,5,0,65,42,38,10,56,30,2,3,7,3
461833,Philip Hughes,NYA,AL,23,,0.48,84,4,5,0,83,46,43,9,65,32,1,3,8,0
461836,Chris Lambert,DET,AL,26,,0.19,48,3,3,0,53,28,24,6,36,17,1,2,3,5
461848,Jim Miller,BAL,AL,27,,0.08,29,2,2,1,29,15,13,3,22,11,1,1,0,8
461856,Troy Patton,BAL,AL,24,,0.09,50,3,3,0,48,25,23,6,39,18,2,2,,
461862,Steven Register,COL,NL,26,,0.1,30,2,2,0,31,17,16,4,24,12,1,1,0,10
461904,Chris Britton,SDN,NL,27,,0.36,38,1,2,0,38,19,18,4,26,14,1,1,0,15
462136,Marco Estrada,WAS,NL,26,,0.12,31,2,2,0,32,18,16,4,25,12,1,2,0,11
462382,Jim Johnson,BAL,AL,26,,0.44,60,3,3,1,55,25,23,4,40,23,2,2,0,54
462522,Jeff Gray,OAK,AL,28,,0.05,27,1,1,0,29,15,14,3,20,10,1,1,0,5
462945,Cesar Jimenez,SEA,AL,25,,0.29,45,2,2,0,44,22,21,5,34,16,1,2,2,29
462956,Felipe Paulino,HOU,NL,26,,0.12,48,3,3,0,48,26,24,6,37,18,2,2,,
462985,Franklin Morales,COL,NL,23,,0.37,77,4,4,0,74,39,37,7,54,32,3,3,5,0
462995,Rick VandenHurk,FLO,NL,24,,0.44,74,4,5,0,78,45,43,10,71,35,3,3,4,0
463017,Shairon Martis,WAS,NL,22,,0.19,63,4,4,0,60,33,31,8,55,26,2,2,4,1
464244,Alberto Arias,HOU,NL,26,,0.23,40,2,2,0,40,20,19,4,30,16,1,2,2,13
465593,Carlos Martinez,FLO,NL,27,,0.06,25,1,1,0,25,13,12,3,20,10,1,1,,
465629,Edward Mujica,CLE,AL,25,,0.38,46,3,2,0,49,27,26,5,33,14,2,2,0,33
465657,Joakim Soria,KCA,AL,25,,0.56,66,3,3,23,51,23,21,5,60,20,2,3,0,63
466838,Juan Salas,CLE,AL,31,,0.28,32,1,1,0,32,17,15,4,24,13,1,2,0,5
466918,Manuel Corpas,COL,NL,27,,0.62,73,3,3,7,73,32,30,7,54,23,3,2,0,76
466983,Fabio Castro,TOR,AL,24,,0.17,28,1,1,0,26,14,13,3,23,12,1,1,,
467683,Osiris Matos,SFN,NL,25,,0.19,35,2,2,0,36,20,17,4,28,14,1,1,0,20
467726,Jose Mijares,MIN,AL,25,,0.1,30,2,2,0,28,14,13,3,22,10,1,1,0,10
467761,Fernando Hernandez,OAK,AL,25,,0.03,27,2,1,0,27,15,14,3,20,11,1,1,0,3
467785,Radhames Liz,BAL,AL,26,,0.53,100,6,6,0,106,66,61,14,74,51,3,4,17,0
468402,Charlie Zink,BOS,AL,30,,0.05,62,3,3,0,68,36,34,7,44,23,2,2,1,0
468962,Devern Hansack,BOS,AL,31,,0.15,36,2,2,0,36,19,17,4,26,13,1,1,0,4
469164,Ehren Wassermann,CHA,AL,29,,0.28,37,2,2,0,39,21,19,3,25,15,3,2,0,24
469686,Alfredo Aceves,NYA,AL,27,,0.25,63,3,3,0,61,29,27,7,44,23,1,2,4,2
469735,Edwar Ramirez,NYA,AL,28,,0.44,55,4,2,1,52,29,27,7,52,23,2,3,0,55
470462,Ramon Troncoso,LAN,NL,26,,0.3,44,2,2,0,43,22,21,4,38,16,1,2,0,32
472490,Jae Kuk Ryu,SDN,NL,26,,0.2,29,2,2,0,30,16,15,3,21,11,1,2,0,1
473560,Lance Broadway,CHA,AL,26,,0.19,39,2,2,0,40,21,19,5,30,14,1,1,1,6
475022,Craig Hansen,PIT,NL,26,,0.4,48,2,4,1,46,30,26,5,37,27,2,2,0,48
475416,Justin Masterson,BOS,AL,24,,0.5,78,5,4,0,68,33,32,8,61,31,2,5,9,27
476206,Justin Thomas,SEA,AL,25,,0.04,27,2,2,0,28,14,13,3,20,10,1,1,0,8
476601,Michael Bowden,BOS,AL,23,,0.05,63,4,3,0,63,31,29,6,47,22,1,2,1,0
477003,Jonathon Niese,NYN,NL,23,,0.14,67,4,4,0,69,36,34,8,54,26,2,2,3,0
477132,Clayton Kershaw,LAN,NL,21,,0.55,112,6,5,0,108,53,51,12,101,47,3,2,21,1
488674,Burke Badenhop,FLO,NL,26,,0.35,70,4,4,0,73,41,38,9,55,28,2,3,8,5
488984,Tommy Hunter,TEX,AL,23,,0.11,65,3,4,0,72,42,40,9,51,23,1,3,3,0
489189,Josh Outman,OAK,AL,25,,0.22,61,3,4,0,65,32,29,6,46,21,2,3,4,2
489265,Sergio Romo,SFN,NL,26,,0.28,42,3,2,0,35,20,17,4,35,14,1,2,0,29
489448,Mike Zagurski,,,26,,0.14,27,1,1,0,27,14,13,3,22,11,1,1,,
490063,Matt Garza,TBA,AL,26,,0.74,160,10,9,0,156,77,69,16,118,55,3,6,30,0
491159,Joe Thatcher,SDN,NL,28,,0.31,40,2,3,0,43,23,21,5,30,16,2,1,0,25
493131,Masahide Kobayashi,CLE,AL,35,,0.39,53,3,4,3,58,28,26,7,36,17,2,2,0,57
493133,Hiroki Kuroda,LAN,NL,34,,0.67,152,8,9,0,153,74,67,13,102,43,6,6,31,0
493137,Daisuke Matsuzaka,BOS,AL,29,,0.77,164,14,7,0,144,71,68,16,148,75,2,8,29,0
493161,Yasuhiko Yabuta,KCA,AL,36,,0.3,44,2,3,0,47,24,22,6,31,18,1,1,0,31
493247,Peter Moylan,ATL,NL,31,,0.44,37,2,2,1,33,16,13,4,28,13,3,2,0,7
493416,Takashi Saito,BOS,AL,39,,0.57,55,3,3,17,46,20,19,4,57,19,2,2,0,45
499107,Francisley Bueno,ATL,NL,28,,0.03,26,1,1,0,27,14,13,3,20,10,1,1,0,1
501874,Kameron Mickolio,BAL,AL,25,,0.08,29,2,2,0,29,15,14,3,22,11,1,1,0,9
501925,Joe Smith,CLE,AL,25,,0.51,61,4,3,0,56,28,26,5,52,26,3,4,0,82
501955,Joba Chamberlain,NYA,AL,24,,0.57,85,4,3,0,75,32,29,6,88,31,2,2,12,30
502085,David Robertson,NYA,AL,24,,0.25,40,3,2,0,39,21,20,4,35,16,1,1,0,25
502158,Josh Roenicke,CIN,NL,27,,0.03,27,1,1,0,27,14,13,3,22,10,1,1,0,5
502165,Andrew Carpenter,PHI,NL,24,,0.01,25,1,1,0,25,13,12,3,20,10,1,1,0,1
502188,Jeff Samardzija,CHN,NL,24,,0.24,39,2,2,1,37,19,16,3,32,16,2,1,0,26
502609,Danny Herrera,CIN,NL,25,,0.08,29,1,1,0,29,15,14,3,23,11,1,2,0,7
503285,Darren O'Day,NYN,NL,27,,0.33,47,2,2,0,49,25,23,4,34,16,3,3,0,30
506429,Kazuo Fukumori,TEX,AL,33,,0.04,27,1,1,0,30,16,15,3,19,11,1,1,0,4
506432,Kei Igawa,NYA,AL,30,,0.36,62,3,4,0,69,37,35,9,45,26,1,3,1,1
506606,Hideki Okajima,BOS,AL,34,,0.55,63,3,3,2,56,25,23,6,53,22,1,2,0,64
506648,Yoslan Herrera,PIT,NL,28,,0.17,69,4,4,0,80,42,40,7,51,30,2,3,5,0
,Aaron Fultz,,,36,,0.35,29,2,2,0,30,14,13,3,22,12,1,1,,
,Aaron Rakers,,,32,,0.01,25,1,1,0,25,13,12,3,19,10,1,1,,
,Aaron Sele,,,39,,0.44,36,2,2,0,42,20,19,4,24,14,1,1,,
,Aaron Small,,,38,,0.09,35,2,2,0,38,20,19,5,24,13,1,1,,
,Abe Alvarez,,,27,,0.01,25,1,1,0,25,13,12,3,19,9,1,1,,
,Adam Bernero,,,33,,0.05,51,3,3,0,53,27,25,6,40,19,2,2,,
,Agustin Montero,,,32,,0.05,25,1,1,0,26,13,12,3,18,9,1,1,,
,Akinori Otsuka,,,37,,0.32,28,2,2,4,28,13,12,2,21,10,1,1,,
,Alay Soler,,,30,,0.14,60,3,4,0,61,33,30,7,44,24,2,2,,
,Allan Simpson,,,32,,0.01,25,1,1,0,25,13,12,3,20,10,1,1,,
,Ambiorix Burgos,,,25,,0.31,28,1,1,2,27,14,13,4,24,11,1,1,,
,Anderson Garcia,,,28,,0,25,1,1,0,25,13,12,3,19,9,1,1,,
,Andrew Sisco,,,26,,0.24,26,1,1,0,27,15,15,3,21,12,1,1,,
,Andy Cavazos,,,28,,0.13,27,1,1,0,28,17,15,4,21,12,1,1,,
,Antonio Alfonseca,,,37,,0.3,30,2,2,2,34,17,16,3,20,13,2,1,,
,Arnie Munoz,,,27,,0.04,26,1,1,0,26,13,12,3,20,11,1,1,,
,Bartolome Fortunato,,,35,,0.01,25,1,1,0,26,14,13,3,19,10,1,1,,
,Beltran Perez,,,28,,0.07,38,2,2,0,37,19,18,4,29,15,1,1,,
,Ben Hendrickson,,,28,,0.04,51,3,3,0,53,28,26,6,40,20,2,2,,
,Billy Petrick,,,25,,0.07,26,1,1,0,25,14,13,3,20,10,1,1,,
,Bob Wickman,,,40,,0.37,30,1,2,7,31,15,13,3,23,12,1,1,,
,Bobby Keppel,,,27,,0.14,39,2,2,0,40,21,19,5,29,15,1,1,,
,Bobby Livingston,,,27,,0.31,61,3,3,0,67,34,31,8,43,20,2,2,,
,Brad Halsey,,,28,,0.26,30,2,2,0,31,16,14,3,21,12,1,1,,
,Brad Radke,,,37,,0.38,60,4,3,0,66,32,29,7,39,19,1,2,,
,Brad Salmon,,,29,,0.15,27,1,1,0,27,14,13,3,22,11,1,1,,
,Brandon Claussen,,,30,,0.22,60,3,4,0,63,34,31,8,46,23,2,3,,
,Bret Prinz,,,32,,0.02,25,1,1,0,26,14,13,3,18,10,1,1,,
,Brett Campbell,,,28,,0.02,25,1,1,0,25,13,12,3,20,10,1,1,,
,Brian Lawrence,,,33,,0.18,63,3,4,0,69,36,33,7,47,25,2,2,,
,Brian Meadows,,,34,,0.21,25,1,2,1,27,14,13,3,17,9,1,1,,
,Brian Rogers,,,27,,0.05,25,1,1,0,26,14,13,3,20,10,1,1,,
,Brian Shackelford,,,33,,0.06,25,1,1,0,26,13,12,3,19,10,1,1,,
,Brian Sikorski,,,35,,0.11,25,1,1,0,26,13,12,3,19,9,1,1,,
,Brian Sweeney,,,35,,0.17,25,1,1,0,25,13,12,3,18,9,1,1,,
,Britt Reames,,,36,,0.03,25,1,1,0,26,14,13,3,19,10,1,1,,
,Bruce Chen,,,32,,0.31,34,1,2,0,38,21,20,5,25,13,1,1,,
,Byung-Hyun Kim,,,30,,0.59,67,4,4,0,71,42,38,9,57,31,2,5,,
,Carmen Cali,,,31,,0.14,27,1,1,0,28,14,13,3,20,11,1,1,,
,Casey Daigle,,,28,,0.04,25,1,1,0,25,13,12,3,19,10,1,1,,
,Chad Harville,,,33,,0.13,25,1,1,0,26,14,13,3,18,10,1,1,,
,Chad Orvella,,,29,,0.13,26,1,2,0,29,16,14,3,19,12,1,1,,
,Chin-hui Tsao,,,28,,0.16,27,1,1,0,26,14,13,3,21,10,1,1,,
,Chris Booker,,,33,,0.04,25,1,2,0,26,14,13,3,19,10,1,1,,
,Chris Capuano,,,31,,0.66,72,3,5,0,76,39,36,9,60,24,2,3,,
,Chris Demaria,,,29,,0.05,25,1,1,0,25,13,12,3,19,10,1,1,,
,Chris Hammond,,,43,,0.1,25,1,1,0,27,14,13,3,19,9,1,1,,
,Chris Mabeus,,,30,,0.01,25,1,1,0,25,13,12,3,19,10,1,1,,
,Chris Michalak,,,38,,0.12,51,3,3,0,54,28,25,6,36,21,2,2,,
,Chris Narveson,,,28,,0.03,32,2,2,0,32,16,15,4,26,12,1,1,,
,Chris Reitsma,,,32,,0.22,27,1,2,1,32,17,16,3,18,10,1,1,,
,Chris Seddon,,,26,,0.12,47,2,3,0,50,27,24,5,36,17,1,2,,
,Chris Spurling,,,32,,0.31,30,1,1,0,32,16,15,4,21,11,1,1,,
,Cliff Politte,,,35,,0.1,25,1,1,0,27,14,13,3,18,10,1,1,,
,Clint Nageotte,,,29,,0,25,1,1,0,26,13,12,3,18,9,1,1,,
,Colby Lewis,,,30,,0.23,30,1,2,0,32,17,16,4,21,11,1,1,,
,Colter Bean,,,32,,0.03,25,1,2,0,26,14,13,3,18,10,1,1,,
,Cory Doyne,,,28,,0.03,25,1,1,0,26,14,13,3,19,10,1,1,,
,Cory Lidle,,,37,,0.39,59,4,3,0,62,33,30,8,43,22,1,3,,
,Curt Schilling,,,43,,0.65,75,4,4,0,82,36,34,10,55,18,1,2,,
,D.J. Houlton,,,30,,0.17,28,1,2,0,28,14,13,3,21,10,1,1,,
,Dan Miceli,,,39,,0.11,25,1,1,1,26,13,12,3,17,10,1,1,,
,Dan Serafini,,,35,,0,25,1,1,0,26,14,12,3,19,10,1,1,,
,Daniel Barone,,,26,,0.24,42,2,3,0,44,23,21,6,30,17,2,1,,
,Danny Graves,,,36,,0.05,25,2,1,0,26,14,13,3,17,9,1,1,,
,Danny Kolb,,,34,,0.17,25,1,1,0,27,14,13,3,19,10,1,1,,
,Darren Clarke,,,28,,0.01,25,1,1,0,25,13,12,3,20,10,1,1,,
,Dave Davidson,,,25,,0.01,25,1,1,0,26,14,13,3,20,10,1,1,,
,Dave Williams,,,30,,0.23,55,3,3,0,61,33,31,7,39,21,2,2,,
,David Cortes,,,36,,0.1,25,1,1,0,26,13,12,3,18,9,1,1,,
,David Wells,,,46,,0.59,76,4,5,0,92,44,42,10,46,24,2,2,,
,Dennis Dove,,,28,,0.02,25,1,1,0,26,14,13,3,20,10,1,1,,
,Dewon Brazelton,,,29,,0.06,33,2,2,0,34,19,17,4,25,13,1,1,,
,Dustin Hermanson,,,37,,0.02,25,1,1,0,26,13,12,3,18,9,1,1,,
,Eddy Rodriguez,,,28,,0.05,25,1,1,0,25,14,12,3,19,10,1,1,,
,Emiliano Fruto,,,25,,0.12,25,1,1,0,25,13,12,3,20,10,1,1,,
,Erasmo Ramirez,,,33,,0.05,26,1,1,0,26,13,12,3,19,10,1,1,,
,Eric DuBose,,,33,,0.02,25,1,1,0,26,13,12,3,18,9,1,1,,
,Eric Hull,,,30,,0.05,26,1,1,0,25,13,12,3,20,10,1,1,,
,Eric Milton,,,34,,0.45,63,3,4,0,67,36,33,9,44,22,2,2,,
,Esteban Yan,,,34,,0.12,25,1,1,0,25,14,12,3,19,10,1,1,,
,Eude Brito,,,31,,0.06,39,2,2,0,40,21,19,4,29,16,2,2,,
,Ezequiel Astacio,,,30,,0.02,25,2,1,0,25,13,12,3,20,10,1,1,,
,Felix Rodriguez,,,37,,0.1,25,1,1,0,26,14,13,3,18,10,1,1,,
,Francisco Rosario,,,29,,0.22,28,1,2,0,30,15,14,3,23,12,1,2,,
,Geremi Gonzalez,,,34,,0.17,31,2,2,0,33,17,16,4,24,12,1,1,,
,Giovanni Carrara,,,41,,0.09,25,1,1,0,26,13,12,3,19,10,1,1,,
,Greg Jones,,,33,,0.08,26,1,1,0,27,14,13,3,18,10,1,1,,
,Gustavo Chacin,,,29,,0.35,63,4,3,0,64,34,32,9,41,23,2,3,,
,Harvey Garcia,,,25,,0.08,26,1,2,0,26,13,12,3,22,10,1,1,,
,Heath Phillips,,,27,,0.05,26,2,1,0,26,13,12,3,19,10,1,1,,
,Hector Carrasco,,,40,,0.4,30,2,1,0,32,17,15,4,22,12,1,1,,
,Henry Owens,,,30,,0.16,27,2,1,1,27,13,12,3,21,11,1,1,,
,J.D. Durbin,,,27,,0.33,50,3,3,0,52,29,26,5,37,22,2,2,,
,Jae Weong Seo,,,32,,0.49,58,3,4,0,70,38,34,9,37,21,1,2,,
,James Hoey,,,27,,0.18,27,2,2,0,28,16,15,3,20,12,1,1,,
,Jamie Vermilyea,,,27,,0.04,26,1,1,0,26,13,12,3,19,9,1,1,,
,Jared Fernandez,,,37,,0.02,25,1,1,0,26,14,13,3,19,10,1,1,,
,Jaret Wright,,,34,,0.38,58,3,4,0,62,32,29,6,40,24,1,2,,
,Jason Childers,,,34,,0.03,25,1,1,0,26,13,12,3,18,10,1,1,,
,Jason Grimsley,,,42,,0.09,25,1,2,0,26,13,13,3,18,10,1,1,,
,Jason Miller,,,27,,0.03,25,1,1,0,26,14,13,3,19,10,1,1,,
,Jason Shiell,,,33,,0.06,51,3,3,0,54,28,26,6,40,20,2,2,,
,Jason Simontacchi,,,36,,0.35,67,4,5,0,76,40,38,9,47,25,3,3,,
,Jason Standridge,,,31,,0.11,26,1,2,0,27,15,13,3,19,11,1,1,,
,Jason Stanford,,,32,,0.16,36,2,2,0,38,19,18,4,26,13,1,2,,
,Jason Windsor,,,27,,0.05,51,3,3,0,53,27,25,6,38,19,1,2,,
,Jay Marshall,,,26,,0.24,29,1,2,0,30,17,15,3,20,12,2,1,,
,Jay Witasick,,,37,,0.24,28,1,1,0,29,16,15,3,20,14,1,1,,
,Jeff Bajenaru,,,31,,0,25,1,2,0,26,13,12,3,19,10,1,1,,
,Jeff Fassero,,,46,,0.05,29,2,2,0,31,16,15,4,21,12,1,1,,
,Jeff Harris,,,35,,0.01,25,1,1,0,26,13,12,3,18,9,1,1,,
,Jeff Nelson,,,43,,0.01,25,1,2,0,27,14,13,3,18,10,1,1,,
,Jeff Weaver,,,33,,0.64,75,4,6,0,88,47,44,11,47,22,2,4,,
,Jermaine Van Buren,,,29,,0.05,25,1,1,0,26,14,13,3,18,10,1,1,,
,Jerome Williams,,,28,,0.21,57,2,5,0,58,33,30,7,41,25,2,2,,
,Jim Brower,,,37,,0.09,25,1,1,0,28,16,15,3,18,10,1,2,,
,Joe Kennedy,,,30,,0.49,46,2,3,0,47,24,22,4,29,19,1,3,,
,Joe Mays,,,34,,0.16,52,2,3,0,57,32,29,7,38,22,2,2,,
,Joe Winkelsas,,,36,,0.03,25,1,2,0,26,14,12,3,19,10,1,1,,
,Joey Eischen,,,39,,0.05,25,1,1,0,26,14,13,3,19,11,1,1,,
,John Ennis,,,30,,0.05,37,2,2,1,39,20,19,4,30,14,1,1,,
,John Halama,,,37,,0.1,27,2,1,0,29,15,14,3,19,10,1,1,,
,John Koronka,,,29,,0.35,61,3,4,0,66,35,33,7,39,23,1,3,,
,John Patterson,,,31,,0.28,63,3,5,0,65,36,34,7,48,27,2,2,,
,John Rheinecker,,,30,,0.39,44,3,3,0,50,26,23,5,31,18,1,2,,
,John Thomson,,,36,,0.28,56,3,4,0,61,32,28,6,37,21,2,2,,
,John Wasdin,,,37,,0.21,32,2,2,0,36,18,17,4,23,13,2,1,,
,Jon Coutlangus,,,29,,0.24,29,2,2,0,29,15,14,3,24,13,1,1,,
,Jon Huber,,,28,,0.13,26,1,1,0,26,13,12,3,19,10,1,1,,
,Jon Leicester,,,30,,0.19,46,3,3,0,48,27,25,5,32,17,1,2,,
,Jon Switzer,,,30,,0.21,27,1,2,0,29,15,14,3,19,11,1,1,,
,Jonah Bayliss,,,29,,0.25,29,2,2,0,31,17,16,4,23,12,1,1,,
,Jordan De Jong,,,30,,0.06,26,1,1,0,27,14,13,3,19,10,1,1,,
,Jordan Tata,,,28,,0.14,41,2,2,0,42,23,21,4,29,16,1,2,,
,Jose Garcia,,,24,,0.04,25,1,1,0,24,13,12,3,20,9,1,1,,
,Jose Lima,,,37,,0.06,60,3,4,0,63,34,31,7,45,24,2,3,,
,Jose Mesa,,,43,,0.39,30,1,2,0,32,19,17,4,20,14,1,1,,
,Joseph Bisenius,,,27,,0.01,25,1,1,0,25,13,12,3,20,10,1,1,,
,Josh Hancock,,,31,,0.28,26,1,1,0,26,13,12,3,20,10,1,1,,
,Josh Sharpless,,,28,,0.07,25,1,2,0,25,13,12,3,19,10,1,1,,
,Josh Towers,,,32,,0.51,58,3,5,0,67,37,33,9,41,17,1,3,,
,Juan Lara,,,28,,0.03,25,1,1,0,25,13,12,3,19,9,1,1,,
,Juan Mateo,,,27,,0.15,57,3,3,0,57,30,27,6,45,23,2,2,,
,Juan Perez,,,31,,0.1,26,1,1,0,27,14,13,3,21,11,1,1,,
,Julio DePaula,,,27,,0.13,27,1,1,0,29,16,14,3,19,10,1,1,,
,Julio Manon,,,36,,0.07,25,1,1,0,26,14,13,3,19,10,1,1,,
,Julio Mateo,,,32,,0.23,26,2,1,0,27,14,13,3,18,10,1,1,,
,Julio Santana,,,36,,0.03,25,1,1,0,26,14,12,3,19,10,1,1,,
,Justin Lehr,,,32,,0.06,25,1,1,0,26,14,13,3,19,10,1,1,,
,Kane Davis,,,34,,0.08,26,1,2,0,28,14,13,3,20,11,1,1,,
,Ken Ray,,,35,,0.2,25,1,1,1,25,13,12,3,19,11,1,1,,
,Kevin Barry,,,31,,0.1,27,1,1,0,28,15,14,3,21,11,1,1,,
,Kevin Gryboski,,,36,,0.02,25,1,1,0,26,14,13,3,19,10,1,1,,
,Kevin Jarvis,,,40,,0.1,41,2,2,0,44,24,22,5,28,16,1,2,,
,Kris Wilson,,,33,,0.03,32,2,2,0,34,17,16,4,23,12,1,1,,
,Lance Carter,,,35,,0.04,25,1,1,0,26,14,13,3,19,10,1,1,,
,Lee Gronkiewicz,,,31,,0.03,25,1,1,0,26,13,12,3,18,10,1,1,,
,Lino Urdaneta,,,30,,0.01,25,1,1,0,25,13,12,3,19,10,1,1,,
,Luke Hudson,,,32,,0.28,46,3,3,0,48,26,24,5,32,18,1,2,,
,Marcos Carvajal,,,25,,0.03,25,1,1,0,26,13,12,3,20,10,1,1,,
,Marcus Gwyn,,,32,,0.04,26,1,1,0,27,15,13,3,19,10,1,1,,
,Marcus McBeth,,,29,,0.13,27,2,2,0,28,14,13,3,21,10,1,1,,
,Mark McLemore,,,29,,0.21,29,2,1,0,29,15,13,3,24,12,1,1,,
,Mark Prior,,,29,,0.14,60,3,4,0,61,34,31,7,48,25,2,3,,
,Marty McLeary,,,35,,0.11,31,2,2,0,32,17,15,4,23,12,1,1,,
,Masumi Kuwata,,,41,,0.14,27,1,2,0,29,17,15,4,20,12,2,1,,
,Matt Clement,,,35,,0.2,60,4,4,0,64,35,32,7,43,25,1,3,,
,Matt Miller,,,38,,0.06,25,1,1,0,26,13,12,3,18,10,1,1,,
,Matt Roney,,,29,,0.01,25,1,1,0,26,13,12,3,18,9,1,1,,
,Matt Smith,,,30,,0.1,25,1,1,0,24,13,12,3,20,12,1,1,,
,Mauro Zarate,,,26,,0.04,25,1,1,0,26,14,12,3,20,9,1,1,,
,Miguel Asencio,,,29,,0.03,37,2,2,0,37,19,18,4,29,14,1,1,,
,Mike Bacsik,,,32,,0.47,61,3,4,0,67,34,31,10,36,20,2,3,,
,Mike Burns,,,31,,0.07,25,1,1,0,27,14,13,3,18,9,1,1,,
,Mike DeJean,,,39,,0.01,25,1,1,0,26,13,12,3,19,10,1,1,,
,Mike Gallo,,,32,,0.06,25,1,2,0,26,13,12,3,19,10,1,1,,
,Mike Gosling,,,29,,0.2,28,2,1,0,30,15,14,3,23,14,2,1,,
,Mike Holtz,,,37,,0.01,25,1,1,0,26,14,13,3,18,10,1,1,,
,Mike Koplove,,,33,,0.05,26,1,1,0,27,14,13,3,19,10,1,1,,
,Mike Maroth,,,32,,0.52,62,3,4,0,75,41,37,11,38,25,1,2,,
,Mike Myers,,,40,,0.34,30,2,1,0,32,17,15,3,20,12,1,1,,
,Mike Remlinger,,,43,,0.08,25,1,2,0,27,13,12,3,19,10,1,1,,
,Mike Schultz,,,30,,0.01,25,1,1,0,25,13,12,3,19,10,1,1,,
,Mike Smith,,,32,,0.01,60,3,3,0,62,32,30,7,44,23,2,3,,
,Mike Stanton,,,42,,0.41,31,2,2,1,34,17,16,3,22,12,2,1,,
,Mike Thompson,,,29,,0.32,44,2,2,0,46,25,22,5,28,16,2,2,,
,Mike Venafro,,,36,,0.01,25,1,1,0,26,13,12,3,19,10,1,1,,
,Mike Wood,,,29,,0.38,38,2,2,0,43,23,20,5,24,13,1,2,,
,Nate Field,,,34,,0.04,25,1,1,0,26,13,13,3,20,10,1,1,,
,Noah Lowry,,,29,,0.64,76,5,4,0,75,38,35,8,49,35,2,3,,
,Orlando Hernandez,,,44,,0.63,72,4,4,0,66,36,34,10,61,31,2,3,,
,Paul Shuey,,,39,,0.16,28,1,1,0,30,17,16,3,20,13,1,1,,
,Pedro Astacio,,,40,,0.25,60,3,4,0,65,35,32,8,41,23,2,2,,
,Pete Walker,,,40,,0.1,25,1,1,0,27,14,13,3,18,10,1,1,,
,Phil Barzilla,,,30,,0,25,1,1,0,25,13,12,3,19,10,1,1,,
,Ramon Ortiz,,,36,,0.6,52,3,3,0,59,31,29,7,33,17,2,3,,
,Randy Choate,,,34,,0.06,25,1,1,0,26,13,12,3,19,9,1,1,,
,Randy Keisler,,,33,,0.14,38,2,2,0,40,20,19,5,27,14,1,1,,
,Rheal Cormier,,,42,,0.17,25,1,1,0,27,13,12,3,17,10,1,1,,
,Rick Helling,,,39,,0.12,29,1,2,0,29,15,14,4,22,12,1,1,,
,Rick White,,,41,,0.33,28,1,1,0,32,18,16,3,19,11,1,1,,
,Ricky Stone,,,34,,0.04,26,1,1,0,27,14,13,4,19,10,1,1,,
,Rob Bell,,,32,,0.28,30,2,2,0,34,17,16,4,20,12,1,1,,
,Roberto Hernandez,,,45,,0.37,30,1,2,0,33,18,16,3,21,14,2,1,,
,Roberto Novoa,,,30,,0.22,25,1,1,0,25,13,12,3,19,10,1,1,,
,Rodrigo Lopez,,,34,,0.57,64,3,4,0,69,36,34,9,46,22,3,1,,
,Roger Clemens,,,47,,0.54,69,4,4,0,70,34,31,7,49,24,1,3,,
,Roman Colon,,,30,,0.13,27,2,1,0,28,14,13,3,19,10,1,1,,
,Ron Flores,,,30,,0.2,27,1,2,0,27,13,12,3,20,11,1,1,,
,Ross Wolf,,,27,,0.08,26,1,2,0,28,15,14,3,20,10,1,1,,
,Ruddy Lugo,,,29,,0.41,30,2,1,0,29,16,15,3,21,14,1,1,,
,Ryan Braun,,,29,,0.25,29,2,1,0,31,17,16,3,20,12,1,1,,
,Ryan Drese,,,33,,0.03,60,3,4,0,61,32,29,7,46,24,2,2,,
,Ryan O'Malley,,,29,,0.05,60,3,3,0,60,30,28,7,45,23,2,2,,
,Ryan Vogelsong,,,32,,0.12,25,1,1,0,26,14,13,3,19,10,1,1,,
,Ryan Wagner,,,27,,0.19,27,1,2,0,28,14,13,3,20,11,1,1,,
,Santiago Ramirez,,,31,,0.01,25,1,1,0,26,13,12,3,19,10,1,1,,
,Scott Atchison,,,33,,0.19,28,1,1,0,29,14,13,3,22,11,1,1,,
,Scott Cassidy,,,34,,0.14,25,2,2,0,25,13,11,3,21,10,1,1,,
,Scott Dunn,,,31,,0.03,25,1,1,0,26,14,13,3,18,9,1,1,,
,Scott Erickson,,,41,,0.04,25,1,1,0,27,14,13,3,17,10,1,1,,
,Scott Mathieson,,,25,,0.12,56,3,3,0,57,31,28,7,45,21,2,2,,
,Scott Munter,,,29,,0.14,26,1,2,0,27,14,13,3,19,11,1,1,,
,Scott Sauerbeck,,,38,,0.09,25,1,1,0,26,14,13,3,18,10,1,2,,
,Scott Williamson,,,33,,0.2,26,2,1,0,27,14,13,3,21,11,1,1,,
,Sean Tracey,,,29,,0.03,25,1,1,0,25,13,12,3,18,9,1,1,,
,Sendy Rleal,,,29,,0.15,25,1,1,0,25,13,12,3,17,10,1,1,,
,Sergio Mitre,,,28,,0.56,71,3,4,0,77,39,35,6,48,24,2,4,,
,Seth Etherton,,,33,,0.03,60,4,3,0,62,33,30,7,43,23,1,2,,
,Shane Komine,,,29,,0.08,37,2,2,0,38,20,18,5,26,14,1,2,,
,Shane Youman,,,30,,0.34,49,2,3,0,50,27,25,5,33,19,1,2,,
,Stephen Randolph,,,35,,0.09,26,1,2,0,28,16,15,3,22,13,1,1,,
,Steve Andrade,,,31,,0.02,25,1,1,0,26,13,12,3,18,10,1,1,,
,Steve Colyer,,,30,,0.03,25,1,2,0,27,13,12,3,20,10,1,1,,
,Steve Karsay,,,37,,0.03,25,1,1,0,26,14,13,3,18,9,1,1,,
,Steve Kline,,,37,,0.35,30,1,2,1,32,16,14,3,20,12,1,1,,
,Steve Stemle,,,32,,0.02,25,1,1,0,27,14,13,3,18,9,1,1,,
,Sun-Woo Kim,,,32,,0.05,29,2,2,0,31,16,15,4,22,12,1,1,,
,Terry Mulholland,,,46,,0.01,25,1,1,0,27,14,13,3,18,10,1,1,,
,Tim Corcoran,,,31,,0.32,41,2,2,0,42,22,21,4,28,18,2,2,,
,Tim Hamulack,,,33,,0.11,25,1,2,0,26,14,13,3,20,10,1,1,,
,Tim Harikkala,,,38,,0.02,60,3,3,0,65,33,30,7,45,24,2,2,,
,Tim Stauffer,,,27,,0.07,61,3,4,0,63,36,34,8,47,24,2,2,,
,Tim Worrell,,,42,,0.07,25,1,2,1,27,14,13,3,18,10,1,1,,
,Todd Williams,,,38,,0.24,26,1,2,0,29,15,14,3,17,10,1,1,,
,Tom Martin,,,39,,0.3,28,1,1,0,30,15,14,3,20,11,1,1,,
,Tom Shearn,,,32,,0.2,58,4,3,0,59,31,29,8,42,23,2,2,,
,Tomokazu Ohka,,,33,,0.44,66,3,4,0,70,38,35,8,39,25,1,2,,
,Travis Chick,,,25,,0.02,25,1,1,0,25,13,12,3,19,10,1,1,,
,Travis Driskill,,,38,,0.04,26,1,2,0,27,14,13,3,19,10,1,1,,
,Travis Harper,,,33,,0.14,25,1,1,0,27,14,12,3,18,9,1,1,,
,Travis Hughes,,,31,,0.04,25,1,1,0,25,13,12,3,19,10,1,1,,
,Travis Smith,,,37,,0.02,60,3,4,0,62,32,29,7,45,23,2,2,,
,Troy Cate,,,29,,0.11,27,1,1,0,27,14,12,3,21,11,1,1,,
,Tyler Johnson,,,28,,0.3,29,1,2,0,27,15,13,3,22,12,1,1,,
,Victor Santos,,,33,,0.48,40,2,3,0,45,24,22,6,29,16,1,2,,
,Victor Zambrano,,,34,,0.2,42,2,3,0,46,26,25,6,30,20,1,3,,
,Virgil Vasquez,,,27,,0.11,48,2,3,0,51,27,25,7,34,17,1,2,,
,Wade Miller,,,33,,0.16,61,3,4,0,66,35,33,9,46,26,2,2,,
,Wayne Franklin,,,35,,0.03,25,1,1,0,26,13,12,3,19,10,1,1,,
,Wes Obermueller,,,33,,0.31,45,2,2,0,48,27,25,5,32,21,2,2,,
,Willie Collazo,,,30,,0.04,26,1,1,0,26,14,13,3,19,10,1,1,,
,Winston Abreu,,,32,,0.2,28,1,1,0,30,16,15,4,22,11,1,1,,
,Woody Williams,,,43,,0.66,77,4,5,0,86,43,40,12,46,25,2,4,,
,Yoel Hernandez,,,29,,0.1,27,1,1,0,28,14,13,3,21,9,1,1,,
,Zach Day,,,31,,0.13,60,3,4,0,63,33,31,7,44,24,2,2,,
,Zach McClellan,,,31,,0.1,26,1,1,0,28,14,13,3,21,10,1,1,,
,Zack Segovia,,,26,,0.04,61,3,4,0,61,32,30,7,47,22,2,2,,
