mlbamID,playerName,team,league,G,AB,R,H,2B,3B,HR,RBI,BB,SO,SB,CS,G_C,G_1B,G_2B,G_3B,G_SS,G_LF,G_CF,G_RF,G_OF,defaultPos
454560,A.J. Ellis,LAD,NL,44,108,6,30,5,0,0,16,14,18,0,0,7,0,0,0,0,0,0,0,0,C
150229,A.J. Pierzynski,CWS,AL,128,474,43,128,29,0,9,56,15,39,3,4,131,0,0,0,0,0,0,0,0,C
488811,Aaron Cunningham,SD,NL,53,132,17,38,12,1,1,15,7,28,1,3,0,0,0,0,0,9,0,16,23,OF
431094,Aaron Hill,TOR,AL,138,528,70,108,22,0,26,68,41,85,2,2,0,0,156,0,0,0,0,0,0,2B
425446,Aaron Miles,STL,NL,79,139,14,39,5,0,0,9,6,14,0,1,0,0,35,4,8,0,0,0,0,2B
400023,Aaron Rowand,SF,NL,105,331,42,76,12,2,11,34,16,74,5,3,0,0,0,0,0,0,137,0,137,OF
276055,Adam Dunn,CWS,AL,158,558,85,145,36,2,38,103,77,199,0,1,0,67,0,0,0,62,0,22,84,1B
276361,Adam Everett,CLE,AL,31,81,6,15,5,0,0,4,4,18,2,1,0,0,0,0,116,0,0,0,0,SS
430945,Adam Jones,BAL,AL,149,581,76,165,25,5,19,69,23,119,7,7,0,0,0,0,0,0,119,0,119,OF
150456,Adam Kennedy,WAS,NL,135,342,43,85,16,1,3,31,37,44,14,2,0,1,50,82,0,0,0,1,1,3B
425560,Adam LaRoche,ARI,NL,151,560,75,146,37,2,25,100,48,172,0,1,0,148,0,0,0,0,0,0,0,1B
452252,Adam Lind,TOR,AL,150,569,57,135,32,3,23,72,38,144,0,0,0,0,0,0,0,55,0,0,55,
446192,Adam Moore,SEA,AL,60,205,12,40,6,0,4,15,8,63,0,1,6,0,0,0,0,0,0,0,0,C
489267,Adam Rosales,OAK,AL,80,255,31,69,8,2,7,31,19,65,2,2,0,11,4,57,6,0,0,0,0,3B
434886,Adam Stern,MIL,NL,6,8,0,0,0,0,0,1,0,2,0,0,0,0,0,0,0,0,0,0,0,OF
134181,Adrian Beltre,BOS,AL,154,589,84,189,49,2,28,102,40,82,2,1,0,0,0,111,0,0,0,0,0,3B
408236,Adrian Gonzalez,BOS,AL,160,591,87,176,33,0,31,101,93,114,0,0,0,156,0,0,0,0,0,0,0,1B
493127,Aki Iwamura,OAK,AL,64,196,21,34,7,1,2,13,31,41,3,1,0,0,67,1,0,0,0,0,0,2B
405395,Albert Pujols,STL,NL,159,587,115,183,39,1,42,118,103,76,14,4,0,159,0,0,0,0,0,0,0,1B
430948,Alberto Callaspo,LAA,AL,146,562,61,149,27,2,10,56,31,42,5,3,0,0,146,14,1,0,0,0,0,2B
471868,Alberto Gonzalez,WAS,NL,114,186,19,46,8,1,0,5,7,30,0,0,0,0,55,3,41,0,0,0,0,2B
444876,Alcides Escobar,KC,AL,145,506,57,119,14,10,4,41,36,70,10,4,0,0,0,0,37,0,0,0,0,SS
457477,Alejandro De Aza,CWS,AL,19,30,7,9,3,0,0,2,1,4,2,1,0,0,0,0,0,6,5,0,11,OF
488671,Alex Avila,DET,AL,104,294,28,67,12,0,7,31,36,71,2,2,25,0,0,0,0,0,0,0,0,C
133321,Alex Cora,TEX,AL,66,176,14,37,6,3,0,20,10,16,4,1,0,1,19,0,56,0,0,0,0,SS
136460,Alex Gonzalez,ATL,NL,157,595,74,149,42,3,23,88,31,118,1,2,0,0,0,0,112,0,0,0,0,SS
460086,Alex Gordon,KC,AL,74,242,34,52,10,0,8,20,34,62,1,5,0,0,0,49,0,0,0,0,0,3B
502100,Alex Presley,PIT,NL,19,23,2,6,1,0,0,0,1,8,1,1,0,0,0,0,0,0,0,0,0,OF
425567,Alex Rios,CWS,AL,147,567,89,161,29,3,21,88,38,93,34,14,0,0,0,0,0,0,42,110,149,OF
121347,Alex Rodriguez,NYY,AL,137,522,74,141,29,2,30,125,59,98,4,3,0,0,0,116,0,0,0,0,0,3B
493351,Alexei Ramirez,CWS,AL,156,585,83,165,29,2,18,70,27,82,13,8,0,0,0,0,148,0,0,0,0,SS
458210,Alexi Casilla,MIN,AL,69,152,26,42,7,4,1,20,13,17,6,1,0,0,72,0,2,0,0,0,0,2B
150093,Alfonso Soriano,CHC,NL,147,496,67,128,40,3,24,79,45,123,5,1,0,0,2,1,0,116,0,0,116,OF
501800,Allen Craig,STL,NL,44,114,12,28,7,0,4,18,9,26,0,1,0,0,0,0,0,0,0,0,0,OF
435038,Anderson Hernandez,HOU,NL,54,109,13,24,5,0,0,3,10,19,3,0,0,0,74,0,38,1,0,0,1,2B
444843,Andre Ethier,LAD,NL,139,517,71,151,33,1,23,82,59,102,2,1,0,0,0,0,0,0,0,158,158,OF
433217,Andres Blanco,TEX,AL,68,166,17,46,10,1,0,13,11,24,0,2,0,0,40,0,15,0,0,0,0,2B
400083,Andres Torres,SF,NL,139,507,84,136,43,8,16,63,56,128,26,7,0,0,0,0,0,33,37,5,69,OF
457705,Andrew McCutchen,PIT,NL,154,570,94,163,35,5,16,56,70,89,33,10,0,0,0,0,0,0,108,0,108,OF
461865,Andrew Romine,LAA,AL,5,11,0,1,0,0,0,0,0,4,0,0,0,0,0,0,0,0,0,0,0,SS
116662,Andruw Jones,CWS,AL,107,278,41,64,12,1,19,48,45,73,9,2,0,8,0,0,0,12,0,5,17,OF
451188,Andy LaRoche,PIT,NL,102,247,26,51,8,0,4,16,19,43,1,1,0,0,0,146,0,0,0,0,0,3B
429708,Andy Marte,PIT,NL,80,170,18,39,7,2,5,19,17,35,0,3,0,45,0,0,0,0,0,0,0,1B
434636,Angel Pagan,NYM,NL,151,579,80,168,31,7,11,69,44,97,37,9,0,0,0,0,0,20,61,6,84,OF
447816,Angel Sanchez,HOU,NL,66,253,30,70,9,4,0,25,11,45,0,1,0,0,0,0,0,0,0,0,0,SS
133380,Aramis Ramirez,CHC,NL,124,465,61,112,21,1,25,83,34,90,0,0,0,0,0,79,0,0,0,0,0,3B
469810,Argenis Diaz,DET,AL,22,33,0,8,1,0,0,2,3,10,0,1,0,0,0,0,0,0,0,0,0,SS
452678,Asdrubal Cabrera,CLE,AL,97,381,39,105,16,1,3,29,25,60,6,4,0,0,28,0,101,0,0,0,0,SS
333492,Aubrey Huff,SF,NL,157,569,100,165,35,5,26,86,83,91,7,0,0,93,0,0,0,0,0,0,0,
324432,Augie Ojeda,ARI,NL,59,79,6,15,3,0,0,5,8,8,0,1,0,0,35,28,34,0,0,0,0,2B
457706,Austin Jackson,DET,AL,151,618,103,181,34,10,4,41,47,170,27,6,0,0,0,0,0,0,0,0,0,OF
400290,Austin Kearns,CLE,AL,120,403,55,106,21,1,10,49,46,116,4,1,0,0,0,0,0,0,3,54,57,OF
425834,B.J. Upton,TB,AL,154,536,89,127,38,4,18,62,67,164,42,9,0,0,0,0,0,0,144,0,144,OF
450204,Ben Francisco,PHI,NL,88,179,24,48,13,0,6,28,14,35,8,0,0,0,0,0,0,61,40,18,107,OF
519184,Ben Revere,MIN,AL,13,28,1,5,0,0,0,2,2,5,0,1,0,0,0,0,0,0,0,0,0,OF
450314,Ben Zobrist,TB,AL,151,541,77,129,28,2,10,75,92,107,24,3,0,3,91,1,13,9,7,59,70,2B
134260,Bengie Molina,TEX,AL,118,377,27,94,12,1,5,36,24,34,0,0,123,0,0,0,0,0,0,0,0,C
407849,Bill Hall,HOU,NL,119,344,44,85,16,1,18,46,34,104,9,1,0,0,3,69,0,22,1,15,37,OF
456714,Billy Butler,KC,AL,158,595,77,189,45,0,15,78,69,78,0,0,0,145,0,0,0,0,0,0,0,1B
455088,Blake DeWitt,CHC,NL,135,440,47,115,24,5,5,52,47,86,3,2,0,0,2,14,2,0,0,0,0,3B
110029,Bobby Abreu,LAA,AL,154,573,88,146,41,1,20,78,87,132,24,10,0,0,0,0,0,10,0,126,136,OF
425853,Bobby Crosby,ARI,NL,70,168,9,37,10,0,1,13,17,38,0,3,0,54,5,42,6,0,0,1,1,SS
457384,Bobby Scales,CHC,NL,10,13,4,4,0,0,0,2,7,5,1,0,0,0,11,8,0,17,0,4,20,OF
435064,Bobby Wilson,LAA,AL,40,96,12,22,6,0,4,15,8,23,0,0,11,1,0,0,0,0,0,0,0,C
110385,Brad Ausmus,LAD,NL,21,63,4,14,2,0,0,2,7,15,0,0,30,0,0,0,0,0,0,0,0,C
452238,Brad Davis,FLA,NL,33,109,8,23,7,1,3,16,9,37,2,0,0,0,0,0,0,0,0,0,0,C
434660,Brad Eldred,COL,NL,11,24,4,6,1,0,1,3,2,10,0,0,0,0,0,0,0,0,0,0,0,1B
425547,Brad Hawpe,TB,AL,103,298,31,73,21,2,9,44,42,85,2,1,0,0,0,0,0,0,0,141,141,OF
430957,Brad Snyder,CHC,NL,12,27,1,5,1,0,0,5,1,12,0,0,0,0,0,0,0,0,0,0,0,OF
450315,Brandon Allen,ARI,NL,22,45,5,12,3,0,1,6,10,20,0,0,0,32,0,0,0,0,0,0,0,1B
460267,Brandon Boggs,MIL,NL,4,7,0,0,0,0,0,0,1,4,0,0,0,0,0,0,0,3,3,0,6,OF
518794,Brandon Hicks,ATL,NL,16,5,7,0,0,0,0,0,1,2,0,0,0,0,0,0,0,0,0,0,0,SS
276346,Brandon Inge,DET,AL,144,514,47,127,28,5,13,70,54,134,4,3,0,0,0,161,0,0,0,0,0,3B
461235,Brandon Moss,PHI,NL,17,26,2,4,1,0,0,2,1,6,0,0,0,0,0,0,0,21,0,79,99,OF
408252,Brandon Phillips,CIN,NL,155,626,100,172,33,5,18,59,46,83,16,12,0,0,151,0,0,0,0,0,0,2B
474319,Brandon Snyder,BAL,AL,10,20,1,6,2,0,0,3,0,3,0,1,0,0,0,0,0,0,0,0,0,1B
457420,Brandon Wood,LAA,AL,81,226,20,33,2,0,4,14,6,71,1,0,0,4,0,9,5,0,0,0,0,3B
430910,Brayan Pena,KC,AL,60,158,11,40,10,0,1,19,12,27,2,0,30,0,0,0,0,0,0,0,0,C
430593,Brendan Harris,BAL,AL,43,108,11,17,3,0,1,4,9,23,0,0,0,3,11,44,56,0,0,0,0,SS
453895,Brendan Ryan,SEA,AL,139,439,50,98,19,3,2,36,33,60,11,4,0,0,19,0,105,0,0,0,0,SS
453269,Brennan Boesch,DET,AL,133,464,49,119,26,3,14,67,40,99,7,1,0,0,0,0,0,0,0,0,0,OF
459334,Brent Clevlen,ATL,NL,4,4,2,1,1,0,0,0,0,1,0,0,0,0,0,0,0,0,0,0,0,OF
452121,Brent Lillibridge,CWS,AL,64,98,19,22,5,2,2,16,3,36,5,3,0,0,23,1,7,0,12,0,12,2B
543569,Brent Morel,CWS,AL,21,65,9,15,3,0,3,7,4,17,2,0,0,0,0,0,0,0,0,0,0,3B
448276,Brett Carroll,KC,AL,32,76,13,15,4,0,2,7,6,29,2,1,0,0,0,0,0,15,2,60,75,OF
458731,Brett Gardner,NYY,AL,150,477,97,132,20,7,5,47,79,101,47,9,0,0,0,0,0,0,99,0,99,OF
451109,Brett Hayes,FLA,NL,26,77,6,16,6,1,2,6,6,26,0,0,0,1,0,0,0,0,0,0,0,1B
477165,Brett Wallace,HOU,NL,51,144,14,32,6,1,2,13,8,50,0,0,0,0,0,0,0,0,0,0,0,3B
449471,Brian Barden,TEX,AL,35,28,2,5,0,0,0,3,3,12,0,2,0,0,1,46,4,0,0,0,0,3B
501814,Brian Bocock,PHI,NL,6,5,2,0,0,0,0,0,0,3,0,0,0,0,0,0,0,0,0,0,0,SS
460131,Brian Bogusevic,HOU,NL,19,28,5,5,3,0,0,3,3,12,1,1,0,0,0,0,0,0,0,0,0,OF
449145,Brian Esposito,HOU,NL,2,3,0,0,0,0,0,0,0,1,0,0,0,0,0,0,0,0,0,0,0,C
435263,Brian McCann,ATL,NL,143,479,63,129,25,0,21,77,74,98,5,2,127,0,0,0,0,0,0,0,0,C
406878,Brian Roberts,BAL,AL,59,230,28,64,14,0,4,15,26,40,12,2,0,0,158,0,0,0,0,0,0,2B
150411,Brian Schneider,PHI,NL,47,125,17,30,4,1,4,15,19,25,0,0,57,0,0,0,0,0,0,0,0,C
462405,Brooks Conrad,ATL,NL,103,156,31,39,11,1,8,33,16,45,5,1,0,0,11,1,0,0,0,0,0,2B
457762,Bryan Anderson,STL,NL,15,32,1,9,2,0,0,4,1,7,0,0,0,0,0,0,0,0,0,0,0,C
519128,Bryan Petersen,FLA,NL,23,24,1,2,0,0,0,2,1,6,0,0,0,0,0,0,0,0,0,0,0,OF
457763,Buster Posey,SF,NL,108,406,58,124,23,2,18,67,30,55,0,2,7,0,0,0,0,0,0,0,0,C
457727,Cameron Maybin,SD,NL,82,291,46,68,7,3,8,28,24,92,9,2,0,0,0,0,0,0,52,0,52,OF
408307,Carl Crawford,BOS,AL,154,600,110,184,30,13,19,90,46,104,47,10,0,0,0,0,0,154,0,0,154,OF
136860,Carlos Beltran,NYM,NL,64,220,21,56,11,3,7,27,30,39,3,1,0,0,0,0,0,0,77,0,77,OF
460576,Carlos Gomez,MIL,NL,97,291,38,72,11,3,5,24,17,72,18,3,0,0,0,0,0,0,132,0,132,OF
471865,Carlos Gonzalez,COL,NL,145,587,111,197,34,9,34,117,40,135,26,8,0,0,0,0,0,47,43,8,80,OF
136722,Carlos Guillen,DET,AL,68,253,26,69,17,1,6,34,21,41,1,2,0,2,0,0,0,42,0,0,42,OF
150324,Carlos Lee,HOU,NL,157,605,67,149,29,1,24,89,37,59,3,3,0,1,0,0,0,154,0,0,154,OF
430961,Carlos Maldonado,WAS,NL,4,11,1,3,0,0,1,3,1,2,0,0,0,0,0,0,0,0,0,0,0,C
150289,Carlos Pena,CHC,NL,144,484,64,95,18,0,28,84,87,158,5,1,0,134,0,0,0,0,0,0,0,1B
435041,Carlos Quentin,CWS,AL,131,453,73,110,25,2,26,87,50,83,2,2,0,0,0,0,0,89,0,0,89,OF
434563,Carlos Ruiz,PHI,NL,121,371,43,112,28,1,8,53,55,54,0,1,107,0,0,0,0,0,0,0,0,C
467793,Carlos Santana,CLE,AL,46,150,23,39,13,0,6,22,37,29,3,0,0,0,0,0,0,0,0,0,0,C
232694,Casey Blake,LAD,NL,146,509,56,126,28,1,17,64,48,138,0,4,0,2,0,134,0,2,0,0,2,3B
425773,Casey Kotchman,SEA,AL,125,414,37,90,20,1,9,51,35,57,0,0,0,114,0,0,0,0,0,0,0,1B
431171,Casey McGehee,MIL,NL,157,610,70,174,38,1,23,104,50,102,1,1,0,3,22,71,0,0,0,1,1,3B
489413,Casper Wells,DET,AL,36,93,14,30,6,1,4,17,6,19,0,1,0,0,0,0,0,0,0,0,0,OF
285131,Cesar Izturis,BAL,AL,150,473,42,109,13,1,1,28,25,53,11,5,0,0,0,0,112,0,0,0,0,SS
502151,Chad Huffman,CLE,AL,9,18,1,3,0,0,0,2,2,5,0,0,0,0,0,0,0,0,0,0,0,OF
150224,Chad Moeller,NYY,AL,9,14,2,3,3,0,0,0,1,4,0,0,30,0,0,0,0,0,0,0,0,C
429710,Chad Tracy,FLA,NL,69,146,11,36,8,0,1,15,11,36,0,0,0,66,0,8,0,0,0,0,0,1B
452104,Chase Headley,SD,NL,161,610,77,161,29,3,11,58,56,139,17,5,0,1,0,28,0,114,0,0,114,OF
400284,Chase Utley,PHI,NL,115,425,75,117,20,2,16,65,63,63,13,2,0,0,155,0,0,0,0,0,0,2B
464341,Chin-lung Hu,NYM,NL,14,23,2,3,1,0,0,1,0,5,1,0,0,0,0,0,3,0,0,0,0,SS
116706,Chipper Jones,ATL,NL,95,317,47,84,21,0,10,46,61,47,5,0,0,0,0,133,0,0,0,0,0,3B
408210,Chone Figgins,SEA,AL,161,602,62,156,21,2,1,35,74,114,42,15,0,0,2,154,0,1,0,0,1,3B
474892,Chris Carter,OAK,AL,24,70,8,13,1,0,3,7,7,21,1,0,0,0,0,0,0,0,0,0,0,1B
452080,Chris Carter,NYM,NL,100,167,15,44,9,0,4,24,12,17,1,2,0,0,0,0,0,0,0,1,1,OF
458085,Chris Coghlan,FLA,NL,91,358,60,96,20,3,5,28,33,84,10,3,0,0,1,0,0,123,0,0,123,OF
448801,Chris Davis,TEX,AL,45,120,7,23,9,0,1,4,15,40,3,0,0,100,0,11,0,0,0,0,0,1B
456121,Chris Denorfia,SD,NL,99,284,41,77,15,2,9,36,27,51,8,4,0,0,0,0,0,1,1,1,3,OF
447736,Chris Dickerson,MIL,NL,45,97,11,20,2,2,0,5,6,34,4,0,0,0,0,0,0,37,27,20,77,OF
460051,Chris Getz,KC,AL,72,224,23,53,9,0,0,18,19,28,15,2,0,0,106,0,0,0,0,0,0,2B
460269,Chris Gimenez,SEA,AL,28,58,6,11,5,0,1,8,8,22,0,0,8,18,0,0,0,14,0,7,20,1B
501822,Chris Hatcher,FLA,NL,5,6,0,0,0,0,0,0,2,5,0,0,0,0,0,0,0,0,0,0,0,C
502317,Chris Heisey,CIN,NL,97,201,33,51,10,1,8,21,16,57,1,2,0,0,0,0,0,0,0,0,0,OF
455104,Chris Iannetta,COL,NL,61,188,20,37,6,1,9,27,30,48,1,0,89,0,0,0,0,0,0,0,0,C
453400,Chris Johnson,HOU,NL,94,341,40,105,22,2,11,52,15,91,3,0,0,0,0,7,0,0,0,0,0,3B
455126,Chris Nelson,COL,NL,17,25,7,7,1,0,0,0,1,4,1,0,0,0,0,0,0,0,0,0,0,SS
430965,Chris Snyder,PIT,NL,105,319,34,66,9,0,15,48,52,94,0,0,56,1,0,0,0,0,0,0,0,C
455755,Chris Stewart,SD,NL,2,0,0,0,0,0,0,0,0,0,0,0,0,0,0,0,0,0,0,0,0,C
453362,Chris Valaika,CIN,NL,19,38,3,10,1,0,1,2,1,9,0,0,0,0,0,0,0,0,0,0,0,SS
218595,Chris Woodward,SEA,AL,8,19,0,3,1,0,0,0,3,9,0,0,0,0,11,18,5,0,0,0,0,3B
455759,Chris Young,ARI,NL,156,584,94,150,33,0,27,91,74,145,28,7,0,0,0,0,0,0,124,0,124,OF
460060,Cliff Pennington,OAK,AL,156,508,64,127,26,8,6,46,50,96,29,5,0,0,0,0,60,0,0,0,0,SS
425549,Clint Barmes,HOU,NL,133,387,43,91,21,0,8,50,35,66,3,2,0,0,139,0,16,0,0,0,0,2B
424825,Coco Crisp,OAK,AL,75,290,51,81,14,4,8,38,30,49,32,3,0,0,0,0,0,0,49,0,49,OF
285068,Cody Ransom,PHI,NL,22,42,6,8,0,0,2,5,3,11,1,0,0,1,1,23,3,0,0,0,0,3B
425496,Cody Ross,SF,NL,153,525,71,141,28,3,14,65,37,121,9,2,0,0,0,0,0,0,103,58,151,OF
458675,Colby Rasmus,STL,NL,144,464,85,128,28,3,23,66,63,148,12,8,0,0,0,0,0,9,124,6,135,OF
502261,Cole Gillespie,ARI,NL,45,104,11,24,8,0,2,12,7,29,1,1,0,0,0,0,0,0,0,0,0,OF
453298,Colin Curtis,NYY,AL,31,59,7,11,3,0,1,8,4,15,0,0,0,0,0,0,0,0,0,0,0,OF
433582,Conor Jackson,OAK,AL,60,208,25,49,13,0,2,16,31,27,6,1,0,6,0,0,0,23,0,0,23,OF
430611,Corey Hart,MIL,NL,145,558,91,158,34,4,31,102,45,140,7,6,0,0,0,0,0,0,0,112,112,OF
279913,Corey Patterson,TOR,AL,90,308,43,83,16,1,8,32,20,75,21,4,0,0,0,0,0,0,6,2,8,OF
280061,Corky Miller,CIN,NL,32,74,5,18,5,0,2,9,2,16,0,0,32,0,0,0,0,0,0,0,0,C
400139,Cory Aldridge,LAA,AL,5,13,0,1,0,1,0,1,0,5,0,0,0,0,0,0,0,0,0,0,0,OF
430622,Cory Sullivan,HOU,NL,57,64,6,12,1,1,0,4,6,18,0,0,0,0,0,0,0,38,6,2,44,OF
112736,Craig Counsell,MIL,NL,102,204,16,51,8,0,2,21,21,29,1,1,0,0,50,44,27,0,0,0,0,2B
502226,Craig Gentry,TEX,AL,20,33,4,7,0,0,0,3,1,11,1,0,0,0,0,0,0,0,7,2,9,OF
461874,Craig Tatum,BAL,AL,43,114,11,32,4,0,0,9,12,21,1,0,26,0,0,0,0,0,0,0,0,C
150217,Cristian Guzman,TEX,AL,104,365,48,97,12,4,2,26,20,63,4,2,0,0,0,0,117,0,0,0,0,SS
434158,Curtis Granderson,NYY,AL,136,466,76,115,17,7,24,67,53,116,12,2,0,0,0,0,0,0,160,0,160,OF
430681,Dan Johnson,TB,AL,40,111,15,22,3,0,7,23,25,27,1,0,0,0,0,0,0,0,0,0,0,
462564,Dan Uggla,ATL,NL,159,589,100,169,31,0,33,105,78,149,4,1,0,0,158,0,0,0,0,0,0,2B
400154,Dane Sardinha,PHI,NL,13,39,5,8,2,0,3,8,1,13,0,0,12,0,0,0,0,0,0,0,0,C
518614,Daniel Descalso,STL,NL,11,34,6,9,2,0,0,4,2,6,1,0,0,0,0,0,0,0,0,0,0,2B
537953,Daniel Nava,BOS,AL,60,161,23,39,14,1,1,26,19,46,1,1,0,0,0,0,0,0,0,0,0,OF
457787,Danny Espinosa,WAS,NL,28,103,16,22,4,1,6,15,9,30,0,2,0,0,0,0,0,0,0,0,0,SS
502143,Danny Valencia,MIN,AL,85,299,30,93,18,1,7,40,20,46,2,0,0,0,0,0,0,0,0,0,0,3B
519445,Danny Worth,DET,AL,39,106,10,27,5,0,2,8,6,13,1,2,0,0,0,0,0,0,0,0,0,2B
435558,Daric Barton,OAK,AL,159,556,79,152,33,5,10,57,110,102,7,3,0,51,0,0,0,0,0,0,0,1B
150021,Darnell McDonald,BOS,AL,117,319,40,86,18,3,9,34,30,85,9,1,0,0,0,0,0,20,8,10,36,OF
452096,Darren Ford,SF,NL,7,0,1,0,0,0,0,0,0,0,2,1,0,0,0,0,0,0,0,0,0,OF
446381,Darwin Barney,CHC,NL,30,79,12,19,4,0,0,2,6,12,0,0,0,0,0,0,0,0,0,0,0,SS
430203,David DeJesus,OAK,AL,91,352,46,112,23,3,5,37,34,47,3,3,0,0,0,0,0,139,3,2,144,OF
275930,David Eckstein,SD,NL,116,442,49,118,23,0,1,29,27,35,8,1,0,0,131,0,0,0,0,0,0,2B
501896,David Freese,STL,NL,70,240,28,71,12,1,4,36,21,59,1,1,1,3,0,7,0,0,0,0,0,3B
461815,David Murphy,TEX,AL,138,419,54,122,26,2,12,65,45,71,14,2,0,0,0,0,0,104,1,10,112,OF
120074,David Ortiz,BOS,AL,145,518,86,140,36,1,32,102,82,145,0,1,0,6,0,0,0,0,0,0,0,
424325,David Ross,ATL,NL,59,121,15,35,13,2,2,28,20,28,0,1,52,0,0,0,0,0,0,0,0,C
431151,David Wright,NYM,NL,157,587,87,166,36,3,29,103,69,161,19,11,0,0,0,142,0,0,0,0,0,3B
493364,Dayan Viciedo,CWS,AL,38,104,17,32,7,0,5,13,2,25,1,0,0,0,0,0,0,0,0,0,0,3B
430321,Delmon Young,MIN,AL,153,570,77,170,46,1,21,112,28,81,5,4,0,0,0,0,0,98,0,0,98,OF
434704,Delwyn Young,PIT,NL,110,191,22,45,11,1,7,28,13,52,1,0,0,0,53,0,0,4,0,26,30,2B
452655,Denard Span,MIN,AL,153,629,85,166,24,10,3,58,60,74,26,4,0,0,0,0,0,74,84,39,145,OF
116539,Derek Jeter,NYY,AL,157,663,111,179,30,3,10,67,63,106,18,5,0,0,0,0,150,0,0,0,0,SS
117601,Derrek Lee,ATL,NL,148,547,80,142,35,0,19,80,73,134,1,3,0,140,0,0,0,0,0,0,0,1B
457775,Desmond Jennings,TB,AL,17,21,5,4,1,1,0,2,2,4,2,2,0,0,0,0,0,0,0,0,0,OF
276547,DeWayne Wise,TOR,AL,52,112,20,28,3,2,3,14,4,29,4,0,0,0,0,0,0,5,35,34,70,OF
451594,Dexter Fowler,COL,NL,132,439,73,114,20,14,6,36,57,104,13,8,0,0,0,0,0,0,127,0,127,OF
425900,Dioner Navarro,LAD,NL,48,124,11,24,5,0,1,7,12,20,0,1,113,0,0,0,0,0,0,0,0,C
452671,Diory Hernandez,ATL,NL,20,9,5,1,0,0,1,1,0,4,0,0,0,0,4,3,22,0,0,0,0,SS
502126,Domonic Brown,PHI,NL,35,62,8,13,3,0,2,13,5,24,2,1,0,0,0,0,0,0,0,0,0,OF
430603,Don Kelly,DET,AL,119,238,30,58,4,0,9,27,8,42,3,0,0,2,1,4,0,18,0,2,20,OF
430906,Donnie Murphy,FLA,NL,29,44,9,14,6,1,3,16,2,19,0,0,0,0,0,0,0,0,0,0,0,2B
455113,Donny Lucy,CWS,AL,7,15,2,5,3,0,1,2,2,3,1,0,0,0,0,0,0,0,0,0,0,C
460077,Drew Butera,MIN,AL,49,142,12,28,6,1,2,13,4,25,0,0,0,0,0,0,0,0,0,0,0,C
453211,Drew Stubbs,CIN,NL,150,514,91,131,19,6,22,77,55,168,30,6,0,0,0,0,0,0,42,0,42,OF
450300,Drew Sutton,BOS,AL,13,39,5,10,1,0,2,8,3,13,0,0,0,0,8,2,7,5,0,1,6,2B
456030,Dustin Pedroia,BOS,AL,75,302,53,87,24,1,12,41,37,38,9,1,0,0,154,0,0,0,0,0,0,2B
451259,Dusty Brown,PIT,NL,7,12,0,3,1,0,0,2,0,2,0,0,6,0,0,0,0,0,0,0,0,C
121074,Edgar Renteria,SF,NL,72,243,26,67,11,2,3,22,21,43,3,0,0,0,0,0,123,0,0,0,0,SS
456488,Eduardo Nunez,NYY,AL,30,50,12,14,1,0,1,7,3,2,5,0,0,0,0,0,0,0,0,0,0,SS
429665,Edwin Encarnacion,TOR,AL,96,332,47,81,16,0,21,51,29,60,1,0,0,0,0,85,0,0,0,0,0,3B
434630,Eli Whiteside,SF,NL,56,126,19,30,6,1,4,10,8,35,1,2,47,0,0,0,0,0,0,0,0,C
425769,Eliezer Alfonzo,SEA,AL,13,41,4,9,1,0,1,4,0,10,0,0,30,0,0,0,0,0,0,0,0,C
462101,Elvis Andrus,TEX,AL,148,588,88,156,15,3,0,35,64,96,32,15,0,0,0,0,145,0,0,0,0,SS
466988,Emilio Bonifacio,FLA,NL,73,180,30,47,6,3,0,10,17,42,12,0,0,0,7,86,20,6,11,0,17,3B
502034,Emmanuel Burriss,SF,NL,7,5,3,2,0,0,0,0,0,1,0,0,0,0,61,0,0,0,0,0,0,2B
291565,Eric Byrnes,SEA,AL,15,32,1,3,2,0,0,0,6,9,1,0,0,0,0,0,0,49,6,5,58,OF
136767,Eric Chavez,OAK,AL,33,111,10,26,8,0,1,10,8,31,0,0,0,0,0,8,0,0,0,0,0,3B
400134,Eric Hinske,ATL,NL,131,281,38,72,21,1,11,51,33,75,0,0,0,6,0,13,0,2,0,35,37,OF
452221,Eric Patterson,SD,NL,90,187,26,40,8,5,6,16,14,62,11,1,0,0,5,0,0,26,4,2,31,OF
519299,Eric Sogard,OAK,AL,4,7,0,3,0,0,0,0,2,1,0,1,0,0,0,0,0,0,0,0,0,2B
458913,Eric Young,COL,NL,51,172,26,42,5,1,0,8,17,32,17,6,0,0,6,0,0,0,5,0,5,2B
430947,Erick Aybar,LAA,AL,138,534,69,135,18,4,5,29,35,81,22,8,0,0,0,0,136,0,0,0,0,SS
456124,Erik Kratz,PHI,NL,9,34,2,4,0,0,0,1,2,9,0,0,0,0,0,0,0,0,0,0,0,C
407397,Esteban German,TEX,AL,13,13,5,3,0,0,0,1,3,2,4,1,0,1,6,10,0,1,0,0,1,3B
464299,Eugenio Velez,LAD,NL,29,55,7,9,2,0,2,8,6,9,0,0,0,0,31,0,0,42,12,5,51,OF
446334,Evan Longoria,TB,AL,151,574,96,169,46,5,22,104,72,124,15,5,0,0,0,151,0,0,0,0,0,3B
465784,Everth Cabrera,SD,NL,76,212,22,44,6,3,1,22,19,54,10,6,0,0,0,0,102,0,0,0,0,SS
150479,Felipe Lopez,BOS,AL,113,391,52,91,18,1,8,37,44,81,8,2,0,0,144,0,0,0,0,0,0,2B
429712,Felix Pie,BAL,AL,82,288,39,79,15,5,5,31,13,52,5,2,0,0,0,0,0,44,41,0,83,OF
494686,Fernando Martinez,NYM,NL,7,18,1,3,0,0,0,2,1,5,0,1,0,0,0,0,0,11,8,6,25,OF
123107,Fernando Tatis,NYM,NL,41,65,6,12,4,0,2,6,6,19,0,0,0,41,7,27,2,26,0,2,28,1B
465041,Francisco Cervelli,NYY,AL,93,266,27,72,11,3,0,38,33,42,1,1,40,0,0,0,0,0,0,0,0,C
112131,Frank Catalanotto,NYM,NL,25,25,2,4,1,0,0,1,1,5,0,0,0,0,3,0,0,7,0,31,37,OF
429711,Franklin Gutierrez,SEA,AL,152,568,61,139,25,3,12,64,50,137,25,3,0,0,0,0,0,0,153,0,153,OF
430930,Fred Lewis,TOR,AL,110,428,70,112,31,5,8,36,38,104,17,6,0,0,0,0,0,83,0,0,83,OF
518692,Freddie Freeman,ATL,NL,20,24,3,4,1,0,1,1,0,8,0,0,0,0,0,0,0,0,0,0,0,1B
408108,Freddy Sanchez,SF,NL,111,431,55,126,22,1,7,47,32,68,3,1,0,0,110,0,0,0,0,0,0,2B
408212,Gabe Gross,OAK,AL,105,222,27,53,11,1,1,25,17,39,5,1,0,0,0,0,0,0,0,100,100,OF
137002,Gabe Kapler,TB,AL,59,124,19,26,4,0,2,14,11,24,1,1,0,0,0,0,0,14,12,66,88,OF
459991,Gaby Sanchez,FLA,NL,151,572,72,156,37,3,19,85,57,101,5,0,0,1,0,0,0,0,0,0,0,1B
110236,Garret Anderson,LAD,NL,80,155,8,28,6,1,2,12,5,34,1,0,0,0,0,0,0,124,0,0,124,OF
425548,Garrett Atkins,PIT,NL,44,140,5,30,7,0,1,9,12,30,0,0,0,28,0,78,0,0,0,0,0,3B
434540,Garrett Jones,PIT,NL,158,592,64,146,34,1,21,86,53,123,7,3,0,30,0,0,0,15,0,39,53,OF
150439,Gary Matthews Jr.,CIN,NL,36,58,9,11,3,0,0,1,6,24,1,0,0,0,0,0,0,12,56,28,91,OF
150398,Geoff Blum,ARI,NL,93,202,22,54,10,1,2,22,15,33,0,0,0,10,0,102,1,0,0,0,0,3B
435459,George Kottaras,MIL,NL,67,212,24,43,12,1,9,26,33,44,2,0,39,0,0,1,0,0,0,0,0,C
434567,Geovany Soto,CHC,NL,105,322,47,90,19,0,17,53,62,83,0,1,96,0,0,0,0,0,0,0,0,C
408042,Gerald Laird,STL,NL,89,270,22,56,11,0,5,25,18,57,3,1,135,1,0,0,0,0,0,0,0,C
467827,Gerardo Parra,ARI,NL,133,364,31,95,19,6,3,30,23,76,1,0,0,0,0,0,0,75,43,9,113,OF
493596,Gordon Beckham,CWS,AL,131,444,58,112,25,2,9,49,37,92,4,6,0,0,0,102,0,0,0,0,0,3B
429713,Grady Sizemore,CLE,AL,33,128,15,27,6,2,0,13,9,35,4,2,0,0,0,0,0,0,92,0,92,OF
425785,Greg Dobbs,PHI,NL,88,163,13,32,7,0,5,15,12,39,1,1,0,6,0,16,0,13,0,2,15,3B
449172,Greg Golson,NYY,AL,24,23,3,6,2,0,0,2,0,3,0,2,0,0,0,0,0,0,1,0,1,OF
471897,Greg Halman,SEA,AL,9,29,1,4,1,0,0,3,1,11,1,0,0,0,0,0,0,0,0,0,0,OF
124748,Gregg Zaun,MIL,NL,28,102,11,27,7,0,2,14,11,12,0,0,83,0,0,0,0,0,0,0,0,C
453923,Gregor Blanco,KC,AL,85,237,31,67,9,4,1,14,29,50,11,4,0,0,0,0,0,3,9,2,14,OF
425565,Guillermo Quiroz,SEA,AL,2,7,1,2,1,0,0,0,0,1,0,0,4,0,0,0,0,0,0,0,0,C
435238,Gustavo Molina,NYY,AL,4,7,1,1,0,0,0,0,0,2,0,0,0,0,0,0,0,0,0,0,0,C
408213,Hank Blalock,TB,AL,26,63,8,16,3,0,1,7,6,15,1,1,0,66,0,1,0,0,0,0,0,1B
474233,Hank Conger,LAA,AL,13,29,2,5,1,1,0,5,5,9,0,0,0,0,0,0,0,0,0,0,0,C
434670,Hanley Ramirez,FLA,NL,142,543,92,163,28,2,21,76,64,93,32,10,0,0,0,0,147,0,0,0,0,SS
425659,Hector Luna,FLA,NL,27,29,2,4,1,0,2,4,0,13,0,1,0,0,0,0,0,0,0,0,0,3B
111072,Henry Blanco,ARI,NL,50,130,10,28,5,0,2,8,11,26,1,0,60,0,0,1,0,0,0,0,0,C
425686,Hideki Matsui,OAK,AL,145,482,55,132,24,1,21,84,67,98,0,1,0,0,0,0,0,0,0,0,0,
435062,Howie Kendrick,LAA,AL,158,616,67,172,41,4,10,75,28,94,14,4,0,0,95,0,0,0,0,0,0,2B
279827,Humberto Quintero,HOU,NL,88,265,13,62,10,0,4,20,8,59,0,0,59,0,0,0,0,0,0,0,0,C
452254,Hunter Pence,HOU,NL,156,614,93,173,29,3,25,91,41,105,18,9,0,0,0,0,0,0,0,157,157,OF
435622,Ian Desmond,WAS,NL,154,525,59,141,27,4,10,65,28,109,17,5,0,0,5,0,17,0,0,1,1,SS
435079,Ian Kinsler,TEX,AL,103,391,73,112,20,1,9,45,56,57,15,5,0,0,144,0,0,0,0,0,0,2B
456655,Ian Stewart,COL,NL,121,386,54,99,14,2,18,61,45,110,5,2,0,0,21,121,0,6,0,3,9,3B
400085,Ichiro Suzuki,SEA,AL,162,680,74,214,30,3,6,43,45,86,42,9,0,0,0,0,0,0,0,145,145,OF
477195,Ike Davis,NYM,NL,147,523,73,138,33,1,19,71,72,138,3,2,0,0,0,0,0,0,0,0,0,1B
121358,Ivan Rodriguez,WAS,NL,111,398,32,106,18,1,4,49,16,66,2,3,115,0,0,0,0,0,0,0,0,C
400268,J.C. Boscan,ATL,NL,1,0,1,0,0,0,0,0,1,0,0,0,0,0,0,0,0,0,0,0,0,
136770,J.D. Drew,BOS,AL,139,478,69,122,24,2,22,68,60,105,3,1,0,0,0,0,0,0,0,132,132,OF
429666,J.J. Hardy,BAL,AL,101,340,44,91,19,3,6,38,28,54,1,1,0,0,0,0,112,0,0,0,0,SS
450317,J.P. Arencibia,TOR,AL,11,35,3,5,1,0,2,4,2,11,0,0,0,0,0,0,0,0,0,0,0,C
453525,J.R. Towles,HOU,NL,17,47,3,9,3,0,1,8,2,12,0,0,15,0,0,0,0,0,0,0,0,C
400091,Jack Cust,SEA,AL,112,349,50,95,19,0,13,52,68,127,2,2,0,0,0,0,0,0,0,51,51,
333292,Jack Wilson,SEA,AL,61,193,17,48,11,1,0,14,7,35,1,2,0,0,0,0,105,0,0,0,0,SS
453056,Jacoby Ellsbury,BOS,AL,18,78,10,15,4,0,0,5,4,9,7,1,0,0,0,0,0,0,153,0,153,OF
455687,Jai Miller,OAK,AL,20,55,5,13,3,0,1,4,4,23,1,0,0,0,0,0,0,0,0,0,0,OF
444844,Jake Fox,BAL,AL,77,198,21,43,10,1,7,22,8,49,0,0,3,7,0,27,0,23,0,3,26,3B
425766,James Loney,LAD,NL,161,588,67,157,41,2,10,88,52,95,10,5,0,155,0,0,0,0,0,0,0,1B
425206,Jamey Carroll,LAD,NL,133,351,48,102,15,1,0,23,51,64,12,4,0,0,56,23,0,4,0,6,10,2B
406550,Jamie Burke,WAS,NL,1,0,0,0,0,0,0,0,0,0,0,0,18,1,0,0,0,0,0,0,0,C
459440,Jarrett Hoffpauir,SD,NL,13,34,1,7,1,0,0,0,2,5,0,0,0,0,5,1,0,0,0,0,0,2B
502481,Jarrod Dyson,KC,AL,18,57,11,12,4,2,1,5,6,16,9,1,0,0,0,0,0,0,0,0,0,OF
457454,Jarrod Saltalamacchia,BOS,AL,12,24,2,4,3,0,0,2,6,5,0,0,83,0,0,0,0,0,0,0,0,C
430583,Jason Bartlett,SD,NL,135,468,71,119,27,3,4,47,45,83,11,6,0,0,0,0,134,0,0,0,0,SS
424726,Jason Bay,NYM,NL,95,348,48,90,20,6,6,47,44,91,10,0,0,0,0,0,0,150,0,0,150,OF
430652,Jason Bourgeois,HOU,NL,69,123,16,27,4,1,0,3,13,16,12,4,0,0,0,0,0,1,0,6,7,OF
488771,Jason Castro,HOU,NL,67,195,26,40,8,1,2,8,22,41,0,0,0,0,0,0,0,0,0,0,0,C
453228,Jason Donald,CLE,AL,88,296,39,75,19,3,4,24,22,70,5,1,0,0,0,0,0,0,0,0,0,SS
114739,Jason Giambi,COL,NL,87,176,17,43,9,0,6,35,35,47,2,0,0,63,0,0,0,0,0,0,0,1B
518792,Jason Heyward,ATL,NL,142,520,83,144,29,5,18,72,91,128,11,6,0,0,0,0,0,0,0,0,0,OF
452232,Jason Jaramillo,PIT,NL,33,87,2,13,2,0,1,6,8,14,0,0,62,0,0,0,0,0,0,0,0,C
116974,Jason Kendall,KC,AL,118,434,39,111,18,0,0,37,37,45,12,7,133,0,0,0,0,0,0,0,0,C
430585,Jason Kubel,MIN,AL,143,518,68,129,23,3,21,92,56,116,0,1,0,0,0,0,0,29,0,30,58,
150178,Jason LaRue,STL,NL,29,56,3,11,1,0,2,5,5,7,0,0,43,2,0,0,0,0,0,0,0,C
346859,Jason Michaels,HOU,NL,106,186,23,47,14,1,8,26,12,29,0,0,0,0,0,0,0,31,14,3,45,OF
434705,Jason Repko,MIN,AL,58,127,19,29,6,0,3,9,13,38,3,2,0,0,0,0,0,2,3,3,7,OF
123660,Jason Varitek,BOS,AL,39,112,18,26,6,0,7,16,10,35,0,0,108,0,0,0,0,0,0,0,0,C
457803,Jay Bruce,CIN,NL,148,509,80,143,23,5,25,70,58,136,5,4,0,0,0,0,0,0,0,98,98,OF
400158,Jay Gibbons,LAD,NL,37,75,11,21,2,0,5,17,4,14,0,1,0,0,0,0,0,0,0,0,0,
134341,Jay Payton,COL,NL,20,35,3,12,4,1,0,1,1,4,1,0,0,0,0,0,0,0,0,0,0,OF
434624,Jayson Nix,CLE,AL,102,331,32,74,15,0,14,34,20,87,1,2,0,0,52,12,15,3,0,4,7,2B
150029,Jayson Werth,WAS,NL,156,554,106,164,46,2,27,85,82,147,13,3,0,0,0,0,0,3,12,146,157,OF
476704,Jed Lowrie,BOS,AL,55,171,31,49,14,0,9,24,25,25,1,1,0,0,2,4,26,0,0,0,0,SS
425557,Jeff Baker,CHC,NL,79,206,29,56,13,2,4,21,16,50,1,0,0,3,52,20,0,0,0,0,0,2B
459943,Jeff Clement,PIT,NL,54,144,11,29,3,0,7,12,6,37,0,0,0,0,0,0,0,0,0,0,0,C
425796,Jeff Francoeur,KC,AL,139,454,52,113,18,2,13,65,30,81,8,3,0,0,0,0,0,0,0,154,154,OF
455095,Jeff Frazier,WAS,NL,9,23,3,5,1,0,0,1,1,6,0,0,0,0,0,0,0,0,0,0,0,OF
433898,Jeff Keppinger,HOU,NL,137,514,62,148,34,1,6,59,51,36,4,1,0,0,22,67,11,2,0,0,2,3B
460252,Jeff Larish,PHI,NL,27,67,5,12,3,0,2,9,7,24,1,0,0,11,0,1,0,0,0,0,0,
425772,Jeff Mathis,LAA,AL,68,205,19,40,6,1,3,18,6,59,3,0,79,0,0,0,0,0,0,0,0,C
435181,Jeremy Hermida,OAK,AL,73,222,19,48,12,0,6,29,16,58,1,0,0,0,0,0,0,51,0,81,120,OF
430598,Jeremy Reed,CWS,AL,14,21,1,3,0,0,1,3,2,8,1,0,0,4,0,0,0,50,12,8,69,OF
150020,Jerry Hairston Jr.,SD,NL,119,430,53,105,13,2,10,50,31,54,9,6,0,0,12,49,42,19,5,14,36,3B
440351,Jesus Feliciano,NYM,NL,54,108,12,25,4,1,0,3,6,12,1,0,0,0,0,0,0,0,0,0,0,OF
425509,Jhonny Peralta,DET,AL,148,551,60,137,30,2,15,81,53,103,1,0,0,0,0,105,41,0,0,0,0,3B
113744,Jim Edmonds,CIN,NL,86,246,44,68,23,0,11,23,24,60,2,0,0,0,0,0,0,0,0,0,0,OF
123272,Jim Thome,MIN,AL,108,276,48,78,16,2,25,59,60,82,0,0,0,0,0,0,0,0,0,0,0,
276519,Jimmy Rollins,PHI,NL,88,350,48,85,16,3,8,41,40,32,17,1,0,0,0,0,155,0,0,0,0,SS
435078,Joaquin Arias,KC,AL,72,128,23,33,6,1,0,13,4,23,1,0,0,0,2,1,0,0,0,0,0,2B
425506,Jody Gerut,SD,NL,32,71,7,14,4,1,2,8,3,17,0,1,0,0,0,0,0,3,42,37,79,OF
446928,Joe Inglett,MIL,NL,102,142,15,36,8,5,1,8,15,34,1,0,0,0,3,0,0,14,1,11,26,OF
458628,Joe Mather,ATL,NL,36,60,7,13,4,0,0,3,2,11,1,1,0,0,0,0,0,0,0,0,0,OF
408045,Joe Mauer,MIN,AL,137,510,88,167,43,1,9,75,65,53,1,4,109,0,0,0,0,0,0,0,0,C
458015,Joey Votto,CIN,NL,150,547,106,177,36,2,37,113,91,125,16,5,0,130,0,0,0,0,0,0,0,1B
434633,John Baker,FLA,NL,23,78,7,17,3,1,0,6,9,18,0,0,105,0,0,0,0,0,0,0,0,C
435624,John Bowker,PIT,NL,67,151,16,33,8,0,5,21,14,33,0,1,0,4,0,0,0,13,0,5,17,OF
407833,John Buck,FLA,NL,118,409,53,115,25,0,20,66,16,111,0,0,46,0,0,0,0,0,0,0,0,C
452105,John Hester,ARI,NL,38,95,9,20,7,0,2,7,11,32,1,0,8,0,0,0,0,0,0,0,0,C
444379,John Jaso,TB,AL,109,339,57,89,18,3,5,44,59,39,4,0,0,0,0,0,0,0,0,0,0,C
439664,John Lindsey,LAD,NL,11,12,0,1,0,0,0,0,0,3,0,0,0,0,0,0,0,0,0,0,0,1B
460055,John Mayberry,PHI,NL,11,12,4,4,0,0,2,6,1,4,0,1,0,0,0,0,0,26,0,4,30,OF
150348,John McDonald,TOR,AL,63,152,27,38,9,2,6,23,6,26,2,1,0,0,8,10,31,4,0,0,4,SS
489231,John Raynor,FLA,NL,11,10,1,2,0,0,0,0,1,3,0,0,0,0,0,0,0,0,0,0,0,OF
113028,Johnny Damon,DET,AL,145,539,81,146,36,5,8,51,69,90,11,1,0,0,0,0,0,133,0,0,133,OF
445055,Jon Jay,STL,NL,105,287,47,86,19,2,4,27,24,50,2,4,0,0,0,0,0,0,0,0,0,OF
468406,Jonathan Herrera,COL,NL,76,222,34,63,6,2,1,21,25,36,2,2,0,0,0,0,0,0,0,0,0,SS
518960,Jonathan Lucroy,MIL,NL,75,277,24,70,9,0,4,26,18,44,4,2,0,0,0,0,0,0,0,0,0,C
457508,Jonathan Van Every,WAS,NL,21,19,6,4,1,0,1,1,2,9,0,0,0,0,0,0,0,0,2,4,6,OF
430404,Jonny Gomes,CIN,NL,148,511,77,136,24,3,18,86,39,123,5,3,0,0,0,0,0,37,0,34,70,OF
488740,Jordan Brown,CLE,AL,26,87,9,20,7,0,0,2,4,10,0,0,0,0,0,0,0,0,0,0,0,OF
408305,Jorge Cantu,TEX,AL,127,472,50,121,29,1,11,56,29,95,0,0,0,111,0,45,0,0,0,0,0,1B
120691,Jorge Posada,NYY,AL,120,383,49,95,23,1,18,57,59,99,3,1,100,2,0,0,0,0,0,0,0,C
430832,Jose Bautista,TOR,AL,161,569,109,148,35,3,54,124,100,116,9,2,0,0,0,26,0,42,6,36,79,OF
115229,Jose Guillen,SF,NL,148,524,55,135,22,2,19,77,32,113,1,0,0,0,0,0,0,4,0,65,69,OF
430946,Jose Lopez,COL,NL,150,593,49,142,29,0,10,58,23,66,3,2,0,16,141,0,0,0,0,0,0,2B
150040,Jose Molina,TOR,AL,57,167,13,41,4,0,6,12,9,36,1,0,49,3,0,1,0,0,0,0,0,C
458643,Jose Morales,COL,NL,19,36,4,7,2,0,0,7,6,14,0,0,29,0,0,0,0,0,0,0,0,C
408314,Jose Reyes,NYM,NL,133,563,83,159,29,10,11,54,31,63,30,10,0,0,0,0,35,0,0,0,0,SS
467798,Jose Tabata,PIT,NL,102,405,61,121,21,4,4,35,28,57,19,7,0,0,0,0,0,0,0,0,0,OF
408036,Josh Bard,SEA,AL,39,112,9,24,7,0,3,10,10,27,0,0,79,0,0,0,0,0,0,0,0,C
458679,Josh Bell,BAL,AL,53,159,15,34,5,0,3,12,2,53,0,1,0,0,0,0,0,0,0,0,0,3B
518626,Josh Donaldson,OAK,AL,14,32,1,5,1,0,1,4,2,12,0,0,0,0,0,0,0,0,0,0,0,C
435222,Josh Fields,PIT,NL,13,49,5,15,0,0,3,6,1,9,0,0,0,17,0,49,0,0,0,0,0,3B
285078,Josh Hamilton,TEX,AL,133,518,95,186,40,3,32,100,43,95,8,1,0,0,0,0,0,0,56,24,79,OF
502210,Josh Reddick,BOS,AL,29,62,5,12,3,1,1,5,1,15,1,0,0,0,0,0,0,12,2,10,23,OF
489365,Josh Thole,NYM,NL,73,202,17,56,7,1,3,17,24,25,1,0,16,0,0,0,0,0,0,0,0,C
425545,Josh Willingham,OAK,AL,114,370,54,99,19,2,16,56,67,85,8,0,0,1,0,0,0,87,0,35,118,OF
425543,Josh Wilson,SEA,AL,108,361,22,82,14,2,2,25,14,74,5,0,0,0,4,6,55,0,0,0,0,SS
112128,Juan Castro,LAD,NL,55,129,7,25,5,0,0,13,8,25,0,1,0,0,20,8,28,2,0,0,2,SS
464433,Juan Francisco,CIN,NL,36,55,3,15,3,0,1,7,4,20,0,1,0,0,0,4,0,0,0,0,0,3B
506673,Juan Miranda,ARI,NL,33,64,7,14,2,1,3,10,7,12,0,0,0,8,0,0,0,0,0,0,0,1B
334393,Juan Pierre,CWS,AL,160,651,96,179,18,3,1,47,45,47,68,18,0,0,0,0,0,94,15,0,103,OF
407487,Juan Rivera,LAA,AL,124,416,53,105,20,0,15,52,33,58,2,2,0,0,0,0,0,124,0,7,128,OF
346874,Juan Uribe,LAD,NL,148,521,64,129,24,2,24,85,45,92,1,2,0,0,38,44,41,0,0,0,0,3B
474865,Julio Borbon,TEX,AL,137,438,60,121,11,4,3,42,19,59,15,7,0,0,0,0,0,16,4,0,20,OF
150061,Julio Lugo,BAL,AL,93,241,26,60,4,2,0,20,15,50,5,7,0,0,30,0,56,0,0,0,0,2B
452239,Justin Maxwell,WAS,NL,67,104,16,15,6,0,3,12,25,43,5,1,0,0,0,0,0,2,32,2,36,OF
408047,Justin Morneau,MIN,AL,81,296,53,102,25,1,18,56,50,62,0,0,0,123,0,0,0,0,0,0,0,1B
475253,Justin Smoak,SEA,AL,100,348,40,76,14,0,13,48,46,91,1,0,0,0,0,0,0,0,0,0,0,1B
457759,Justin Turner,NYM,NL,9,17,1,1,1,0,0,0,1,3,0,0,0,0,3,7,0,0,0,0,0,3B
457708,Justin Upton,ARI,NL,133,495,73,135,27,3,17,69,64,152,18,8,0,0,0,0,0,0,0,136,136,OF
430565,Kazuo Matsui,COL,NL,27,71,4,10,1,0,0,1,4,10,1,1,0,0,130,0,0,0,0,0,0,2B
430637,Kelly Johnson,ARI,NL,154,585,93,166,36,5,26,71,79,148,13,7,0,0,84,0,0,0,0,0,0,2B
431159,Kelly Shoppach,TB,AL,63,158,17,31,8,0,5,17,20,71,0,0,81,0,0,0,0,0,0,0,0,C
115135,Ken Griffey Jr.,SEA,AL,33,98,6,18,2,0,0,7,9,17,0,0,0,0,0,0,0,8,0,3,11,
434778,Kendry Morales,LAA,AL,51,193,29,56,5,0,11,39,12,31,0,1,0,152,0,0,0,0,0,0,0,1B
408211,Kevin Cash,TEX,AL,49,114,4,19,2,0,2,5,11,29,0,0,10,0,0,0,0,0,0,0,0,C
435623,Kevin Frandsen,LAA,AL,54,160,24,40,11,0,0,14,9,10,2,0,0,0,14,0,7,0,0,0,0,2B
450260,Kevin Kouzmanoff,OAK,AL,143,551,59,136,32,1,16,71,24,96,2,1,0,0,0,139,0,0,0,0,0,3B
407891,Kevin Mench,WAS,NL,27,27,2,3,0,0,0,1,2,6,0,0,0,0,0,0,0,0,0,0,0,
501835,Kevin Russo,NYY,AL,31,49,5,9,2,0,0,4,3,9,1,0,0,0,0,0,0,0,0,0,0,2B
425903,Kevin Youkilis,BOS,AL,102,362,77,111,26,5,19,62,58,67,4,1,0,78,0,63,0,2,0,0,2,1B
451500,Kila Ka'aihue,KC,AL,52,180,22,39,6,1,8,25,24,39,0,1,0,0,0,0,0,0,0,0,0,1B
520209,Konrad Schmidt,ARI,NL,4,8,0,1,0,0,0,0,1,0,0,0,0,0,0,0,0,0,0,0,0,C
493120,Kosuke Fukudome,CHC,NL,130,358,45,94,20,2,13,44,64,67,7,8,0,0,0,0,0,0,113,44,140,OF
425542,Koyie Hill,CHC,NL,77,215,18,46,13,1,1,17,12,61,1,0,79,0,0,1,0,0,0,0,0,C
435559,Kurt Suzuki,OAK,AL,131,495,55,120,18,2,13,71,33,49,3,2,135,0,0,0,0,0,0,0,0,C
452035,Kyle Blanks,SD,NL,33,102,14,16,6,1,3,15,15,46,1,0,0,8,0,0,0,18,0,22,38,OF
204020,Lance Berkman,STL,NL,122,404,48,100,23,1,14,58,77,85,3,2,0,131,0,0,0,0,0,0,0,1B
453368,Lance Zawadzki,KC,AL,20,35,4,7,2,0,0,1,5,7,1,0,0,0,0,0,0,0,0,0,0,SS
445169,Landon Powell,OAK,AL,41,112,13,24,4,0,2,11,15,29,1,0,36,6,0,0,0,0,0,0,0,C
502249,Lars Anderson,BOS,AL,18,35,4,7,1,0,0,4,7,8,0,0,0,0,0,0,0,0,0,0,0,1B
451186,Lastings Milledge,PIT,NL,113,379,38,105,21,3,4,34,28,62,5,3,0,0,0,0,0,56,5,0,61,OF
425556,Laynce Nix,CIN,NL,97,165,16,48,11,2,4,18,15,39,0,1,0,0,0,0,0,72,5,10,85,OF
489149,Logan Morrison,FLA,NL,62,244,43,69,20,7,2,18,41,51,0,1,0,0,0,0,0,0,0,0,0,1B
456715,Lorenzo Cain,KC,AL,43,147,17,45,11,1,1,13,9,28,7,1,0,0,0,0,0,0,0,0,0,OF
453974,Lou Marson,CLE,AL,87,262,29,51,15,0,3,22,26,55,8,1,21,0,0,0,0,0,0,0,0,C
428642,Lou Montanez,BAL,AL,26,57,2,8,0,0,0,3,1,9,1,0,0,0,0,0,0,19,2,2,22,OF
446263,Lucas Duda,NYM,NL,29,84,11,17,6,0,4,13,6,22,0,0,0,0,0,0,0,0,0,0,0,1B
461315,Lucas May,KC,AL,12,37,3,7,1,0,0,6,0,10,0,1,0,0,0,0,0,0,0,0,0,C
112116,Luis Castillo,NYM,NL,86,247,28,58,4,2,0,17,39,25,8,3,0,0,137,0,0,0,0,0,0,2B
458501,Luis Cruz,MIL,NL,7,17,2,4,0,1,0,1,0,2,0,0,0,0,5,0,17,0,0,0,0,SS
470516,Luis Durango,SD,NL,28,48,8,12,0,0,0,4,4,7,5,0,0,0,0,0,0,1,1,0,2,OF
434682,Luis Hernandez,NYM,NL,17,44,4,11,1,0,2,6,2,7,1,0,0,0,8,5,23,0,0,0,0,SS
472528,Luis Valbuena,CLE,AL,91,275,22,53,12,0,2,24,28,61,1,2,0,0,77,1,28,0,0,0,0,2B
450192,Luke Carlin,CLE,AL,6,14,4,5,0,0,2,3,2,5,0,0,4,0,0,0,0,0,0,0,0,C
471863,Luke Hughes,MIN,AL,2,7,1,2,0,0,1,1,0,3,0,1,0,0,0,0,0,0,0,0,0,3B
432928,Luke Scott,BAL,AL,131,447,70,127,29,1,27,72,59,98,2,0,0,10,0,0,0,26,0,0,26,
407489,Lyle Overbay,PIT,NL,154,534,75,130,37,2,20,67,67,131,1,0,0,130,0,0,0,0,0,0,0,1B
120044,Magglio Ordonez,DET,AL,84,323,56,98,17,1,12,59,40,38,1,0,0,0,0,0,0,0,0,104,104,OF
430895,Maicer Izturis,LAA,AL,61,212,27,53,13,1,3,27,21,27,7,3,0,0,68,5,28,1,0,0,1,2B
120903,Manny Ramirez,CWS,AL,90,265,38,79,16,0,9,42,46,61,1,1,0,0,0,0,0,101,0,0,101,OF
340192,Marco Scutaro,BOS,AL,150,632,92,174,38,0,11,56,53,71,5,4,0,0,2,0,143,0,0,0,0,SS
407801,Marcus Thames,NYY,AL,82,212,22,61,7,0,12,33,19,61,0,0,0,2,0,0,0,20,0,0,20,
136660,Mark DeRosa,SF,NL,26,93,9,18,3,0,1,10,9,16,0,2,0,10,2,105,0,18,0,10,28,3B
407885,Mark Ellis,OAK,AL,124,436,45,127,24,0,5,49,40,56,7,6,0,0,105,0,0,0,0,0,0,2B
115210,Mark Grudzielanek,CLE,AL,30,110,10,30,0,0,0,11,8,10,2,0,0,0,0,0,0,0,0,0,0,2B
453236,Mark Hamilton,STL,NL,9,14,0,2,0,0,0,0,1,5,0,0,0,0,0,0,0,0,0,0,0,1B
117276,Mark Kotsay,CWS,AL,107,327,30,78,17,2,8,31,32,36,1,3,0,41,0,0,0,4,5,12,20,1B
448602,Mark Reynolds,BAL,AL,145,499,79,99,17,2,32,85,83,211,7,4,0,28,0,130,0,0,0,0,0,3B
433597,Mark Teahen,CWS,AL,77,233,31,60,13,2,4,25,25,61,3,5,0,11,3,107,0,0,0,32,32,3B
407893,Mark Teixeira,NYY,AL,158,601,113,154,36,0,33,108,93,122,0,1,0,152,0,0,0,0,0,0,0,1B
444432,Mark Trumbo,LAA,AL,8,15,2,1,0,0,0,2,1,8,0,0,0,0,0,0,0,0,0,0,0,1B
407781,Marlon Byrd,CHC,NL,152,580,84,170,39,2,12,66,31,98,5,1,0,0,0,0,0,36,105,6,144,OF
445988,Martin Prado,ATL,NL,140,599,100,184,40,3,15,66,40,86,5,3,0,29,63,41,0,0,0,1,1,2B
451143,Mat Gamel,MIL,NL,12,15,1,3,1,0,0,1,1,8,0,0,0,0,0,27,0,0,0,0,0,3B
454998,Matt Carson,OAK,AL,36,79,7,14,2,0,4,9,2,23,4,0,0,0,0,0,0,1,0,8,9,OF
429841,Matt Diaz,PIT,NL,84,224,27,56,17,2,7,31,13,44,3,1,0,0,0,0,0,50,2,66,109,OF
453303,Matt Downs,HOU,NL,40,97,8,21,7,0,1,7,9,20,0,0,0,0,17,0,0,0,0,0,0,2B
407812,Matt Holliday,STL,NL,158,596,95,186,45,1,28,103,69,93,9,5,0,0,0,0,0,155,0,0,155,OF
459964,Matt Joyce,TB,AL,77,216,30,52,15,3,10,40,40,55,2,2,0,0,0,0,0,0,4,5,9,OF
461314,Matt Kemp,LAD,NL,162,602,82,150,25,6,28,89,53,170,19,15,0,0,0,0,0,0,158,7,158,OF
453181,Matt LaPorta,CLE,AL,110,376,41,83,15,1,12,41,46,82,0,0,0,10,0,0,0,29,0,10,39,OF
518980,Matt Mangini,SEA,AL,11,38,2,8,0,0,0,1,2,13,0,0,0,0,0,0,0,0,0,0,0,3B
431166,Matt Pagnozzi,COL,NL,15,39,4,14,2,0,1,10,2,8,0,0,5,1,0,0,0,0,0,0,0,C
122644,Matt Stairs,WAS,NL,78,99,14,23,6,0,6,16,11,32,2,0,0,0,0,0,0,6,0,9,15,OF
445196,Matt Tolbert,MIN,AL,48,87,8,20,4,3,1,18,9,18,1,1,0,1,36,27,3,0,0,0,0,2B
276354,Matt Treanor,TEX,AL,82,237,22,50,6,1,5,27,22,43,1,2,4,0,0,0,0,0,0,0,0,C
449168,Matt Tuiasosopo,SEA,AL,50,127,12,22,5,0,4,11,9,49,0,0,0,0,6,0,0,0,0,0,0,2B
420673,Matt Watson,OAK,AL,12,30,2,6,2,0,1,4,3,5,0,0,0,0,0,0,0,0,0,0,0,OF
446308,Matt Wieters,BAL,AL,130,446,37,111,22,1,11,55,47,94,0,1,86,0,0,0,0,0,0,0,0,C
445615,Max Ramirez,TEX,AL,28,69,8,15,3,0,2,8,12,22,0,0,0,0,0,0,0,0,0,0,0,C
425833,Max St. Pierre,DET,AL,6,9,1,2,1,0,0,0,0,2,0,0,0,0,0,0,0,0,0,0,0,C
466320,Melky Cabrera,KC,AL,147,458,50,117,27,3,4,42,42,64,7,1,0,0,0,0,0,40,103,48,151,OF
206551,Melvin Mora,ARI,NL,113,316,39,90,12,5,7,45,31,53,2,1,0,0,0,124,0,0,0,0,0,3B
451687,Micah Hoffpauir,CHC,NL,24,52,5,9,3,0,0,5,5,15,0,0,0,27,0,0,0,11,0,25,36,1B
456422,Michael Bourn,HOU,NL,141,535,84,142,25,6,2,38,59,109,52,12,0,0,0,0,0,0,154,0,154,OF
488726,Michael Brantley,CLE,AL,72,297,38,73,9,3,3,22,22,38,10,2,0,0,0,0,0,8,20,0,28,OF
150212,Michael Cuddyer,MIN,AL,157,609,93,165,37,5,14,81,58,93,7,3,0,34,1,0,0,0,3,117,117,OF
502374,Michael McKenry,COL,NL,6,8,0,0,0,0,0,0,1,5,0,0,0,0,0,0,0,0,0,0,0,C
434604,Michael Morse,WAS,NL,98,266,36,77,12,2,15,41,22,64,0,1,0,11,0,1,0,2,0,3,5,1B
408050,Michael Ryan,LAA,AL,22,39,3,8,4,0,0,2,1,5,0,0,0,0,0,0,0,0,0,0,0,OF
459431,Michael Saunders,SEA,AL,100,289,29,61,11,2,10,33,35,84,6,3,0,0,0,0,0,39,0,0,39,OF
276545,Michael Young,TEX,AL,157,656,99,186,36,3,21,91,50,115,4,2,0,0,0,134,0,0,0,0,0,3B
408234,Miguel Cabrera,DET,AL,150,548,111,180,45,1,38,126,89,95,3,3,0,153,0,0,0,0,0,0,0,1B
111867,Miguel Cairo,CIN,NL,91,200,30,58,12,0,4,28,17,30,4,0,0,0,5,1,3,0,0,0,0,2B
471083,Miguel Montero,ARI,NL,85,297,36,79,20,2,9,43,29,71,0,1,111,0,0,0,0,0,0,0,0,C
400018,Miguel Olivo,SEA,AL,112,394,55,106,17,6,14,58,27,117,7,4,103,0,0,0,0,0,0,0,0,C
123173,Miguel Tejada,SF,NL,156,636,71,171,26,0,15,71,30,67,2,0,0,0,0,0,158,0,0,0,0,SS
449107,Mike Aviles,KC,AL,110,424,63,129,16,3,8,32,20,49,14,5,0,0,0,2,34,0,0,0,0,SS
488689,Mike Baxter,SD,NL,9,8,0,1,0,0,0,1,0,2,0,0,0,0,0,0,0,0,0,0,0,OF
111904,Mike Cameron,BOS,AL,48,162,24,42,11,0,4,15,14,44,0,1,0,0,0,0,0,0,147,0,147,OF
455077,Mike Carp,SEA,AL,14,37,1,7,2,0,0,0,4,8,0,0,0,16,0,0,0,0,0,0,0,1B
430917,Mike Fontenot,SF,NL,103,240,24,68,13,3,1,25,15,41,1,4,0,0,70,50,0,0,0,0,0,2B
425634,Mike Hessman,NYM,NL,32,55,6,7,2,1,1,6,8,23,0,0,0,0,0,0,0,0,0,0,0,3B
408312,Mike Jacobs,COL,NL,7,24,1,5,1,0,1,2,3,7,0,0,0,15,0,0,0,0,0,0,0,1B
150286,Mike Lamb,FLA,NL,39,38,2,7,1,1,0,4,2,6,0,0,0,0,0,0,0,0,0,0,0,3B
136780,Mike Lowell,BOS,AL,73,218,23,52,13,0,5,26,23,34,0,0,0,0,0,107,0,0,0,0,0,3B
453454,Mike McCoy,TOR,AL,46,82,9,16,4,0,0,3,8,20,5,1,0,0,2,0,0,0,0,1,1,2B
435063,Mike Napoli,LAA,AL,140,453,60,108,24,1,26,68,42,137,4,2,96,0,0,0,0,0,0,0,0,C
435081,Mike Nickeas,NYM,NL,5,10,0,2,0,0,0,0,0,5,0,0,0,0,0,0,0,0,0,0,0,C
133226,Mike Redmond,CLE,AL,22,63,7,13,4,0,0,5,2,10,0,0,44,0,0,0,0,0,0,0,0,C
407576,Mike Rivera,MIL,NL,7,14,0,0,0,0,0,0,2,3,0,0,34,0,0,0,0,0,0,0,0,C
519317,Mike Stanton,FLA,NL,100,359,45,93,21,1,22,59,34,123,5,2,0,0,0,0,0,0,0,0,0,OF
123041,Mike Sweeney,PHI,NL,56,151,21,38,5,0,8,26,14,21,3,0,0,5,0,0,0,0,0,0,0,
150396,Milton Bradley,SEA,AL,73,244,28,50,9,1,8,29,28,75,8,2,0,0,0,0,0,0,1,109,110,OF
430574,Mitch Maier,KC,AL,117,373,41,98,15,6,5,39,41,68,3,2,0,0,0,0,0,17,85,36,123,OF
519048,Mitch Moreland,TEX,AL,47,145,20,37,4,0,9,25,25,36,3,1,0,0,0,0,0,0,0,0,0,OF
434661,Nate McLouth,ATL,NL,85,242,30,46,12,1,6,24,33,57,7,2,0,0,0,0,0,0,129,0,129,OF
435625,Nate Schierholtz,SF,NL,137,227,34,55,13,3,3,17,20,38,4,5,0,0,0,0,0,0,0,86,86,OF
435522,Neil Walker,PIT,NL,110,426,57,126,29,3,12,66,34,83,2,3,0,0,0,9,0,0,0,0,0,3B
443558,Nelson Cruz,TEX,AL,108,399,60,127,31,3,22,78,38,81,17,4,0,0,0,0,0,2,0,120,122,OF
452783,Nick Evans,NYM,NL,20,36,5,11,3,0,1,5,1,10,0,0,0,5,0,0,0,10,0,0,10,OF
407797,Nick Green,SD,NL,14,21,2,3,0,0,0,2,1,5,0,0,0,0,7,9,81,3,0,0,3,SS
460026,Nick Hundley,SD,NL,85,273,33,68,18,2,8,43,25,66,0,5,74,0,0,0,0,1,0,0,1,C
276376,Nick Johnson,NYY,AL,24,72,12,12,4,0,2,8,24,23,0,1,0,129,0,0,0,0,0,0,0,1B
455976,Nick Markakis,BAL,AL,160,629,79,187,45,3,12,60,73,93,7,2,0,0,0,0,0,0,0,161,161,OF
346857,Nick Punto,MIN,AL,88,252,24,60,11,1,1,20,28,50,6,2,0,0,63,5,58,0,0,0,0,2B
458036,Nick Stavinoha,STL,NL,79,121,11,31,4,0,2,9,4,28,0,0,0,0,0,0,0,13,0,10,23,OF
430897,Nick Swisher,NYY,AL,150,566,91,163,33,3,29,89,58,139,1,2,0,20,0,0,0,8,0,130,134,OF
462962,Niuman Romero,BOS,AL,2,4,1,0,0,0,0,0,0,0,0,0,0,1,0,1,4,0,0,0,0,SS
460099,Nolan Reimold,BAL,AL,39,116,9,24,5,0,3,14,12,26,0,0,0,0,0,0,0,88,0,2,90,OF
460579,Nyjer Morgan,WAS,NL,136,509,60,129,17,7,0,24,40,88,34,17,0,0,0,0,0,63,57,0,118,OF
408299,Omar Infante,FLA,NL,134,471,65,151,15,3,8,47,29,62,7,6,0,0,30,10,10,7,8,3,16,2B
123744,Omar Vizquel,CWS,AL,108,344,36,95,11,1,2,30,34,45,11,7,0,0,16,20,27,0,0,0,0,SS
111851,Orlando Cabrera,CIN,NL,123,494,64,130,33,0,4,42,28,53,11,4,0,0,0,0,158,0,0,0,0,SS
407861,Orlando Hudson,SD,NL,126,497,80,133,24,5,6,37,50,87,10,3,0,0,145,0,0,0,0,0,0,2B
400073,Oscar Salazar,SD,NL,85,131,19,31,4,0,3,19,16,23,1,2,0,8,3,5,2,16,0,4,20,OF
501954,Osvaldo Martinez,FLA,NL,14,43,8,14,4,1,0,2,4,6,1,0,0,0,0,0,0,0,0,0,0,SS
464281,Oswaldo Navarro,HOU,NL,14,20,2,1,0,0,0,0,5,4,0,0,0,0,0,0,0,0,0,0,0,SS
467055,Pablo Sandoval,SF,NL,152,563,61,151,34,3,13,63,47,81,3,2,3,26,0,120,0,0,0,0,0,3B
150100,Pat Burrell,SF,NL,120,373,50,94,21,0,20,64,57,105,0,2,0,0,0,0,0,1,0,1,2,
150137,Paul Hoover,PHI,NL,9,22,6,5,2,0,0,2,3,5,0,0,3,0,0,0,0,0,0,0,0,C
457926,Paul Janish,CIN,NL,82,200,23,52,10,0,5,25,22,30,1,3,0,0,0,2,82,0,0,0,0,SS
117244,Paul Konerko,CWS,AL,149,548,89,171,30,1,39,111,72,110,0,1,0,134,0,0,0,0,0,0,0,1B
434582,Paul McAnulty,LAA,AL,9,22,2,3,0,0,1,2,2,11,0,0,0,0,0,0,0,0,0,0,0,1B
150207,Paul Phillips,CLE,AL,12,23,4,5,0,0,0,1,2,7,0,0,15,0,0,0,0,0,0,0,0,C
476883,Pedro Alvarez,PIT,NL,95,347,42,89,21,1,16,64,37,119,0,0,0,0,0,0,0,0,0,0,0,3B
465674,Pedro Ciriaco,PIT,NL,8,6,3,3,1,1,0,1,0,3,0,0,0,0,0,0,0,0,0,0,0,SS
150268,Pedro Feliz,STL,NL,137,409,36,89,12,2,5,40,13,41,1,1,0,0,0,155,2,0,0,0,0,3B
488721,Peter Bourjos,LAA,AL,51,181,19,37,6,4,6,15,6,40,10,3,0,0,0,0,0,0,0,0,0,OF
135784,Placido Polanco,PHI,NL,132,554,76,165,27,2,6,52,32,47,5,0,0,0,151,0,0,0,0,0,0,2B
425902,Prince Fielder,MIL,NL,161,578,94,151,25,0,32,83,114,138,1,0,0,162,0,0,0,0,0,0,0,1B
279577,Rafael Furcal,LAD,NL,97,383,66,115,23,7,8,43,40,60,22,4,0,0,0,0,149,0,0,0,0,SS
434658,Rajai Davis,TOR,AL,143,525,66,149,28,3,5,52,26,78,50,11,0,0,0,0,0,0,113,5,116,OF
455369,Ramiro Pena,NYY,AL,85,154,18,35,1,1,0,18,6,27,7,1,0,0,8,27,34,0,0,0,0,SS
135783,Ramon Castro,CWS,AL,37,115,18,32,2,0,8,21,9,26,1,0,52,0,0,0,0,0,0,0,0,C
150421,Ramon Hernandez,CIN,NL,97,313,30,93,18,1,7,48,29,49,0,0,55,30,0,1,0,0,0,0,0,C
421124,Ramon Santiago,DET,AL,112,320,38,84,9,1,3,22,30,56,2,2,0,0,29,2,69,0,0,0,0,SS
457859,Randy Ruiz,TOR,AL,13,40,3,6,2,0,1,1,0,11,1,0,0,3,0,0,0,0,0,0,0,
133160,Randy Winn,STL,NL,116,205,23,49,8,2,4,25,21,37,6,0,0,0,0,0,0,54,22,104,146,OF
116380,Raul Ibanez,PHI,NL,155,561,75,154,37,5,16,83,68,108,4,3,0,0,0,0,0,129,0,0,129,OF
407862,Reed Johnson,LAD,NL,102,202,24,53,11,2,2,15,5,50,2,2,0,0,0,0,0,10,42,7,54,OF
435065,Reggie Willits,LAA,AL,97,159,23,41,7,0,0,8,19,26,2,4,0,0,0,0,0,27,6,10,39,OF
458582,Reid Brignac,TB,AL,113,301,39,77,13,1,8,45,20,77,3,3,0,0,3,0,28,0,0,0,0,SS
446560,Rhyne Hughes,BAL,AL,14,47,3,10,2,0,0,4,4,19,0,0,0,0,0,0,0,0,0,0,0,1B
150449,Rick Ankiel,WAS,NL,74,211,31,49,13,1,6,24,26,71,3,1,0,0,0,0,0,25,66,27,101,OF
430001,Rickie Weeks,MIL,NL,160,651,112,175,32,4,29,83,76,184,11,4,0,0,36,0,0,0,0,0,0,2B
453531,Rob Johnson,SD,NL,61,178,24,34,10,0,2,13,25,46,1,1,80,0,0,0,0,0,0,0,0,C
425477,Robb Quinlan,LAA,AL,23,33,4,4,2,0,0,2,2,6,2,0,0,17,0,9,0,17,0,6,23,1B
435180,Robert Andino,BAL,AL,16,61,6,18,4,0,2,6,3,13,1,1,0,0,8,2,62,1,1,0,2,SS
429664,Robinson Cano,NYY,AL,160,626,103,200,41,3,29,109,57,77,3,2,0,0,161,0,0,0,0,0,0,2B
408306,Rocco Baldelli,TB,AL,10,24,3,5,1,0,1,5,1,5,1,0,0,0,0,1,0,2,8,35,45,OF
150148,Rod Barajas,LAD,NL,99,313,39,75,14,0,17,47,13,54,0,0,120,0,0,0,0,0,0,0,0,C
465668,Roger Bernadina,WAS,NL,134,414,52,102,18,3,11,47,35,93,16,2,0,0,0,0,0,1,1,1,3,OF
150071,Ronnie Belliard,LAD,NL,82,162,24,35,10,1,2,19,18,35,2,2,0,15,60,12,0,0,0,0,0,2B
430592,Ronny Cedeno,PIT,NL,139,468,42,120,29,3,8,38,23,106,12,3,0,0,13,2,82,7,0,0,7,SS
425661,Ronny Paulino,NYM,NL,91,316,31,82,18,0,4,37,25,51,1,0,77,0,0,0,0,0,0,0,0,C
340393,Ross Gload,PHI,NL,94,128,16,36,8,0,6,22,8,15,1,0,0,41,0,0,0,1,0,10,10,1B
514913,Ruben Tejada,NYM,NL,78,216,28,46,12,0,1,15,22,38,2,2,0,0,0,0,0,0,0,0,0,SS
452199,Russ Mitchell,LAD,NL,15,42,3,6,0,0,2,4,0,8,0,0,0,0,0,0,0,0,0,0,0,1B
137140,Russell Branyan,SEA,AL,109,376,47,89,19,0,25,57,46,131,1,0,0,116,0,0,0,0,0,0,0,1B
431145,Russell Martin,NYY,AL,97,331,45,82,13,0,5,26,48,61,6,2,137,0,0,1,0,0,0,0,0,C
489277,Rusty Ryal,ARI,NL,104,207,19,54,7,1,3,11,8,67,0,3,0,10,13,0,0,0,0,0,0,2B
460075,Ryan Braun,MIL,NL,157,619,101,188,45,1,25,103,56,105,14,3,0,0,0,0,0,158,0,0,158,OF
452150,Ryan Budde,TOR,AL,6,10,2,4,1,0,1,3,1,5,0,0,2,0,0,0,0,0,0,0,0,C
425508,Ryan Church,ARI,NL,106,219,25,44,16,1,5,25,16,65,1,0,0,0,0,0,0,0,23,86,105,OF
425491,Ryan Doumit,PIT,NL,124,406,42,102,22,1,13,45,41,87,1,0,71,0,0,0,0,0,0,1,1,C
434939,Ryan Garko,TEX,AL,15,33,0,3,0,0,0,3,3,4,0,0,0,84,0,0,0,7,0,5,12,1B
452672,Ryan Hanigan,CIN,NL,70,203,25,61,11,0,5,40,33,21,0,0,88,0,0,0,0,0,0,0,0,C
429667,Ryan Howard,PHI,NL,143,550,87,152,23,5,31,108,59,157,1,1,0,156,0,0,0,0,0,0,0,1B
501888,Ryan Kalish,BOS,AL,53,163,26,41,11,1,4,24,12,38,10,1,0,0,0,0,0,0,0,0,0,OF
407798,Ryan Langerhans,SEA,AL,60,107,16,21,2,1,3,4,24,51,4,1,0,0,0,0,0,30,4,5,36,OF
407886,Ryan Ludwick,SD,NL,136,490,63,123,27,2,17,69,48,121,0,4,0,0,0,0,0,1,1,133,134,OF
430605,Ryan Raburn,DET,AL,113,371,54,104,25,1,15,62,27,92,2,2,0,10,0,6,0,70,7,14,87,OF
440251,Ryan Roberts,ARI,NL,36,66,8,13,4,0,2,9,3,17,0,0,0,0,57,19,0,16,0,0,16,2B
489262,Ryan Rohlinger,SF,NL,12,15,1,3,0,0,0,1,2,5,0,0,0,0,1,8,3,0,0,0,0,3B
434626,Ryan Shealy,BOS,AL,5,7,0,0,0,0,0,0,0,2,0,0,0,0,0,0,0,0,0,0,0,1B
448676,Ryan Spilborghs,COL,NL,134,341,41,95,20,2,10,39,39,83,4,5,0,0,0,0,0,65,16,37,106,OF
435220,Ryan Sweeney,OAK,AL,82,303,41,89,20,2,1,36,24,41,1,1,0,0,0,0,0,7,57,85,132,OF
444135,Ryan Theriot,STL,NL,150,586,72,158,15,2,2,29,41,74,20,9,0,0,0,0,151,0,0,0,0,SS
475582,Ryan Zimmerman,WAS,NL,142,525,85,161,32,0,25,85,69,98,4,1,0,0,0,154,0,0,0,0,0,3B
453539,Sam Fuld,CHC,NL,19,28,3,4,1,0,0,3,3,5,0,0,0,0,0,0,0,29,26,2,53,OF
502161,Scott Cousins,FLA,NL,27,37,2,11,2,2,0,2,1,13,0,0,0,0,0,0,0,0,0,0,0,OF
430668,Scott Hairston,SD,NL,104,295,34,62,10,0,10,36,31,69,6,1,0,0,0,0,0,60,51,0,107,OF
445599,Scott Moore,CHC,NL,41,86,8,18,2,0,3,10,8,19,3,0,0,0,0,0,0,0,0,0,0,3B
325392,Scott Podsednik,LAD,NL,134,539,63,160,14,7,6,51,40,83,35,15,0,0,0,0,0,78,50,3,116,OF
121409,Scott Rolen,CIN,NL,133,471,66,134,34,3,20,83,50,82,1,2,0,0,0,127,0,0,0,0,0,3B
502003,Scott Sizemore,DET,AL,48,143,19,32,7,0,3,14,15,40,0,0,0,0,0,0,0,0,0,0,0,2B
446481,Sean Rodriguez,TB,AL,118,343,53,86,19,2,9,40,21,97,13,3,0,0,5,0,0,3,2,2,7,2B
452234,Seth Smith,COL,NL,133,358,55,88,19,5,17,52,35,67,2,1,0,0,0,0,0,86,0,0,86,OF
425664,Shane Victorino,PHI,NL,147,587,84,152,26,10,18,69,53,79,34,6,0,0,0,0,0,0,150,0,150,OF
455167,Shelley Duncan,CLE,AL,85,229,29,53,10,0,11,36,26,76,1,0,0,0,0,0,0,0,0,8,8,OF
425783,Shin-Soo Choo,CLE,AL,144,550,81,165,31,2,22,90,83,118,22,7,0,0,0,0,0,20,1,124,143,OF
435401,Skip Schumaker,STL,NL,137,476,66,126,18,1,5,42,43,64,5,3,0,0,133,0,0,39,6,11,54,2B
516770,Starlin Castro,CHC,NL,125,463,53,139,31,5,3,41,29,71,10,8,0,0,0,0,0,0,0,0,0,SS
452220,Stephen Drew,ARI,NL,151,565,83,157,33,12,15,61,62,108,10,5,0,0,0,0,132,0,0,0,0,SS
456665,Steve Pearce,PIT,NL,15,29,4,8,2,1,0,5,7,6,0,0,0,42,0,0,0,0,0,1,1,1B
476270,Steve Tolleson,OAK,AL,25,49,5,14,3,0,1,4,4,9,0,0,0,0,0,0,0,0,0,0,0,2B
518799,Steven Hill,STL,NL,1,3,1,1,0,0,1,1,0,1,0,0,0,0,0,0,0,0,0,0,0,C
460003,Taylor Teagarden,TEX,AL,28,71,10,11,1,0,4,6,8,34,0,0,60,0,0,0,0,0,0,0,0,C
458000,Terry Evans,LAA,AL,1,1,0,0,0,0,0,0,0,1,0,0,0,0,0,0,0,2,1,7,8,OF
115732,Todd Helton,COL,NL,118,398,48,102,18,1,8,37,67,90,0,0,0,149,0,0,0,0,0,0,0,1B
446373,Tommy Manzella,HOU,NL,83,258,17,58,7,0,1,21,13,71,0,1,0,0,0,0,2,0,0,0,0,SS
473234,Tony Abreu,ARI,NL,81,193,16,45,11,1,1,13,4,47,2,1,0,0,1,1,0,0,0,0,0,2B
448242,Tony Gwynn,LAD,NL,117,289,30,59,9,3,3,20,41,50,17,4,0,0,0,0,0,0,102,11,110,OF
116338,Torii Hunter,LAA,AL,152,573,76,161,36,0,23,90,61,106,9,12,0,0,0,0,0,0,115,0,115,OF
459941,Travis Buck,CLE,AL,14,42,6,7,2,0,1,2,4,14,1,0,0,0,0,0,0,5,0,28,32,OF
400098,Travis Hafner,CLE,AL,118,396,46,110,29,0,13,50,51,94,2,1,0,0,0,0,0,0,0,0,0,
448170,Travis Ishikawa,SF,NL,116,158,18,42,11,0,3,22,13,29,0,0,0,113,0,0,0,0,0,0,0,1B
501983,Travis Snider,TOR,AL,82,298,36,76,20,0,14,32,21,79,6,3,0,0,0,0,0,56,0,21,75,OF
469721,Trent Oeltjen,LAD,NL,14,23,5,5,1,1,0,1,4,8,0,0,0,0,0,0,0,11,5,3,18,OF
460067,Trevor Crowe,CLE,AL,122,442,48,111,24,3,2,36,29,73,20,7,0,0,0,0,0,32,30,5,65,OF
461858,Trevor Plouffe,MIN,AL,22,41,7,6,1,0,2,6,0,14,0,0,0,0,0,0,0,0,0,0,0,SS
136267,Troy Glaus,ATL,NL,128,412,52,99,18,0,16,71,63,100,0,0,0,2,0,8,0,0,0,0,0,3B
453064,Troy Tulowitzki,COL,NL,122,470,89,148,32,3,27,95,48,78,11,2,0,0,0,0,151,0,0,0,0,SS
421064,Ty Wigginton,COL,NL,154,581,63,144,29,1,22,76,50,116,0,1,0,40,8,39,9,2,0,0,2,1B
502125,Tyler Colvin,CHC,NL,135,358,60,91,18,5,20,56,30,100,6,1,0,0,0,0,0,0,6,0,6,OF
452095,Tyler Flowers,CWS,AL,8,11,2,1,0,0,0,0,4,5,0,0,6,0,0,0,0,0,0,0,0,C
460022,Tyler Greene,STL,NL,44,104,14,23,3,1,2,10,13,24,2,0,0,1,7,11,30,0,1,0,1,SS
150484,Vernon Wells,TOR,AL,157,590,79,161,44,3,31,88,50,84,6,4,0,0,0,0,0,0,155,0,155,OF
400121,Victor Martinez,DET,AL,127,493,64,149,32,1,20,79,40,52,1,0,85,70,0,0,0,0,0,0,0,C
115223,Vladimir Guerrero,TEX,AL,152,593,83,178,27,1,29,115,35,60,4,5,0,0,0,0,0,0,0,2,2,
456078,Welington Castillo,CHC,NL,7,20,3,6,4,0,1,5,1,7,0,0,0,0,0,0,0,0,0,0,0,C
136500,Wes Helms,FLA,NL,127,254,25,56,12,4,4,39,26,76,0,2,0,4,0,70,0,0,0,0,0,3B
408242,Wil Nieves,MIL,NL,59,158,10,32,8,0,3,16,8,29,0,0,71,0,0,0,0,0,0,0,0,C
489242,Will Rhymes,DET,AL,54,191,30,58,12,3,1,19,14,16,0,3,0,0,0,0,0,0,0,0,0,2B
461416,Will Venable,SD,NL,131,392,60,96,11,7,13,51,45,128,29,7,0,0,0,0,0,6,16,68,81,OF
217100,Willie Bloomquist,CIN,NL,83,187,31,50,10,1,3,17,9,28,8,5,0,3,14,3,38,9,22,61,84,OF
407483,Willie Harris,WAS,NL,132,224,25,41,6,2,10,32,33,60,5,2,0,0,19,4,0,45,63,1,98,OF
430632,Willy Aybar,TB,AL,100,270,22,62,13,0,6,43,30,61,0,0,0,31,28,18,0,0,0,0,0,1B
430838,Willy Taveras,TEX,AL,27,35,7,7,0,1,0,4,2,6,1,2,0,0,0,0,0,0,98,0,98,OF
400140,Wilson Betemit,KC,AL,84,276,36,82,20,0,13,43,36,74,0,0,0,7,0,6,0,0,0,0,0,1B
467092,Wilson Ramos,WAS,NL,22,79,5,22,7,0,1,5,2,12,0,0,0,0,0,0,0,0,0,0,0,C
407832,Wilson Valdez,PHI,NL,111,333,37,86,16,3,4,35,21,43,7,0,0,0,1,1,32,2,0,0,2,SS
294558,Xavier Nady,ARI,NL,119,317,33,81,13,0,6,33,17,85,0,0,0,0,0,0,0,0,0,6,6,OF
449082,Xavier Paul,LAD,NL,44,121,16,28,8,1,0,11,8,24,3,1,0,0,0,0,0,0,1,3,4,OF
425877,Yadier Molina,STL,NL,136,465,34,122,19,0,6,62,42,51,8,4,138,6,0,0,0,0,0,0,0,C
501605,Yamaico Navarro,BOS,AL,20,42,4,6,0,0,0,5,2,17,0,0,0,0,0,0,0,0,0,0,0,SS
475174,Yonder Alonso,CIN,NL,22,29,2,6,2,0,0,3,0,10,0,0,0,0,0,0,0,0,0,0,0,1B
150275,Yorvit Torrealba,TEX,AL,95,325,31,88,14,0,7,37,33,67,7,5,64,0,0,0,0,0,0,0,0,C
488862,Yunel Escobar,TOR,AL,135,497,60,127,19,0,4,35,56,57,6,2,0,0,0,0,139,0,0,0,0,SS
435358,Yuniesky Betancourt,MIL,NL,151,556,60,144,29,2,16,78,23,64,2,3,0,0,0,0,133,0,0,0,0,SS
