mlbamID,playerName,DoB,defaultPos,team,league,PROJ,G,AB,R,H,2B,3B,HR,RBI,BB,SO,SB,CS,HBP,SF,G_C,G_1B,G_2B,G_3B,G_SS,G_LF,G_CF,G_RF,G_OF
110029,Bobby Abreu,3/11/1974,OF,LAA,AL,16,144,540,84,144,32,2,16,70,81,116,22,8,2,5,0,0,0,0,0,41,0,93,134
473234,Tony Abreu,11/13/1984,3B,ARI,NL,13,86,251,28,66,15,2,4,26,13,52,3,2,2,4,0,0,12,20,15,0,0,0,0
554429,Dustin Ackley,2/26/1988,2B,SEA,AL,11,138,423,56,106,25,4,5,42,57,77,7,3,6,4,0,0,0,0,0,0,0,0,0
425859,Russ Adams,8/30/1980,SS,NYN,NL,7,82,263,33,63,13,1,7,30,23,51,3,1,3,3,0,0,0,0,0,0,0,0,0
450315,Brandon Allen,2/12/1986,OF,ARI,NL,15,103,351,47,86,18,2,15,52,45,91,5,3,4,2,0,4,0,0,0,14,0,0,14
475174,Yonder Alonso,4/8/1987,1B,CIN,NL,13,88,245,29,63,16,1,7,31,24,50,4,1,1,2,0,6,0,0,0,0,0,0,0
476883,Pedro Alvarez,2/6/1987,3B,PIT,NL,16,134,497,66,127,29,2,24,81,55,147,2,2,2,4,0,0,0,94,0,0,0,0,0
457762,Bryan Anderson,12/16/1986,C,STL,NL,11,63,187,20,47,9,1,4,20,15,40,1,0,3,3,8,0,0,0,0,0,0,0,0
502249,Lars Anderson,9/25/1987,1B,BOS,AL,13,75,222,27,54,15,1,5,25,27,59,1,1,3,3,0,18,0,0,0,0,0,0,0
435180,Robert Andino,4/25/1984,2B,BAL,AL,11,85,267,31,65,12,1,6,28,17,60,6,3,2,3,0,0,8,6,7,0,0,0,0
462101,Elvis Andrus,8/26/1988,SS,TEX,AL,16,147,553,80,148,18,5,4,40,53,89,34,11,5,3,0,0,0,0,148,0,0,0,0
150449,Rick Ankiel,7/19/1979,,,,15,112,339,44,82,19,2,14,49,30,96,3,2,3,3,0,0,0,0,0,0,25,0,25
450317,J.P. Arencibia,1/5/1986,C,TOR,AL,13,104,385,47,91,22,1,19,63,25,94,0,0,3,3,8,0,0,0,0,0,0,0,0
435078,Joaquin Arias,9/21/1984,2B,KCA,AL,11,72,229,30,60,9,2,2,18,11,33,6,2,2,2,0,0,13,0,2,1,0,0,1
425548,Garrett Atkins,12/12/1979,1B,BAL,AL,11,84,273,31,69,13,1,7,31,25,48,1,0,2,3,0,30,0,0,0,0,0,0,0
430956,Michael Aubrey,4/15/1982,1B,BAL,AL,7,82,226,27,59,13,1,8,31,16,32,1,1,3,3,0,0,0,0,0,0,0,0,0
488671,Alex Avila,1/29/1987,C,DET,AL,16,90,312,36,78,15,0,9,38,38,73,2,1,2,2,98,0,0,0,0,0,0,0,0
449107,Mike Aviles,3/13/1981,2B,KCA,AL,16,110,435,58,122,21,4,9,47,21,59,10,3,2,3,0,0,87,5,13,0,0,0,0
430947,Erick Aybar,1/14/1984,SS,LAA,AL,15,138,517,69,142,22,5,6,46,31,68,17,7,6,3,0,0,0,0,135,0,0,0,0
431158,Jeff Bailey,11/19/1978,1B-OF,ARI,NL,7,87,234,34,57,12,2,7,29,27,54,2,1,7,2,0,0,0,0,0,0,0,0,0
425557,Jeff Baker,6/21/1981,2B-3B,CHN,NL,15,82,265,35,71,17,2,7,34,23,66,2,0,2,3,0,4,26,33,0,0,0,4,4
434633,John Baker,1/20/1981,C,FLO,NL,12,61,227,30,59,14,1,5,25,26,53,0,0,4,2,21,0,0,0,0,0,0,0,0
150148,Rod Barajas,9/5/1975,C,LAN,NL,16,101,350,39,82,17,0,15,50,18,66,0,0,5,4,23,0,0,0,0,0,0,0,0
408036,Josh Bard,3/30/1978,C,SEA,AL,13,59,198,18,45,11,0,4,20,19,42,0,0,1,2,39,0,0,0,0,0,0,0,0
449471,Brian Barden,4/2/1981,3B,FLO,NL,9,77,189,22,47,8,1,4,19,14,43,1,2,3,2,0,0,2,16,7,0,0,0,0
429662,Josh Barfield,12/17/1982,2B,PHI,NL,7,75,208,23,52,10,1,3,19,9,39,4,2,2,2,0,0,0,0,0,0,0,0,0
425549,Clint Barmes,3/6/1979,SS-2B,HOU,NL,15,134,459,53,113,24,2,13,57,30,87,8,5,7,4,0,0,88,1,47,0,0,0,0
446381,Darwin Barney,11/8/1985,SS,CHN,NL,11,85,273,32,72,13,2,2,22,18,40,4,1,2,3,0,0,10,6,11,0,0,0,0
430583,Jason Bartlett,10/30/1979,SS,SDN,NL,16,138,505,71,137,26,4,6,48,47,88,20,7,6,3,0,0,0,0,131,0,0,0,0
435558,Daric Barton,8/16/1985,1B,OAK,AL,16,145,509,74,134,30,4,11,59,85,91,5,2,5,5,0,157,0,0,0,0,0,0,0
488686,Aaron Bates,3/10/1984,1B,BOS,AL,6,100,304,35,74,16,1,6,32,28,80,1,1,7,3,0,0,0,0,0,0,0,0,0
430832,Jose Bautista,10/19/1980,3B-OF,TOR,AL,16,137,501,84,127,26,2,33,98,74,111,6,2,6,4,0,4,0,48,0,0,1,113,113
488689,Mike Baxter,12/7/1984,,,,8,73,226,30,59,14,3,5,27,25,52,5,3,4,3,0,1,0,0,0,0,0,0,0
424726,Jason Bay,9/20/1978,OF,NYN,NL,16,133,476,74,125,24,4,21,73,67,125,10,2,6,4,0,0,0,0,0,93,0,0,93
493596,Gordon Beckham,9/16/1986,2B,CHA,AL,16,140,507,71,135,33,2,15,68,47,91,7,5,7,4,0,0,126,0,0,0,0,0,0
458679,Josh Bell,11/13/1986,3B,BAL,AL,12,84,277,31,67,13,1,8,33,17,70,1,2,1,2,0,0,0,50,0,0,0,0,0
150071,Ronnie Belliard,4/7/1975,2B,NYA,AL,11,85,220,30,56,12,1,6,27,21,45,2,1,2,2,0,10,20,16,0,0,0,0,0
474832,Brandon Belt,4/20/1988,1B,SFN,NL,9,137,352,52,95,25,6,12,53,53,86,7,5,4,5,0,0,0,0,0,0,0,0,0
136860,Carlos Beltran,4/24/1977,OF,NYN,NL,16,107,402,60,111,23,3,15,58,55,65,11,2,2,4,0,0,0,0,0,0,61,0,61
134181,Adrian Beltre,4/7/1979,3B,TEX,AL,16,142,550,75,158,35,1,23,86,37,84,7,2,6,4,0,0,0,154,0,0,0,0,0
204020,Lance Berkman,2/10/1976,1B,STL,NL,16,131,452,69,121,27,1,19,71,84,96,6,3,3,3,0,8,0,0,0,0,0,0,0
465668,Roger Bernadina,6/12/1984,OF,WAS,NL,15,92,340,43,86,15,3,8,38,31,75,17,5,3,4,0,0,0,0,0,44,26,77,130
448674,Doug Bernier,6/24/1980,,,,6,70,222,26,48,10,1,3,19,25,60,3,1,4,2,0,0,0,0,0,0,0,0,0
435358,Yuniesky Betancourt,1/31/1982,SS,MIL,NL,16,147,528,57,138,28,4,11,59,22,55,3,3,1,5,0,0,0,0,151,0,0,0,0
400140,Wilson Betemit,11/2/1981,3B,KCA,AL,15,118,379,46,98,24,1,14,55,39,102,1,1,2,3,0,5,2,53,0,2,0,0,2
444448,Brian Bixler,10/22/1982,SS-3B,CLE,AL,9,95,245,30,57,11,2,4,22,18,73,7,3,6,2,0,0,0,0,0,0,0,0,0
232694,Casey Blake,8/23/1973,3B,LAN,NL,16,133,467,59,119,24,2,16,61,48,117,2,2,7,5,0,1,0,139,0,0,0,0,0
433217,Andres Blanco,4/11/1984,2B,TEX,AL,13,71,233,26,62,12,1,2,20,16,32,3,2,4,3,0,0,40,9,16,0,0,0,0
453923,Gregor Blanco,12/24/1983,OF,ATL,NL,12,107,339,44,85,12,4,2,25,45,72,12,5,2,3,0,0,0,0,0,1,40,3,44
111072,Henry Blanco,8/29/1971,C,ARI,NL,12,49,184,19,43,8,0,4,19,17,41,1,0,1,2,46,0,0,0,0,0,0,0,0
452035,Kyle Blanks,9/11/1986,OF,SDN,NL,15,89,278,38,66,14,2,12,41,35,88,2,1,9,2,0,4,0,0,0,30,0,0,30
217100,Willie Bloomquist,11/27/1977,OF,ARI,NL,12,91,256,34,67,9,3,3,21,19,46,13,5,1,2,0,0,2,0,0,3,0,5,8
150398,Geoff Blum,4/26/1973,SS,ARI,NL,14,89,261,28,65,12,1,6,28,21,45,1,0,3,3,0,14,8,14,18,0,0,0,0
501814,Brian Bocock,3/9/1985,SS,PHI,NL,9,69,236,25,50,9,1,2,17,24,64,6,4,1,3,0,0,0,0,6,0,0,0,0
453269,Brennan Boesch,4/12/1985,OF,DET,AL,14,130,412,47,104,21,3,13,54,32,98,6,2,4,4,0,0,0,0,0,44,0,79,118
460267,Brandon Boggs,1/9/1983,OF,MIL,NL,9,66,240,30,54,12,2,6,27,35,75,3,2,2,3,0,0,0,0,0,1,0,3,4
460131,Brian Bogusevic,2/18/1984,OF,HOU,NL,10,72,207,27,50,10,1,4,21,21,53,6,2,2,1,0,0,0,0,0,7,3,2,11
466988,Emilio Bonifacio,4/23/1985,OF,FLO,NL,15,96,315,43,81,11,4,1,22,27,69,15,5,1,4,0,0,5,6,9,7,17,6,29
474865,Julio Borbon,2/20/1986,OF,TEX,AL,16,128,468,65,132,16,4,5,40,30,67,26,9,4,2,0,0,0,0,0,1,133,0,133
430652,Jason Bourgeois,1/4/1982,OF,HOU,NL,12,97,254,32,67,11,2,3,22,19,38,15,5,3,2,0,0,2,0,0,25,24,1,48
488721,Peter Bourjos,3/31/1987,OF,LAA,AL,15,119,443,56,108,16,8,11,49,23,90,24,7,5,4,0,0,0,0,0,0,51,0,51
456422,Michael Bourn,12/27/1982,OF,HOU,NL,16,146,538,78,142,22,7,3,43,54,116,49,11,3,2,0,0,0,0,0,0,138,0,138
435624,John Bowker,7/8/1983,OF,SFN,NL,13,89,260,33,67,13,2,9,36,24,56,2,2,3,3,0,0,0,0,0,16,0,8,24
150396,Milton Bradley,4/15/1978,OF,SEA,AL,16,100,325,47,83,16,1,11,43,49,87,5,3,7,3,0,0,0,0,0,39,0,1,40
488726,Michael Brantley,5/15/1987,OF,CLE,AL,16,117,465,62,126,18,3,5,39,43,57,22,6,2,3,0,0,0,0,0,7,65,0,72
137140,Russell Branyan,12/19/1975,1B,ARI,NL,14,107,357,49,85,18,0,24,68,48,125,2,0,4,3,0,47,0,0,0,0,0,0,0
460075,Ryan Braun,11/17/1983,OF,MIL,NL,16,155,609,99,184,40,4,30,108,52,113,16,5,8,4,0,0,0,0,0,153,0,0,153
458582,Reid Brignac,1/16/1986,SS-2B,TBA,AL,15,125,441,52,113,22,2,10,50,28,93,6,4,3,3,0,0,68,0,51,0,0,2,2
502126,Domonic Brown,9/3/1987,OF,PHI,NL,15,129,393,54,104,20,3,14,54,37,93,14,6,3,5,0,0,0,0,0,0,0,15,15
451259,Dusty Brown,6/19/1982,OF,PIT,NL,8,64,178,19,43,10,0,4,19,17,45,1,0,2,2,7,0,0,0,0,0,0,0,0
488740,Jordan Brown,12/18/1983,1B,CLE,AL,9,98,282,31,74,19,1,5,32,19,46,2,1,3,3,0,10,0,0,0,7,0,0,7
457803,Jay Bruce,4/3/1987,OF,CIN,NL,16,147,510,77,136,24,4,28,89,55,124,7,4,3,4,0,0,0,0,0,0,0,146,146
407833,John Buck,7/7/1980,C,FLO,NL,15,110,390,45,97,22,1,15,57,26,109,1,1,5,4,112,0,0,0,0,0,0,0,0
459941,Travis Buck,11/18/1983,OF,OAK,AL,12,59,192,24,46,10,1,5,22,18,44,2,1,4,3,0,0,0,0,0,10,0,3,13
452150,Ryan Budde,8/15/1979,C,LAA,AL,7,57,205,21,44,9,1,4,20,18,62,1,1,2,2,6,0,0,0,0,0,0,0,0
150100,Pat Burrell,10/10/1976,OF,SFN,NL,16,121,397,52,95,20,1,18,61,62,114,1,1,2,5,0,0,0,0,0,0,0,0,0
502034,Emmanuel Burriss,1/17/1985,2B,SFN,NL,11,67,226,27,59,8,1,1,15,16,29,10,4,4,2,0,0,5,0,0,0,0,0,0
460077,Drew Butera,8/9/1983,C,MIN,AL,12,56,199,19,44,10,1,3,18,12,37,0,0,3,3,47,0,0,0,0,0,0,0,0
456714,Billy Butler,4/18/1986,1B,KCA,AL,16,154,579,77,175,43,1,18,84,60,83,1,0,3,5,0,127,0,0,0,0,0,0,0
407781,Marlon Byrd,8/30/1977,OF,CHN,NL,16,141,531,72,150,35,3,14,68,35,93,6,3,11,4,0,0,0,0,0,0,151,0,151
452678,Asdrubal Cabrera,11/13/1985,SS,CLE,AL,16,135,519,71,146,32,2,7,53,44,87,12,5,5,4,0,0,0,0,95,0,0,0,0
465784,Everth Cabrera,11/17/1986,SS,SDN,NL,15,101,287,36,69,13,4,2,23,32,74,18,8,4,1,0,0,6,0,61,0,0,0,0
466320,Melky Cabrera,8/11/1984,OF,KCA,AL,15,131,423,49,113,24,2,7,44,37,57,8,2,3,4,0,0,0,0,0,84,55,25,136
408234,Miguel Cabrera,4/18/1983,1B,DET,AL,16,154,576,98,181,38,1,36,116,75,105,4,2,4,5,0,148,0,0,0,0,0,0,0
111851,Orlando Cabrera,11/2/1974,SS,CLE,AL,14,137,523,67,141,29,1,6,48,33,60,11,4,2,7,0,0,0,0,121,0,0,0,0
456715,Lorenzo Cain,4/13/1986,OF,KCA,AL,15,101,411,52,110,20,4,4,37,35,84,17,4,4,2,0,0,0,0,0,1,38,1,39
111867,Miguel Cairo,5/4/1974,3B,CIN,NL,13,70,212,27,55,11,1,3,20,15,33,4,1,4,2,0,14,6,38,1,0,0,1,1
430948,Alberto Callaspo,4/19/1983,3B,LAA,AL,16,127,480,59,135,27,4,8,52,35,41,3,2,1,5,0,0,11,76,0,0,0,0,0
111904,Mike Cameron,1/8/1973,OF,BOS,AL,16,92,321,45,79,19,1,13,47,39,95,5,2,4,3,0,0,0,0,0,0,46,0,46
429664,Robinson Cano,10/22/1982,2B,NYA,AL,16,157,610,90,186,41,3,24,97,38,70,4,4,5,4,0,0,158,0,0,0,0,0,0
408305,Jorge Cantu,1/30/1982,1B-3B,SDN,NL,15,124,407,49,109,28,1,12,55,31,74,2,1,6,5,0,23,1,8,0,0,0,0,0
502133,Adrian Cardenas,10/10/1987,SS,OAK,AL,6,130,340,44,87,18,2,3,28,31,55,5,4,3,6,0,0,0,0,0,0,0,0,0
450192,Luke Carlin,12/20/1980,C,CLE,AL,8,66,197,25,45,8,1,4,20,26,55,2,1,2,2,6,0,0,0,0,0,0,0,0
455077,Mike Carp,6/30/1986,1B,SEA,AL,11,79,243,30,60,12,1,8,31,27,56,1,1,6,4,0,9,0,0,0,1,0,0,1
448276,Brett Carroll,10/3/1982,OF,FLO,NL,9,84,203,27,46,10,2,6,24,16,56,2,1,7,2,0,0,0,0,0,7,0,20,25
425206,Jamey Carroll,2/18/1974,SS-2B,LAN,NL,13,100,328,44,87,12,2,1,23,39,63,7,3,4,3,0,0,48,11,69,5,0,0,5
454998,Matt Carson,7/1/1981,OF,OAK,AL,11,78,231,29,55,10,1,9,32,15,56,7,2,4,4,0,0,0,0,0,6,3,25,33
452080,Chris Carter,9/16/1982,OF,NYN,NL,11,70,198,24,52,10,1,6,25,16,31,1,1,2,2,0,0,0,0,0,17,0,13,30
474892,Chris Carter,12/18/1986,OF,OAK,AL,15,82,280,39,67,14,1,13,44,33,81,2,1,4,4,0,0,0,0,0,22,0,0,22
408211,Kevin Cash,12/6/1977,C,BOS,AL,9,49,153,12,32,6,0,3,14,15,45,0,0,2,2,19,0,0,0,0,0,0,0,0
458210,Alexi Casilla,7/20/1984,SS-2B,MIN,AL,15,106,368,48,96,14,4,4,30,31,48,14,4,3,3,0,0,24,6,30,0,1,0,1
112116,Luis Castillo,9/12/1975,2B,NYN,NL,14,102,325,44,86,8,2,1,20,47,40,12,4,1,3,0,0,74,0,0,0,0,0,0
456078,Welington Castillo,4/24/1987,C,CHN,NL,9,74,230,26,57,14,1,8,31,15,58,1,1,4,2,5,0,0,0,0,0,0,0,0
446868,Wilkin Castillo,6/1/1984,C,ATL,NL,8,78,231,26,57,10,1,5,23,11,41,4,2,3,2,0,0,0,0,0,0,0,0,0
488771,Jason Castro,6/18/1987,C,HOU,NL,15,108,354,42,85,17,1,6,33,40,71,1,1,2,2,67,0,0,0,0,0,0,0,0
112128,Juan Castro,6/20/1972,SS,LAN,NL,9,58,159,16,36,6,0,2,12,11,33,1,1,1,2,0,0,7,11,32,0,0,0,0
135783,Ramon Castro,3/1/1976,C,CHA,AL,15,46,167,21,41,7,0,8,26,16,41,1,0,1,1,34,0,0,0,0,0,0,0,0
516770,Starlin Castro,3/24/1990,SS,CHN,NL,14,145,540,66,157,33,7,4,52,34,76,15,9,5,4,0,0,0,0,123,0,0,0,0
430592,Ronny Cedeno,2/2/1983,SS,PIT,NL,15,127,426,44,105,21,3,9,45,25,92,9,3,3,2,0,0,0,0,136,0,0,0,0
465041,Francisco Cervelli,3/6/1986,C,NYA,AL,15,77,229,26,61,11,1,2,19,24,42,1,2,5,3,90,0,0,2,0,0,0,0,0
346795,Endy Chavez,2/7/1978,OF,TEX,AL,6,47,180,21,49,6,1,2,14,14,22,6,2,1,2,0,0,0,0,0,0,0,0,0
136767,Eric Chavez,12/7/1977,,NYA,AL,11,47,168,19,39,9,0,4,19,15,41,1,0,1,2,0,1,0,0,0,0,0,0,0
455139,Robinson Chirinos,6/5/1984,2B,TBA,AL,6,94,262,34,69,15,2,9,37,29,52,2,3,7,4,0,0,0,0,0,0,0,0,0
425783,Shin-Soo Choo,7/13/1982,OF,CLE,AL,16,144,539,83,157,33,4,20,82,71,123,18,5,12,4,0,0,0,0,0,0,0,142,142
465674,Pedro Ciriaco,9/27/1985,SS,PIT,NL,9,85,285,33,74,12,3,3,24,9,52,11,3,2,4,0,0,0,0,1,0,0,0,0
459334,Brent Clevlen,10/27/1983,OF,ATL,NL,9,65,218,26,52,9,2,6,25,20,68,3,1,2,2,0,0,0,0,0,2,0,0,2
458085,Chris Coghlan,6/18/1985,OF,FLO,NL,16,132,504,80,146,29,5,9,56,51,89,14,5,5,2,0,0,0,0,0,90,0,0,90
502125,Tyler Colvin,9/5/1985,OF,CHN,NL,16,116,391,55,100,19,5,17,60,29,95,6,2,3,4,0,0,0,0,0,55,18,59,111
474233,Hank Conger,1/29/1988,C,LAA,AL,15,89,260,30,67,15,2,5,29,30,51,1,1,2,3,10,0,0,0,0,0,0,0,0
462405,Brooks Conrad,1/16/1980,3B,ATL,NL,15,87,226,31,53,12,1,9,32,22,66,4,1,3,2,0,0,9,37,0,0,0,0,0
133321,Alex Cora,10/18/1975,2B,,,11,74,209,22,51,8,2,1,15,16,23,5,2,5,2,0,0,2,1,0,0,0,0,0
112736,Craig Counsell,8/21/1970,SS-3B,MIL,NL,13,92,263,30,66,12,2,2,22,30,40,2,2,3,2,0,0,3,20,42,0,0,0,0
502161,Scott Cousins,1/22/1985,OF,FLO,NL,11,102,292,36,74,14,4,6,32,22,70,7,3,2,3,0,0,0,0,0,0,8,3,11
501800,Allen Craig,7/18/1984,OF,STL,NL,15,72,260,33,70,14,1,9,36,22,53,1,1,3,3,0,5,1,2,0,5,0,30,34
408307,Carl Crawford,8/5/1981,OF,BOS,AL,16,148,580,96,174,29,9,15,75,44,94,44,11,5,5,0,0,0,0,0,148,0,0,148
424825,Coco Crisp,11/1/1979,OF,OAK,AL,16,106,376,58,100,17,4,8,42,39,60,26,6,1,4,0,0,0,0,0,0,73,0,73
460067,Trevor Crowe,11/17/1983,OF,CLE,AL,15,101,341,40,85,19,3,3,30,28,65,14,5,3,2,0,0,0,0,0,48,68,4,116
458501,Luis Cruz,2/10/1984,SS,MIL,NL,11,82,255,27,65,13,1,4,25,11,32,2,1,4,3,0,0,0,0,5,0,0,0,0
443558,Nelson Cruz,7/1/1980,OF,TEX,AL,16,127,466,73,133,26,2,29,90,48,107,18,5,3,4,0,0,0,0,0,14,0,94,101
150212,Michael Cuddyer,3/27/1979,1B-OF,MIN,AL,16,140,533,77,143,30,5,18,74,50,92,6,2,5,3,0,84,1,14,0,0,2,66,67
488811,Aaron Cunningham,4/24/1986,OF,SDN,NL,14,80,259,32,65,15,2,5,29,21,62,4,3,5,4,0,0,0,0,0,23,2,17,39
453298,Colin Curtis,2/1/1985,OF,NYA,AL,11,78,228,27,54,12,1,5,24,19,46,2,1,4,2,0,0,0,0,0,7,0,17,23
400091,Jack Cust,1/7/1979,,SEA,AL,15,116,412,62,99,17,0,19,61,80,148,2,1,3,4,0,0,0,0,0,13,0,3,16
113028,Johnny Damon,11/5/1973,OF,TBA,AL,16,132,501,77,135,28,4,12,61,62,86,12,3,2,2,0,0,0,0,0,33,4,0,36
452238,Brad Davis,12/29/1982,C,FLO,NL,12,48,183,19,41,11,1,5,22,16,50,2,1,2,3,32,0,0,0,0,0,0,0,0
448801,Chris Davis,3/17/1986,1B,TEX,AL,15,107,319,41,81,20,1,14,49,28,106,2,1,3,3,0,41,0,1,0,0,0,0,0
477195,Ike Davis,3/22/1987,1B,NYN,NL,16,133,492,68,129,31,1,19,72,64,123,3,1,1,4,0,146,0,0,0,0,0,0,0
434658,Rajai Davis,10/19/1980,OF,TOR,AL,16,136,467,65,131,25,4,5,45,29,76,43,12,6,4,0,0,0,0,0,47,83,27,140
457477,Alejandro De Aza,4/11/1984,OF,CHA,AL,10,60,186,27,49,10,1,4,20,16,40,6,2,3,2,0,0,0,0,0,0,9,5,12
430203,David DeJesus,12/20/1979,OF,OAK,AL,16,130,508,70,144,26,6,10,57,47,74,6,5,7,3,0,0,0,0,0,2,19,70,88
456121,Chris Denorfia,7/15/1980,OF,SDN,NL,13,87,275,36,72,14,2,6,31,23,49,7,3,2,3,0,0,0,0,0,44,50,18,92
136660,Mark DeRosa,2/26/1975,OF,SFN,NL,15,104,351,49,90,17,1,12,46,37,76,2,2,5,3,0,0,7,0,0,21,0,0,21
518614,Daniel Descalso,10/19/1986,3B,STL,NL,11,79,254,34,66,14,2,4,26,21,37,4,2,4,3,0,0,0,9,1,0,0,0,0
435622,Ian Desmond,9/20/1985,SS,WAS,NL,16,133,499,62,132,27,4,12,58,34,102,17,6,5,4,0,0,0,0,149,0,0,1,1
455088,Blake DeWitt,8/20/1985,2B,CHN,NL,16,132,442,52,115,23,4,8,47,45,77,3,2,4,4,0,0,48,1,0,0,0,0,0
469810,Argenis Diaz,2/12/1987,SS,PIT,NL,9,81,242,24,57,9,1,1,16,16,57,3,2,2,2,0,0,0,0,15,0,0,0,0
429841,Matt Diaz,3/3/1978,OF,PIT,NL,15,102,300,37,83,16,2,8,38,21,64,6,3,7,2,0,0,0,0,0,63,0,0,63
447736,Chris Dickerson,4/10/1982,OF,MIL,NL,15,71,228,31,58,11,3,5,25,30,67,11,4,2,2,0,0,0,0,0,0,14,3,17
459438,Brent Dlugach,3/3/1983,SS,DET,AL,7,92,287,31,67,14,2,5,28,18,89,3,1,3,2,0,0,0,0,0,0,0,0,0
425785,Greg Dobbs,7/2/1978,3B,FLO,NL,12,81,185,21,45,9,1,6,23,13,40,2,1,1,2,0,2,0,36,0,0,0,1,1
518625,Matt Dominguez,8/28/1989,3B,FLO,NL,9,132,415,48,98,22,1,10,47,34,82,0,1,6,5,0,0,0,0,0,0,0,0,0
453228,Jason Donald,9/4/1984,SS-2B,CLE,AL,15,97,362,46,92,21,3,6,38,31,88,8,2,6,1,0,0,41,0,47,0,0,0,0
518626,Josh Donaldson,12/8/1985,,,,10,49,179,21,40,9,0,6,21,19,47,1,1,2,3,7,2,0,0,0,0,0,0,0
425491,Ryan Doumit,4/3/1981,C,PIT,NL,15,111,376,45,99,23,1,12,51,32,74,2,1,5,3,100,3,0,0,0,0,0,18,18
453303,Matt Downs,3/19/1984,,,,9,76,233,28,56,13,1,5,26,19,43,4,2,5,3,0,0,19,0,0,0,0,0,0
136770,J.D. Drew,11/20/1975,OF,BOS,AL,15,126,438,68,115,24,3,20,70,69,99,3,2,3,3,0,0,0,0,0,0,0,133,133
452220,Stephen Drew,3/16/1983,SS,ARI,NL,15,149,561,80,154,33,11,16,76,53,100,8,3,2,4,0,0,0,0,147,0,0,0,0
446263,Lucas Duda,2/3/1986,OF,NYN,NL,11,88,263,33,63,17,1,9,35,30,66,1,1,4,3,0,0,0,0,0,24,0,0,24
455167,Shelley Duncan,9/29/1979,OF,CLE,AL,14,91,275,35,66,14,0,12,41,32,78,1,0,3,2,0,4,0,0,0,41,0,8,48
276055,Adam Dunn,11/9/1979,1B,CHA,AL,16,153,530,85,134,28,1,39,111,97,174,1,1,6,3,0,153,0,0,0,0,0,0,0
470516,Luis Durango,4/23/1986,OF,SDN,NL,11,99,261,35,68,5,1,1,15,31,46,16,7,2,2,0,0,0,0,0,0,10,0,10
502481,Jarrod Dyson,8/15/1984,OF,KCA,AL,11,80,243,32,58,12,3,2,20,22,58,19,6,2,2,0,0,0,0,0,0,15,0,15
434660,Brad Eldred,7/12/1980,1B,SFN,NL,7,98,183,23,43,10,0,9,28,13,54,2,1,5,2,0,6,0,0,0,0,0,0,0
454560,A.J. Ellis,4/9/1981,C,LAN,NL,12,57,177,19,44,8,1,1,13,24,34,1,0,2,2,43,0,0,0,0,0,0,0,0
407885,Mark Ellis,6/6/1977,2B,OAK,AL,16,124,439,52,116,23,1,9,47,38,63,8,4,5,4,0,0,116,0,0,0,0,0,0
453056,Jacoby Ellsbury,9/11/1983,OF,BOS,AL,16,124,501,77,143,22,6,6,48,38,61,46,9,5,3,0,0,0,0,0,6,13,0,18
429665,Edwin Encarnacion,1/7/1983,3B,TOR,AL,15,120,433,59,109,22,1,22,71,45,84,2,1,6,4,0,0,0,95,0,0,0,0,0
444876,Alcides Escobar,12/16/1986,SS,KCA,AL,15,144,520,65,139,19,8,5,44,34,74,19,7,5,4,0,0,0,0,138,2,1,2,5
488862,Yunel Escobar,11/2/1982,SS,TOR,AL,16,142,521,73,146,24,1,10,54,56,63,5,3,6,2,0,0,0,0,60,0,0,0,0
457787,Danny Espinosa,4/25/1987,2B,WAS,NL,15,123,446,62,106,18,4,16,58,38,114,12,8,6,3,0,0,25,0,2,0,0,0,0
449145,Brian Esposito,2/24/1979,C-1B,HOU,NL,8,47,194,17,42,7,1,3,16,8,43,1,0,3,2,2,0,0,0,0,0,0,0,0
444843,Andre Ethier,4/10/1982,OF,LAN,NL,16,148,547,81,155,37,2,25,91,61,103,4,2,7,5,0,1,0,0,0,0,0,132,132
452783,Nick Evans,1/30/1986,OF,NYN,NL,12,96,257,33,65,17,2,8,35,21,59,1,0,2,3,0,0,0,0,0,8,1,3,10
458000,Terry Evans,1/19/1982,OF,SFN,NL,7,88,258,33,63,13,2,7,30,17,69,8,3,2,3,0,0,0,0,0,0,1,0,1
276361,Adam Everett,2/5/1977,SS,CLE,AL,9,77,221,24,50,12,1,2,18,15,40,3,2,2,3,0,0,0,0,31,0,0,0,0
150268,Pedro Feliz,4/27/1975,3B,,,13,119,352,36,86,15,2,7,35,20,45,1,1,2,4,0,0,0,39,0,0,0,0,0
425902,Prince Fielder,5/9/1984,1B,MIL,NL,16,157,565,96,157,29,1,37,111,100,129,2,2,13,5,0,160,0,0,0,0,0,0,0
435222,Josh Fields,12/14/1982,3B,KCA,AL,12,69,221,28,54,10,1,8,28,22,62,3,2,2,2,0,0,0,12,0,0,0,0,0
408210,Chone Figgins,1/22/1978,2B,SEA,AL,16,147,555,76,150,21,3,3,39,75,105,36,14,2,4,0,0,161,0,0,0,0,0,0
452095,Tyler Flowers,1/24/1986,C,CHA,AL,13,82,226,30,51,13,1,8,31,34,74,1,1,5,2,7,0,0,0,0,0,0,0,0
430917,Mike Fontenot,6/9/1980,2B,SFN,NL,13,111,301,35,79,18,2,5,33,27,59,3,2,3,3,0,0,33,13,4,0,0,0,0
452096,Darren Ford,10/1/1985,OF,SFN,NL,6,86,330,43,73,12,4,4,26,29,93,21,8,3,3,0,0,0,0,0,0,1,0,1
451594,Dexter Fowler,3/22/1986,OF,COL,NL,16,136,479,76,128,27,11,7,52,64,112,21,8,3,2,0,0,0,0,0,0,120,0,120
444844,Jake Fox,7/20/1982,,BAL,AL,13,85,269,35,69,15,1,13,44,18,61,1,1,7,4,11,10,0,1,0,4,0,0,4
450204,Ben Francisco,10/23/1981,OF,PHI,NL,16,99,316,43,83,21,1,11,46,28,66,9,3,5,3,0,0,0,0,0,23,2,20,45
464433,Juan Francisco,6/24/1987,3B,CIN,NL,15,91,250,30,66,16,2,11,40,15,74,1,1,3,2,0,0,0,12,0,0,0,0,0
425796,Jeff Francoeur,1/8/1984,OF,KCA,AL,16,129,492,57,129,25,3,13,59,28,84,5,3,6,7,0,0,0,0,0,0,0,118,118
435623,Kevin Frandsen,5/24/1982,3B,ARI,NL,11,70,193,23,47,10,0,2,17,12,22,2,1,6,1,0,4,4,43,0,1,0,0,1
455095,Jeff Frazier,8/10/1982,OF,WAS,NL,8,90,237,28,61,13,1,7,29,14,44,2,1,3,3,0,0,0,0,0,3,0,1,4
453943,Todd Frazier,2/12/1986,OF,CIN,NL,6,135,369,48,92,26,2,13,53,35,104,6,4,5,3,0,0,0,0,0,0,0,0,0
518692,Freddie Freeman,9/12/1989,1B,ATL,NL,15,133,460,58,123,26,1,15,62,34,92,3,2,6,4,0,12,0,0,0,0,0,0,0
501896,David Freese,4/28/1983,3B,STL,NL,16,113,397,49,109,21,1,11,49,33,92,2,1,4,3,0,1,0,66,0,0,0,0,0
493120,Kosuke Fukudome,4/26/1977,OF,CHN,NL,16,133,422,61,109,26,3,11,53,71,88,7,6,2,4,0,0,0,0,0,0,0,110,110
453539,Sam Fuld,11/20/1981,OF,CHN,NL,10,91,235,33,60,11,3,2,21,29,30,7,4,2,2,0,0,0,0,0,8,7,0,14
279577,Rafael Furcal,10/24/1977,SS,LAN,NL,16,121,477,74,133,24,5,9,52,48,70,18,6,2,2,0,0,0,0,93,0,0,0,0
451143,Mat Gamel,7/26/1985,3B,MIL,NL,15,84,252,32,64,14,1,9,35,29,71,2,1,3,3,0,0,0,3,0,1,0,0,1
458731,Brett Gardner,8/24/1983,OF,NYA,AL,16,137,453,78,121,17,7,5,40,62,90,42,8,5,3,0,0,0,0,0,123,44,0,146
502226,Craig Gentry,11/29/1983,OF,TEX,AL,11,70,204,28,51,8,1,3,17,16,42,8,3,6,3,0,0,0,0,0,6,7,4,15
407397,Esteban German,1/26/1978,2B,HOU,NL,9,75,190,26,47,9,1,2,16,20,35,10,3,4,3,0,0,3,0,1,1,0,0,1
460051,Chris Getz,8/30/1983,2B,KCA,AL,16,101,339,41,89,15,2,2,26,28,46,19,3,4,2,0,0,64,2,0,0,0,0,0
114739,Jason Giambi,1/8/1971,1B,,,13,77,201,28,47,10,0,10,31,39,56,1,0,7,3,0,37,0,0,0,0,0,0,0
400158,Jay Gibbons,3/2/1977,OF,LAN,NL,13,95,268,32,70,14,0,10,37,16,42,1,1,1,3,0,3,0,0,0,15,0,1,16
543216,Conor Gillaspie,7/18/1987,3B,SFN,NL,8,91,269,31,70,14,3,4,26,21,43,1,1,2,3,0,0,0,0,0,0,0,0,0
502261,Cole Gillespie,6/20/1984,OF,ARI,NL,12,89,259,33,64,15,3,6,31,28,61,5,3,3,3,0,0,0,0,0,24,7,9,36
460269,Chris Gimenez,12/27/1982,C,CLE,AL,9,65,214,26,47,10,0,6,24,26,61,1,1,2,2,24,0,0,0,0,1,0,1,2
340393,Ross Gload,4/5/1976,1B,PHI,NL,14,94,222,27,59,11,1,5,26,17,29,1,1,2,2,0,18,0,0,0,1,0,7,8
449172,Greg Golson,9/17/1985,OF,NYA,AL,12,75,218,25,52,10,2,4,22,13,59,7,3,2,3,0,0,0,0,0,2,6,17,23
430404,Jonny Gomes,11/22/1980,OF,CIN,NL,16,126,418,58,106,21,2,19,64,36,112,6,3,9,5,0,0,0,0,0,129,0,0,129
460576,Carlos Gomez,12/4/1985,OF,MIL,NL,16,125,399,53,99,18,4,6,37,27,94,23,7,6,2,0,0,0,0,0,5,75,2,81
408236,Adrian Gonzalez,5/8/1982,1B,BOS,AL,16,157,570,97,168,35,1,35,111,90,111,0,0,4,4,0,159,0,0,0,0,0,0,0
471868,Alberto Gonzalez,4/18/1983,2B-3B,WAS,NL,12,94,266,28,68,14,2,2,21,14,35,1,1,3,3,0,3,38,27,16,0,0,1,1
136460,Alex Gonzalez,2/15/1977,SS,ATL,NL,16,133,491,58,121,29,1,14,62,27,91,2,1,5,4,0,0,0,0,85,0,0,0,0
471865,Carlos Gonzalez,10/17/1985,OF,COL,NL,16,143,558,91,167,32,8,27,98,43,124,21,7,4,4,0,0,0,0,0,63,58,40,142
460086,Alex Gordon,2/10/1984,OF,KCA,AL,16,126,455,64,114,25,1,16,62,59,111,7,4,6,3,0,1,0,10,0,55,0,3,58
430905,Ruben Gotay,12/25/1982,2B,FLO,NL,7,124,259,35,63,15,1,5,28,42,65,2,2,3,2,0,0,0,0,0,0,0,0,0
434158,Curtis Granderson,3/16/1981,OF,NYA,AL,16,146,530,83,136,22,8,26,86,60,122,14,4,3,2,0,0,0,0,0,0,134,0,134
407797,Nick Green,9/10/1978,2B,BAL,AL,10,56,181,21,42,9,1,4,19,12,41,1,2,4,2,0,0,3,0,1,0,0,0,0
460022,Tyler Greene,8/17/1983,SS,STL,NL,13,79,261,33,62,11,2,6,28,22,68,8,2,6,2,0,0,15,11,22,0,0,0,0
408212,Gabe Gross,10/21/1979,OF,SEA,AL,12,94,246,30,57,12,1,5,26,30,57,4,2,1,2,0,0,0,0,0,44,10,50,95
115223,Vladimir Guerrero,2/9/1975,,BAL,AL,13,131,524,72,153,24,1,23,80,36,66,3,3,6,4,0,0,0,0,0,1,0,17,18
136722,Carlos Guillen,9/30/1975,2B,DET,AL,16,100,346,45,92,19,3,10,44,41,63,4,3,2,3,0,0,47,0,0,4,0,0,4
429711,Franklin Gutierrez,2/21/1983,OF,SEA,AL,16,151,536,67,138,26,2,14,62,45,121,18,4,3,4,0,0,0,0,0,0,146,0,146
461882,Jesus Guzman,6/14/1984,3B,SFN,NL,6,84,211,26,57,10,1,6,25,16,40,2,1,3,2,0,0,0,0,0,0,0,0,0
448242,Tony Gwynn,10/4/1982,OF,LAN,NL,16,110,314,41,79,11,3,3,25,36,55,14,5,2,2,0,0,0,0,0,0,105,0,105
400098,Travis Hafner,6/3/1977,,CLE,AL,15,107,387,49,102,23,0,15,56,49,87,1,1,7,3,0,0,0,0,0,0,0,0,0
150020,Jerry Hairston,5/29/1976,SS-2B,WAS,NL,15,109,366,49,94,18,2,8,40,28,51,9,4,5,4,0,0,47,3,62,4,0,8,12
430668,Scott Hairston,5/25/1980,OF,NYN,NL,15,103,325,39,80,17,1,12,45,27,71,6,2,4,4,0,0,0,0,0,71,19,6,85
407849,Bill Hall,12/28/1979,2B-OF,HOU,NL,16,116,428,51,101,22,1,17,60,40,133,6,3,2,3,0,0,51,5,6,55,7,9,65
471897,Greg Halman,8/26/1987,OF,SEA,AL,10,86,271,34,58,11,1,12,38,19,102,7,3,5,2,0,0,0,0,0,4,4,1,9
285078,Josh Hamilton,5/21/1981,OF,TEX,AL,16,129,504,81,155,31,3,26,91,43,99,8,2,4,5,0,0,0,0,0,92,40,0,119
453236,Mark Hamilton,7/29/1984,1B,STL,NL,11,56,168,21,41,8,0,6,22,18,48,1,0,3,2,0,4,0,0,0,0,0,0,0
452672,Ryan Hanigan,8/16/1980,C,CIN,NL,16,81,264,30,72,12,0,5,26,35,35,0,0,5,3,68,0,0,0,0,0,0,0,0
435219,Jack Hannahan,3/4/1980,2B-3B,CLE,AL,9,80,234,26,52,13,1,4,23,28,60,2,1,2,2,0,0,0,0,0,0,0,0,0
429666,J.J. Hardy,8/19/1982,SS,BAL,AL,16,126,452,58,120,22,3,14,57,39,77,1,1,2,4,0,0,0,0,100,0,0,0,0
430593,Brendan Harris,8/26/1980,3B,BAL,AL,13,78,265,31,66,14,1,4,26,20,53,1,1,4,4,0,3,1,27,11,0,0,0,0
407483,Willie Harris,6/22/1978,OF,NYN,NL,11,112,255,34,58,11,3,7,30,37,56,8,3,5,2,0,0,0,6,0,46,2,43,80
430611,Corey Hart,3/24/1982,OF,MIL,NL,16,137,523,76,142,32,4,23,85,41,116,12,6,6,5,0,0,0,0,0,0,0,141,141
501822,Chris Hatcher,1/12/1985,C,FLO,NL,6,56,185,20,38,8,1,4,18,17,64,1,1,3,2,4,0,0,0,0,0,0,0,0
425547,Brad Hawpe,6/22/1979,OF,SDN,NL,16,129,429,58,110,25,2,16,62,61,119,2,2,3,3,0,6,0,0,0,0,0,63,63
451109,Brett Hayes,2/13/1984,C,FLO,NL,11,60,199,21,46,11,1,5,23,14,52,1,1,2,2,24,0,0,0,0,0,0,0,0
452104,Chase Headley,5/9/1984,3B,SDN,NL,16,153,561,70,148,31,3,13,65,59,134,12,3,5,4,0,0,0,158,0,0,0,0,0
502317,Chris Heisey,12/14/1984,OF,CIN,NL,13,103,301,44,78,16,2,11,42,26,70,6,2,7,3,0,0,0,0,0,38,22,27,77
136500,Wes Helms,5/12/1976,3B,FLO,NL,14,105,254,26,60,12,1,4,24,20,69,1,1,4,4,0,2,0,90,0,0,0,0,0
115732,Todd Helton,8/20/1973,1B,COL,NL,16,117,411,56,115,23,1,10,48,70,76,0,0,2,5,0,115,0,0,0,0,0,0,0
435181,Jeremy Hermida,1/30/1984,OF,CIN,NL,12,85,287,34,71,13,1,9,36,30,71,3,1,3,2,0,0,0,0,0,1,0,21,21
435038,Anderson Hernandez,10/30/1982,SS,,,11,87,288,32,70,12,2,2,22,23,50,6,3,1,3,0,0,8,0,2,0,0,0,0
452671,Diory Hernandez,4/8/1984,SS,ATL,NL,12,63,198,23,49,10,1,3,19,14,38,3,3,3,2,0,0,1,0,4,0,0,0,0
434682,Luis Hernandez,6/26/1984,2B,NYN,NL,10,53,196,21,48,7,1,2,15,12,33,3,1,2,3,0,0,10,2,4,0,0,0,0
150089,Michel Hernandez,8/12/1978,C,BAL,AL,7,51,155,18,39,6,1,2,14,13,23,2,1,1,1,0,0,0,0,0,0,0,0,0
150421,Ramon Hernandez,5/20/1976,C,CIN,NL,16,103,343,35,90,17,1,8,38,32,52,0,0,4,4,91,5,0,0,0,0,0,0,0
468406,Jonathan Herrera,11/3/1984,2B,COL,NL,12,108,312,40,82,10,3,2,23,31,48,6,4,2,3,0,0,57,16,7,0,0,0,0
452105,John Hester,9/14/1983,,,,11,53,188,23,47,13,1,5,25,15,48,2,1,2,2,33,0,0,0,0,0,0,0,0
518792,Jason Heyward,8/9/1989,OF,ATL,NL,16,142,515,82,144,30,5,19,76,82,110,12,5,7,3,0,0,0,0,0,0,0,140,140
518794,Brandon Hicks,9/14/1985,3B,ATL,NL,9,82,227,29,48,10,1,6,24,20,69,5,2,4,2,0,0,1,3,2,0,0,0,0
431094,Aaron Hill,3/21/1982,2B,TOR,AL,16,138,550,75,142,29,1,24,84,39,85,4,2,6,3,0,0,137,0,0,0,0,0,0
425542,Koyie Hill,3/9/1979,C,CHN,NL,13,68,224,23,51,12,1,3,20,18,62,1,0,1,2,72,0,0,1,0,0,0,0,0
518799,Steven Hill,3/14/1985,C,STL,NL,9,47,199,24,49,10,1,8,27,15,52,1,0,2,2,1,0,0,0,0,0,0,0,0
400134,Eric Hinske,8/5/1977,1B-OF,ATL,NL,15,107,284,39,69,18,1,11,42,36,76,2,1,4,2,0,32,0,1,0,50,0,0,50
469845,Jamie Hoffmann,8/20/1984,OF,LAN,NL,10,99,258,32,65,13,2,5,26,22,48,7,3,4,4,0,0,0,0,0,0,0,0,0
459440,Jarrett Hoffpauir,6/18/1983,3B,SDN,NL,12,68,203,24,51,11,1,4,22,21,26,2,1,2,3,0,0,2,11,0,0,0,0,0
407812,Matt Holliday,1/15/1980,OF,STL,NL,16,152,573,92,176,39,2,25,96,67,98,12,5,8,4,0,0,0,0,0,155,0,0,155
150137,Paul Hoover,4/14/1976,C,BOS,AL,7,74,209,22,47,10,1,2,17,18,58,1,1,3,2,9,0,0,0,0,0,0,0,0
429667,Ryan Howard,11/19/1979,1B,PHI,NL,16,149,563,90,151,26,3,37,110,69,167,3,1,6,4,0,140,0,0,0,0,0,0,0
464341,Chin-lung Hu,2/2/1984,SS,NYN,NL,10,70,200,23,49,8,2,2,17,11,30,4,1,2,2,0,0,0,0,10,0,0,0,0
407861,Orlando Hudson,12/12/1977,2B,SDN,NL,16,133,503,70,135,26,5,7,50,53,90,7,2,4,4,0,0,124,0,0,0,0,0,0
333492,Aubrey Huff,12/20/1976,1B-OF,SFN,NL,16,146,528,76,143,31,3,20,78,59,87,4,2,5,5,0,100,0,0,0,46,0,34,63
502151,Chad Huffman,4/29/1985,OF,NYA,AL,8,53,166,20,40,8,1,4,19,17,39,2,1,4,2,0,1,0,0,0,4,0,3,7
471863,Luke Hughes,8/2/1984,3B,MIN,AL,9,51,175,21,43,9,1,5,21,14,43,2,1,2,2,0,0,0,2,0,0,0,0,0
460026,Nick Hundley,9/8/1983,C,SDN,NL,16,98,344,39,84,19,2,11,44,30,84,3,2,2,5,76,0,0,0,0,0,0,0,0
116338,Torii Hunter,7/18/1975,OF,LAA,AL,16,142,538,76,148,31,1,21,80,53,105,13,7,5,4,0,0,0,0,0,0,98,46,143
455104,Chris Iannetta,4/8/1983,C,COL,NL,16,101,345,47,84,19,2,17,57,50,86,1,0,10,3,52,3,0,1,0,0,0,0,0
116380,Raul Ibanez,6/2/1972,OF,PHI,NL,16,135,516,72,139,30,3,20,77,58,105,3,2,2,5,0,1,0,0,0,145,0,0,145
408299,Omar Infante,12/26/1981,2B-3B-OF,FLO,NL,16,114,442,58,130,19,3,6,42,31,62,5,3,2,4,0,0,65,29,19,15,0,6,21
276346,Brandon Inge,5/19/1977,3B,DET,AL,16,139,491,55,114,20,3,17,61,49,134,4,3,9,5,0,0,0,144,0,0,0,0,0
446928,Joe Inglett,6/29/1978,2B,HOU,NL,12,89,235,28,63,11,4,2,22,21,43,4,2,3,2,0,0,8,0,0,10,0,14,24
454975,Hernan Iribarren,6/29/1984,2B,COL,NL,6,82,263,31,68,12,2,4,24,20,51,6,3,2,3,0,0,0,0,0,0,0,0,0
448170,Travis Ishikawa,9/24/1983,1B,SFN,NL,13,97,253,32,65,13,1,8,32,23,58,2,1,3,2,0,73,0,0,0,0,0,0,0
285131,Cesar Izturis,2/10/1980,SS,BAL,AL,14,120,377,38,94,12,2,2,24,21,41,11,4,4,2,0,0,0,0,150,0,0,0,0
430895,Maicer Izturis,9/12/1980,2B-3B,LAA,AL,16,90,329,47,89,17,2,5,33,30,39,10,4,3,4,0,0,22,28,7,0,0,0,0
457706,Austin Jackson,2/1/1987,OF,DET,AL,16,142,581,86,161,30,8,6,55,47,146,24,6,4,4,0,0,0,0,0,0,149,0,149
433582,Conor Jackson,5/7/1982,OF,OAK,AL,15,86,311,42,82,17,2,6,34,36,41,7,1,4,2,0,0,0,0,0,16,0,0,16
408312,Mike Jacobs,10/30/1980,1B,NYN,NL,12,70,249,31,59,12,1,12,39,21,64,1,0,1,3,0,7,0,0,0,0,0,0,0
457926,Paul Janish,10/12/1982,SS,CIN,NL,15,95,314,36,75,18,0,5,30,30,52,2,2,5,2,0,0,7,11,62,0,0,0,0
452232,Jason Jaramillo,10/9/1982,C,PIT,NL,12,52,187,17,44,9,0,3,17,15,34,1,0,2,2,31,0,0,0,0,0,0,0,0
444379,John Jaso,9/19/1983,C,TBA,AL,15,112,378,54,98,19,2,6,38,55,51,3,1,4,3,96,1,0,0,0,0,0,0,0
445055,Jon Jay,3/15/1985,OF,STL,NL,14,118,361,51,102,22,2,6,39,31,60,7,4,6,3,0,0,0,0,0,9,27,61,88
457775,Desmond Jennings,10/30/1986,OF,TBA,AL,16,97,324,48,85,16,4,4,31,31,52,23,6,4,2,0,0,0,0,0,2,4,5,10
116539,Derek Jeter,6/26/1974,SS,NYA,AL,16,146,601,95,173,25,2,12,63,60,94,17,5,6,3,0,0,0,0,151,0,0,0,0
453400,Chris Johnson,10/1/1984,3B,HOU,NL,16,107,438,51,121,24,3,14,60,22,99,3,1,3,4,0,0,0,90,0,0,0,0,0
430681,Dan Johnson,8/10/1979,,TBA,AL,15,98,346,50,84,15,0,18,55,58,74,1,0,3,4,0,13,0,6,0,3,0,0,3
471107,Elliot Johnson,3/9/1984,SS-OF,TBA,AL,9,90,275,33,68,12,2,6,30,21,70,10,3,3,2,0,0,0,0,0,0,0,0,0
430637,Kelly Johnson,2/22/1982,2B,ARI,NL,16,142,521,80,142,33,5,19,77,58,114,11,5,3,3,0,0,149,0,0,0,0,0,0
407862,Reed Johnson,12/8/1976,OF,CHN,NL,12,84,234,30,62,13,2,4,24,14,49,3,2,7,3,0,0,0,0,0,62,7,22,84
453531,Rob Johnson,7/22/1982,C,SEA,AL,12,73,236,26,52,14,1,3,21,24,52,2,1,3,3,61,0,0,0,0,0,0,0,0
430945,Adam Jones,8/1/1985,OF,BAL,AL,16,144,554,78,154,26,5,20,77,32,111,10,5,9,3,0,0,0,0,0,0,149,0,149
116662,Andruw Jones,4/23/1977,OF,NYA,AL,14,94,276,38,62,13,1,15,45,41,76,5,2,3,3,0,0,0,0,0,12,17,62,89
116706,Chipper Jones,4/24/1972,3B,ATL,NL,16,114,386,61,106,21,1,14,55,74,66,4,1,1,4,0,0,0,89,0,0,0,0,0
434540,Garrett Jones,6/21/1981,1B-OF,PIT,NL,16,140,489,62,127,30,1,20,74,45,106,8,3,2,6,0,112,0,0,0,1,0,48,49
459964,Matt Joyce,8/3/1984,OF,TBA,AL,16,108,372,53,92,23,3,16,59,54,92,4,3,3,3,0,0,0,0,0,13,0,53,63
451500,Kila Ka'aihue,3/29/1984,1B,KCA,AL,15,120,437,62,109,19,1,20,65,71,88,1,1,2,3,0,34,0,0,0,0,0,0,0
501888,Ryan Kalish,3/28/1988,OF,BOS,AL,13,105,329,47,85,19,2,9,41,32,71,17,3,3,3,0,0,0,0,0,12,38,2,51
137002,Gabe Kapler,7/31/1975,OF,LAN,NL,11,64,182,25,45,10,1,5,23,18,35,3,1,2,2,0,0,0,0,0,12,2,39,50
453527,Sean Kazmar,8/5/1984,SS,SDN,NL,6,133,342,38,80,14,1,4,28,27,68,5,2,2,3,0,0,0,0,0,0,0,0,0
400290,Austin Kearns,5/20/1980,OF,CLE,AL,15,94,299,38,72,14,1,7,32,37,82,2,1,7,2,0,0,0,0,0,69,5,14,84
430603,Don Kelly,2/15/1980,1B-OF,DET,AL,13,93,277,34,69,10,1,7,29,17,46,5,1,2,2,0,28,0,15,0,65,12,2,74
461314,Matt Kemp,9/23/1984,OF,LAN,NL,16,156,588,87,162,28,5,26,91,50,146,25,10,3,6,0,0,0,0,0,0,158,0,158
116974,Jason Kendall,6/26/1974,C,KCA,AL,16,111,349,34,86,16,1,1,23,33,42,6,3,10,5,118,0,0,0,0,0,0,0,0
435062,Howard Kendrick,7/12/1983,2B,LAA,AL,16,143,534,67,154,35,3,10,63,26,89,14,5,5,4,0,15,143,0,0,0,1,0,1
150456,Adam Kennedy,1/10/1976,1B-2B,SEA,AL,13,108,327,38,86,15,1,4,30,28,48,10,3,3,3,0,51,86,8,0,0,0,0,0
433898,Jeff Keppinger,4/21/1980,2B,HOU,NL,15,116,394,46,109,22,2,5,39,37,35,2,1,2,4,0,0,126,0,12,0,0,0,0
435079,Ian Kinsler,6/22/1982,2B,TEX,AL,16,129,495,82,139,29,3,19,74,54,69,22,5,6,5,0,0,103,0,0,0,0,0,0
117244,Paul Konerko,3/5/1976,1B,CHA,AL,16,139,520,76,143,26,1,29,92,64,97,1,1,6,5,0,125,0,0,0,0,0,0,0
425773,Casey Kotchman,2/22/1983,1B,TBA,AL,13,115,357,39,92,19,1,8,40,32,42,1,1,5,4,0,116,0,0,0,0,0,0,0
117276,Mark Kotsay,12/2/1975,1B,MIL,NL,12,88,295,31,76,15,2,6,31,26,36,3,2,1,2,0,38,0,0,0,0,0,8,8
435459,George Kottaras,5/10/1983,C,MIL,NL,14,66,221,28,51,14,1,8,30,30,52,1,0,1,3,61,2,0,0,0,0,0,1,1
450260,Kevin Kouzmanoff,7/25/1981,3B,OAK,AL,16,141,529,58,135,30,2,18,71,26,101,1,1,9,5,0,0,0,142,0,0,0,0,0
456124,Erik Kratz,6/15/1980,C,PIT,NL,8,54,174,20,39,10,0,5,22,15,43,2,1,3,2,9,0,0,0,0,0,0,0,0
430585,Jason Kubel,5/25/1982,OF,MIN,AL,16,137,489,68,132,26,3,21,76,51,102,1,1,3,5,0,0,0,0,0,16,0,83,98
408042,Gerald Laird,11/13/1979,C,STL,NL,13,92,275,29,64,14,1,4,25,22,53,3,1,6,4,87,0,0,0,0,0,0,0,0
407798,Ryan Langerhans,2/20/1980,OF,SEA,AL,12,71,175,24,38,8,1,4,19,27,58,4,2,2,2,0,6,0,0,0,30,2,8,40
453181,Matt LaPorta,1/8/1985,1B,CLE,AL,16,131,475,60,118,25,1,18,66,51,97,2,1,6,3,0,93,0,0,0,7,0,0,7
460252,Jeff Larish,10/11/1982,1B,DET,AL,10,72,195,24,46,10,1,8,27,23,58,2,1,3,2,0,10,0,5,0,7,0,0,7
425560,Adam LaRoche,11/6/1979,1B,WAS,NL,16,146,535,71,140,34,2,23,85,56,147,1,1,2,4,0,146,0,0,0,0,0,0,0
451188,Andy LaRoche,9/13/1983,3B,OAK,AL,12,95,296,35,70,13,2,7,31,30,50,2,1,4,3,0,2,6,54,0,0,0,0,0
150324,Carlos Lee,6/20/1976,1B-OF,HOU,NL,16,146,563,69,155,30,1,24,85,39,57,4,3,3,5,0,20,0,0,0,133,0,0,133
117601,Derrek Lee,9/6/1975,1B,BAL,AL,16,139,525,80,146,32,1,22,82,69,115,2,2,2,4,0,105,0,0,0,0,0,0,0
430930,Fred Lewis,12/9/1980,OF,CIN,NL,16,97,332,50,87,21,4,6,39,36,88,12,5,5,2,0,0,0,0,0,84,7,10,99
452121,Brent Lillibridge,9/18/1983,2B,CHA,AL,12,87,229,29,51,10,2,4,21,20,62,12,4,3,2,0,0,25,3,4,1,6,1,8
452252,Adam Lind,7/17/1983,,TOR,AL,15,148,552,72,150,35,2,26,92,44,118,1,1,4,4,0,11,0,0,0,16,0,0,16
439664,John Lindsey,1/30/1977,1B,LAN,NL,8,57,223,27,56,12,1,8,31,16,52,1,1,9,2,0,2,0,0,0,0,0,0,0
446653,Jose Lobaton,10/21/1984,C,TBA,AL,9,57,196,21,45,9,0,4,20,19,50,1,0,1,3,0,0,0,0,0,0,0,0,0
425766,James Loney,5/7/1984,1B,LAN,NL,16,156,565,68,158,33,3,12,65,55,82,8,4,3,4,0,160,0,0,0,0,0,0,0
446334,Evan Longoria,10/7/1985,3B,TBA,AL,16,151,565,91,160,41,3,28,102,68,127,12,3,7,7,0,0,0,151,0,0,0,0,0
150479,Felipe Lopez,5/12/1980,SS-2B-3B,TBA,AL,14,117,407,55,109,23,2,7,42,45,79,7,4,2,3,0,0,3,2,1,0,0,0,0
430946,Jose Lopez,11/24/1983,3B,COL,NL,15,133,502,58,138,31,1,15,67,21,58,3,2,4,5,0,0,0,142,0,0,0,0,0
476704,Jed Lowrie,4/17/1984,SS-2B,BOS,AL,16,94,310,43,81,23,2,10,44,39,63,2,1,2,4,0,7,28,1,23,0,0,0,0
518960,Jonathan Lucroy,6/13/1986,C,MIL,NL,15,106,367,39,94,18,1,7,37,35,64,4,2,2,3,75,0,0,0,0,0,0,0,0
455113,Donny Lucy,8/8/1982,C,CHA,AL,7,54,116,13,28,6,0,3,13,8,29,2,1,3,1,7,0,0,0,0,0,0,0,0
407886,Ryan Ludwick,7/13/1978,OF,SDN,NL,16,141,496,67,129,25,2,21,75,47,122,3,3,7,5,0,0,0,0,0,1,5,67,68
425659,Hector Luna,2/1/1980,SS-2B,BOS,AL,8,94,256,34,66,13,1,8,33,21,55,3,2,4,4,0,0,1,4,0,0,0,0,0
430574,Mitch Maier,6/30/1982,OF,KCA,AL,15,117,354,41,92,16,4,5,33,36,68,6,2,2,3,0,1,0,0,0,8,65,43,114
430961,Carlos Maldonado,1/3/1979,C,WAS,NL,6,28,185,21,43,8,0,5,19,17,41,2,1,2,2,4,0,0,0,0,0,0,0,0
518980,Matt Mangini,12/21/1985,3B,SEA,AL,11,87,262,27,62,10,1,5,25,16,65,2,1,3,2,0,0,0,7,0,0,0,0,0
446373,Tommy Manzella,4/16/1983,SS,HOU,NL,13,83,280,26,68,12,1,3,22,17,65,2,2,3,3,0,0,0,0,82,0,0,0,0
455976,Nick Markakis,11/17/1983,OF,BAL,AL,16,157,606,86,177,43,2,16,81,67,95,8,3,2,5,0,0,0,0,0,0,0,159,159
453974,Lou Marson,6/26/1986,C,CLE,AL,13,89,282,35,67,17,0,4,27,34,62,5,1,3,2,87,0,0,0,0,0,0,0,0
429708,Andy Marte,10/21/1983,,,,12,87,236,26,57,11,1,7,30,19,46,1,2,1,3,0,32,0,45,0,0,0,0,0
431145,Russell Martin,2/15/1983,C,NYA,AL,16,126,411,56,108,18,0,8,42,59,69,9,4,6,3,93,0,0,0,0,0,0,0,0
494686,Fernando Martinez,10/10/1988,OF,NYN,NL,11,66,214,27,51,12,1,6,26,14,45,3,1,6,2,0,0,0,0,0,6,0,2,6
501954,Ozzie Martinez,5/7/1988,SS,FLO,NL,11,76,240,32,64,12,2,2,20,19,37,5,3,4,2,0,0,0,0,11,0,0,0,0
400121,Victor Martinez,12/23/1978,C,DET,AL,16,131,514,70,150,29,1,19,75,51,61,1,0,2,5,110,14,0,0,0,0,0,0,0
458628,Joe Mather,7/23/1982,OF,ATL,NL,12,75,217,28,52,11,1,7,27,19,47,4,2,3,2,0,3,0,1,0,7,14,8,25
425772,Jeff Mathis,3/31/1983,C,LAA,AL,15,86,274,30,58,10,1,6,26,22,80,3,1,3,3,67,0,0,0,0,0,0,0,0
425686,Hideki Matsui,6/12/1974,,OAK,AL,15,131,453,58,122,21,1,19,67,60,82,1,1,3,3,0,0,0,0,0,18,0,0,18
408045,Joe Mauer,4/19/1983,C,MIN,AL,16,140,521,88,171,35,2,14,72,72,58,3,2,2,6,112,0,0,0,0,0,0,0,0
452239,Justin Maxwell,11/6/1983,OF,NYA,AL,13,89,216,30,47,10,1,7,27,32,76,11,4,3,2,0,0,0,0,0,5,20,29,51
461315,Lucas May,10/24/1984,C,KCA,AL,10,73,229,26,54,12,1,6,26,18,59,2,1,4,4,10,0,0,0,0,0,0,0,0
460055,John Mayberry,12/21/1983,,,,12,71,214,28,52,11,1,9,31,15,54,3,1,3,2,0,0,0,0,0,0,2,3,4
457727,Cameron Maybin,4/4/1987,OF,SDN,NL,15,132,456,66,116,19,5,11,52,46,122,14,5,4,2,0,0,0,0,0,0,77,0,77
446474,Edwin Maysonet,10/17/1981,2B,HOU,NL,6,82,174,20,42,8,1,2,15,14,37,2,1,2,2,0,0,0,0,0,0,0,0,0
435263,Brian McCann,2/20/1984,C,ATL,NL,16,142,488,66,135,32,1,21,79,60,86,4,1,6,4,136,0,0,0,0,0,0,0,0
453454,Mike McCoy,4/2/1981,OF,TOR,AL,12,70,202,27,49,9,1,3,18,24,39,10,3,2,3,0,0,14,4,7,8,2,6,15
457705,Andrew McCutchen,10/10/1986,OF,PIT,NL,16,150,568,92,161,34,7,15,75,68,92,32,10,4,5,0,0,0,0,0,0,152,0,152
150021,Darnell McDonald,11/17/1978,OF,BOS,AL,12,88,291,36,76,17,3,7,35,24,73,7,2,2,2,0,0,0,0,0,30,69,34,114
150348,John McDonald,9/24/1974,2B,TOR,AL,13,85,238,29,56,10,1,5,23,9,36,3,2,2,3,0,0,23,19,19,2,0,0,2
431171,Casey McGehee,10/12/1982,3B,MIL,NL,16,144,531,66,148,31,1,19,76,44,94,1,2,2,6,0,3,0,153,0,0,0,0,0
502374,Michael McKenry,3/4/1985,C,COL,NL,9,70,231,26,56,13,1,7,29,22,57,1,1,3,2,2,0,0,0,0,0,0,0,0
434661,Nate McLouth,10/28/1981,OF,ATL,NL,16,128,439,66,109,24,2,16,61,53,85,15,4,8,4,0,0,0,0,0,8,71,0,77
346859,Jason Michaels,5/4/1976,OF,HOU,NL,14,91,217,26,52,13,1,7,28,19,46,1,1,3,2,0,0,0,0,0,41,11,5,55
425446,Aaron Miles,12/15/1976,2B,LAN,NL,11,87,214,24,56,8,1,1,15,12,26,2,1,1,2,0,0,50,5,6,0,0,0,0
451186,Lastings Milledge,4/5/1985,OF,CHA,AL,14,112,369,42,101,19,2,7,40,28,67,10,5,7,3,0,0,0,0,0,63,0,45,105
280061,Corky Miller,3/18/1976,C,CIN,NL,10,45,142,15,31,7,0,4,15,13,31,0,0,4,2,32,0,0,0,0,0,0,0,0
455687,Jai Miller,1/17/1985,OF,KCA,AL,9,88,243,29,56,13,1,8,31,24,84,5,2,2,2,0,0,0,0,0,3,0,16,19
506673,Juan Miranda,4/25/1983,1B,ARI,NL,13,82,287,37,73,15,2,12,42,30,69,1,0,4,3,0,13,0,0,0,0,0,0,0
452199,Russ Mitchell,2/15/1985,3B,LAN,NL,10,93,264,31,62,13,1,8,32,16,53,2,1,3,4,0,3,0,6,0,3,0,0,3
150224,Chad Moeller,2/18/1975,C,COL,NL,10,36,144,15,33,9,0,2,14,10,30,1,0,3,2,9,0,0,0,0,0,0,0,0
435238,Gustavo Molina,2/24/1982,C,NYA,AL,8,55,184,19,42,8,0,5,21,10,39,1,0,2,1,4,0,0,0,0,0,0,0,0
150040,Jose Molina,6/3/1975,C,TOR,AL,13,62,212,21,48,9,0,4,20,14,47,1,0,4,2,56,0,0,0,0,0,0,0,0
425877,Yadier Molina,7/13/1982,C,STL,NL,16,135,459,43,128,21,0,6,42,42,45,6,3,5,4,135,7,0,0,0,0,0,0,0
428642,Lou Montanez,12/15/1981,OF,CHN,NL,9,56,211,26,55,10,1,5,24,12,35,2,1,2,2,0,0,0,0,0,17,1,2,20
524968,Jesus Montero,11/28/1989,C,NYA,AL,8,132,323,43,89,26,2,15,56,34,80,0,0,2,3,0,0,0,0,0,0,0,0,0
471083,Miguel Montero,7/9/1983,C,ARI,NL,16,113,412,54,112,27,1,14,59,38,84,1,1,3,3,79,0,0,0,0,0,0,0,0
446192,Adam Moore,5/8/1984,C,SEA,AL,15,94,285,28,69,14,1,6,30,19,70,1,1,5,3,59,0,0,0,0,0,0,0,0
445599,Scott Moore,11/17/1983,2B,BAL,AL,10,63,203,26,49,9,1,8,28,18,46,3,1,3,2,0,10,22,4,0,0,0,0,0
206551,Melvin Mora,2/7/1972,1B-3B,ARI,NL,16,104,391,47,104,17,2,9,44,33,61,3,2,6,3,0,25,19,63,0,4,0,0,4
458643,Jose Morales,2/20/1983,C,MIN,AL,12,40,172,20,46,9,1,2,16,18,37,0,0,1,2,11,2,0,0,0,0,0,0,0
434778,Kendry Morales,6/20/1983,1B,LAA,AL,16,124,490,71,143,28,1,25,84,34,86,2,3,4,3,0,51,0,0,0,0,0,0,0
543569,Brent Morel,4/21/1987,3B,CHA,AL,14,99,364,45,98,21,2,10,45,22,69,8,3,2,3,0,0,0,20,0,0,0,0,0
519048,Mitch Moreland,9/6/1985,1B,TEX,AL,15,100,406,54,108,22,1,15,58,44,77,4,2,3,5,0,40,0,0,0,0,0,7,7
460579,Nyjer Morgan,7/2/1980,OF,MIL,NL,16,131,478,64,131,18,6,2,35,36,80,34,15,8,3,0,0,0,0,0,0,134,0,134
408047,Justin Morneau,5/15/1981,1B,MIN,AL,16,129,490,80,144,33,2,25,89,66,83,0,0,2,5,0,77,0,0,0,0,0,0,0
489149,Logan Morrison,8/25/1987,OF,FLO,NL,16,104,423,64,116,28,6,9,52,60,76,3,2,3,3,0,0,0,0,0,62,0,0,62
434604,Michael Morse,3/22/1982,OF,WAS,NL,15,89,310,40,85,15,2,13,47,23,66,1,1,5,2,0,19,0,0,0,0,0,72,72
461235,Brandon Moss,9/16/1983,OF,PHI,NL,11,75,218,27,52,12,2,6,27,18,54,2,2,3,3,0,0,0,0,0,2,0,5,7
519058,Mike Moustakas,9/11/1988,3B,KCA,AL,8,139,465,61,123,32,1,19,73,28,88,3,2,4,5,0,0,0,0,0,0,0,0,0
502517,Daniel Murphy,4/1/1985,1B,NYN,NL,11,84,322,41,89,22,2,8,42,29,40,3,2,1,3,0,0,0,0,0,0,0,0,0
461815,David Murphy,10/18/1981,OF,TEX,AL,15,109,391,52,108,23,2,13,54,39,75,9,3,1,5,0,0,0,0,0,74,10,51,125
430906,Donnie Murphy,3/10/1983,SS-3B,FLO,NL,11,59,176,23,42,10,1,7,26,14,51,1,1,3,2,0,0,1,4,4,0,0,0,0
294558,Xavier Nady,11/14/1978,1B-OF,ARI,NL,16,86,357,43,97,19,0,12,47,21,76,1,0,6,3,0,52,0,0,0,6,0,23,28
435063,Mike Napoli,10/31/1981,C-1B,TEX,AL,16,120,394,56,100,21,1,23,70,43,114,4,3,8,4,66,70,0,0,0,0,0,0,0
537953,Daniel Nava,2/22/1983,OF,BOS,AL,12,71,229,30,58,16,1,4,26,25,56,2,1,8,2,0,0,0,0,0,54,0,0,54
425900,Dioner Navarro,2/9/1984,C,LAN,NL,14,94,285,30,70,15,0,5,28,24,43,2,2,3,3,46,0,0,0,0,0,0,0,0
464281,Oswaldo Navarro,10/2/1984,SS,HOU,NL,9,91,222,25,51,11,1,2,18,21,51,2,2,5,2,0,0,0,0,10,0,0,0,0
501605,Yamaico Navarro,10/31/1987,SS,BOS,AL,10,69,228,28,55,11,1,4,23,17,50,4,2,2,4,0,0,3,4,15,0,0,0,0
455126,Chris Nelson,9/3/1985,2B-3B,COL,NL,13,60,174,25,46,9,1,4,20,15,37,4,2,2,2,0,0,4,4,0,0,0,0,0
435081,Mike Nickeas,2/13/1983,C,NYN,NL,8,49,189,19,43,8,0,3,16,20,42,1,0,2,2,4,0,0,0,0,0,0,0,0
543590,Kirk Nieuwenhuis,8/7/1987,OF,NYN,NL,6,132,360,49,85,23,3,10,44,29,102,7,4,4,3,0,0,0,0,0,0,0,0,0
408242,Wil Nieves,9/25/1977,C,MIL,NL,13,67,216,19,51,9,0,3,17,15,41,1,0,2,3,51,0,0,0,0,0,0,0,0
434624,Jayson Nix,8/26/1982,2B-3B,CLE,AL,15,107,348,41,82,17,0,14,48,30,87,6,3,6,3,0,0,25,40,0,2,0,0,2
425556,Laynce Nix,10/30/1980,OF,WAS,NL,12,91,234,28,59,15,1,9,35,19,57,1,1,2,2,0,0,0,0,0,50,5,4,55
456488,Eduardo Nunez,6/15/1987,3B,NYA,AL,13,87,245,31,67,11,1,4,24,15,34,11,3,2,2,0,0,1,15,11,0,0,0,0
469721,Trent Oeltjen,2/28/1983,OF,LAN,NL,8,83,237,33,60,13,3,5,27,16,54,8,3,5,3,0,0,0,0,0,4,4,0,8
324432,Augie Ojeda,12/20/1974,2B,CHN,NL,10,64,179,22,42,9,2,1,13,20,21,1,1,4,2,0,0,15,12,9,0,0,0,0
400018,Miguel Olivo,7/15/1978,C,SEA,AL,16,99,376,45,91,16,3,15,52,21,113,5,2,3,2,111,0,0,0,0,0,0,0,0
120044,Magglio Ordonez,1/28/1974,OF,DET,AL,16,119,463,67,138,24,1,14,61,50,63,2,1,1,3,0,0,0,0,0,0,0,71,71
434681,Pete Orr,6/8/1979,SS,WAS,NL,7,98,237,27,55,10,3,4,22,14,49,8,3,5,2,0,0,0,0,0,0,0,0,0
120074,David Ortiz,11/18/1975,,BOS,AL,15,136,485,74,123,31,1,27,87,75,124,1,1,3,4,0,4,0,0,0,0,0,0,0
407489,Lyle Overbay,1/28/1977,1B,PIT,NL,15,137,484,64,122,32,2,16,66,66,111,1,1,2,3,0,153,0,0,0,0,0,0,0
434636,Angel Pagan,7/2/1981,OF,NYN,NL,16,117,487,67,137,26,7,9,55,36,80,25,7,1,3,0,0,0,0,0,27,94,33,145
431166,Matt Pagnozzi,11/10/1982,C,COL,NL,9,46,160,16,37,7,0,2,14,14,41,1,0,3,2,15,0,0,0,0,0,0,0,0
467827,Gerardo Parra,5/6/1987,OF,ARI,NL,15,127,412,48,113,21,7,5,41,29,76,7,5,3,4,0,0,0,0,0,76,7,36,113
279913,Corey Patterson,8/13/1979,OF,BAL,AL,13,94,295,36,72,15,1,7,33,17,65,16,6,2,2,0,0,0,0,0,56,10,1,64
452221,Eric Patterson,4/8/1983,OF,SDN,NL,12,93,267,36,64,13,4,6,30,26,68,15,3,2,3,0,0,5,0,0,25,7,0,30
449082,Xavier Paul,2/25/1985,OF,LAN,NL,13,72,206,27,53,13,1,4,23,17,47,6,3,3,2,0,0,0,0,0,23,0,15,38
425661,Ronny Paulino,4/21/1981,C,NYN,NL,15,88,289,30,74,15,0,6,31,26,56,1,1,1,3,85,0,0,0,0,0,0,0,0
456665,Steve Pearce,4/13/1983,1B,PIT,NL,11,75,233,29,58,15,1,7,31,24,49,3,2,3,4,0,11,0,0,0,0,0,0,0
456030,Dustin Pedroia,8/17/1983,2B,BOS,AL,16,134,526,89,157,39,1,15,73,53,47,15,4,5,5,0,0,75,0,0,0,0,0,0
430910,Brayan Pena,1/7/1982,C,KCA,AL,16,76,264,27,71,16,1,5,29,19,35,3,1,2,3,47,0,0,0,0,0,0,0,0
150289,Carlos Pena,5/17/1978,1B,CHN,NL,16,137,474,75,109,22,1,31,89,84,153,3,2,8,4,0,142,0,0,0,0,0,0,0
455369,Ramiro Pena,7/18/1985,SS-3B,NYA,AL,12,92,241,29,60,9,2,2,19,15,46,7,2,2,2,0,0,8,48,23,0,0,2,2
452254,Hunter Pence,4/13/1983,OF,HOU,NL,16,155,584,82,163,29,4,24,89,46,106,15,9,2,3,0,0,0,0,0,0,0,156,156
460060,Cliff Pennington,6/15/1984,SS,OAK,AL,16,142,488,62,123,24,5,6,45,53,88,24,6,3,3,0,0,0,0,156,0,0,0,0
425509,Jhonny Peralta,5/28/1982,SS-3B,DET,AL,16,149,554,67,144,32,2,16,70,48,113,1,1,3,6,0,2,0,9,46,0,0,0,0
445010,Fernando Perez,4/23/1983,,,,12,65,204,27,48,7,2,3,18,18,55,11,4,2,2,0,0,0,0,0,0,0,0,0
519128,Bryan Petersen,4/9/1986,,,,10,73,210,25,50,8,2,4,20,19,45,4,3,3,3,0,0,0,0,0,5,0,1,6
408252,Brandon Phillips,6/28/1981,2B,CIN,NL,16,152,591,85,161,29,5,19,78,42,82,19,10,6,4,0,0,152,0,0,0,0,0,0
444351,Kyle Phillips,4/3/1984,C,SDN,NL,6,72,162,15,41,8,1,3,16,13,31,1,0,2,2,0,0,0,0,0,0,0,0,0
150207,Paul Phillips,4/15/1977,C,CLE,AL,9,43,165,18,40,8,1,2,13,13,27,1,0,1,2,10,1,0,0,0,0,0,0,0
429712,Felix Pie,2/8/1985,OF,BAL,AL,16,105,373,50,100,18,5,9,44,25,73,8,4,2,3,0,0,0,0,0,70,9,2,77
334393,Juan Pierre,8/14/1977,OF,CHA,AL,16,145,562,78,157,18,5,2,37,37,42,49,15,11,2,0,0,0,0,0,149,0,0,149
150229,A.J. Pierzynski,12/30/1976,C,CHA,AL,16,129,468,50,128,24,1,10,52,20,51,2,2,4,3,127,0,0,0,0,0,0,0,0
461858,Trevor Plouffe,6/15/1986,SS,MIN,AL,12,95,267,32,62,13,2,8,32,15,55,2,2,3,3,0,0,2,0,9,0,0,0,0
325392,Scott Podsednik,3/18/1976,OF,TOR,AL,14,126,459,58,128,18,5,5,40,36,73,26,11,2,3,0,0,0,0,0,37,5,0,38
135784,Placido Polanco,10/10/1975,3B,PHI,NL,16,136,551,75,159,27,2,7,53,33,46,5,1,7,5,0,0,12,123,0,0,0,0,0
120691,Jorge Posada,8/17/1971,C,NYA,AL,16,109,382,51,98,22,1,17,59,53,97,2,1,4,3,83,1,0,0,0,0,0,0,0
457763,Buster Posey,3/27/1987,C-1B,SFN,NL,16,119,471,67,139,27,2,18,71,43,69,1,2,5,4,76,30,0,0,0,0,0,0,0
445169,Landon Powell,3/19/1982,C,OAK,AL,13,54,182,23,41,8,0,6,22,23,46,1,0,1,2,38,1,0,0,0,0,0,0,0
445988,Martin Prado,10/27/1983,2B-3B,ATL,NL,15,141,554,84,166,38,3,13,71,40,75,4,3,3,4,0,5,98,43,0,0,0,0,0
502100,Alex Presley,7/25/1985,OF,PIT,NL,11,84,226,29,58,10,3,4,24,16,46,5,3,2,2,0,0,0,0,0,2,4,8,14
445095,Jason Pridie,10/9/1983,OF,NYN,NL,7,83,287,34,70,11,3,5,28,16,64,10,4,2,3,0,0,0,0,0,0,0,0,0
405395,Albert Pujols,1/16/1980,1B,STL,NL,16,153,558,110,177,39,1,40,124,99,67,12,4,6,6,0,157,0,0,0,0,0,0,0
346857,Nick Punto,11/8/1977,SS-3B,SLN,NL,13,106,297,35,72,14,2,1,21,38,60,10,4,1,4,0,0,12,48,31,0,0,0,0
435041,Carlos Quentin,8/28/1982,OF,CHA,AL,16,131,465,73,120,25,1,27,84,50,79,4,2,18,4,0,0,0,0,0,0,0,104,104
425477,Robb Quinlan,3/17/1977,1B-3B,LAA,AL,7,59,191,20,46,7,1,3,16,14,40,3,1,2,1,0,13,0,1,0,1,0,3,4
279827,Humberto Quintero,8/2/1979,C,HOU,NL,14,79,251,20,59,11,1,5,23,11,57,0,0,5,1,87,0,0,0,0,0,0,0,0
425565,Guillermo Quiroz,11/29/1981,C,SEA,AL,8,35,145,14,33,7,0,2,13,10,35,0,0,2,2,2,0,0,0,0,0,0,0,0
430605,Ryan Raburn,4/17/1981,OF,DET,AL,16,109,403,58,109,23,2,17,62,34,92,5,3,5,2,0,1,18,2,0,73,7,20,91
493351,Alexei Ramirez,9/22/1981,SS,CHA,AL,16,149,548,73,153,23,2,17,69,34,72,13,7,2,5,0,0,0,0,156,0,0,0,0
133380,Aramis Ramirez,6/25/1978,3B,CHN,NL,16,125,474,68,130,24,1,23,78,43,80,1,1,7,4,0,0,0,118,0,0,0,0,0
434670,Hanley Ramirez,12/23/1983,SS,FLO,NL,16,149,564,97,175,35,2,24,92,66,100,30,10,8,4,0,0,0,0,140,0,0,0,0
120903,Manny Ramirez,5/30/1972,OF,TBA,AL,16,109,389,60,110,21,1,17,62,64,89,1,1,7,3,0,0,0,0,0,48,0,0,48
445615,Max Ramirez,10/11/1984,C,CHN,NL,11,51,190,24,46,8,0,6,23,24,55,1,0,5,4,26,0,0,0,0,0,0,0,0
457133,Wilkin Ramirez,10/25/1985,3B,DET,AL,7,107,324,42,76,12,4,11,42,26,111,12,5,4,2,0,0,0,0,0,0,0,0,0
467092,Wilson Ramos,8/10/1987,C,WAS,NL,13,81,279,29,73,16,1,6,32,13,48,1,1,3,2,15,0,0,0,0,0,0,0,0
285068,Cody Ransom,2/17/1976,SS-2B,PHI,NL,7,60,177,25,41,10,1,7,24,17,49,3,1,3,2,0,3,6,9,0,0,0,0,0
458675,Colby Rasmus,8/11/1986,OF,STL,NL,16,142,483,76,126,26,2,21,75,56,120,10,4,3,3,0,0,0,0,0,0,134,0,134
489231,John Raynor,1/4/1984,OF,FLO,NL,9,66,219,29,54,10,1,4,22,21,60,9,3,3,2,0,0,0,0,0,0,1,2,3
502210,Josh Reddick,2/19/1987,OF,BOS,AL,10,100,270,32,66,15,3,8,35,16,56,4,2,1,3,0,0,0,0,0,6,6,15,25
430598,Jeremy Reed,6/15/1981,OF,CHA,AL,7,73,188,18,48,9,1,2,17,14,30,2,2,1,2,0,2,0,0,0,6,0,3,9
460099,Nolan Reimold,10/12/1983,OF,BAL,AL,16,106,340,45,88,17,1,13,48,42,70,5,2,5,4,0,0,0,0,0,22,0,2,23
121074,Edgar Renteria,8/7/1975,,,,16,108,366,43,96,17,2,6,35,33,61,5,2,1,3,0,0,0,0,68,0,0,0,0
434705,Jason Repko,12/27/1980,OF,MIN,AL,11,93,240,30,56,10,1,5,25,22,63,8,3,7,3,0,0,0,0,0,6,6,39,48
519184,Ben Revere,5/3/1988,OF,MIN,AL,13,86,238,28,64,8,2,1,17,18,33,16,7,4,2,0,0,0,0,0,3,6,2,11
408314,Jose Reyes,6/11/1983,SS,NYN,NL,16,128,544,81,154,28,10,11,64,43,64,35,10,2,3,0,0,0,0,133,0,0,0,0
448602,Mark Reynolds,8/3/1983,3B,BAL,AL,16,149,516,82,120,23,2,34,97,73,198,12,5,6,4,0,5,0,142,0,0,0,0,0
489242,Will Rhymes,4/1/1983,2B,DET,AL,14,91,296,38,82,15,4,2,26,25,38,7,4,2,3,0,0,53,0,0,0,0,0,0
425567,Alex Rios,2/18/1981,OF,CHA,AL,16,149,566,79,155,32,3,18,77,38,98,27,9,5,5,0,0,0,0,0,1,143,0,144
407487,Juan Rivera,7/3/1978,OF,TOR,AL,16,123,425,55,114,21,1,18,62,31,56,2,1,3,4,0,13,0,0,0,83,1,25,105
407576,Mike Rivera,9/8/1976,C,LAN,NL,7,50,160,16,36,8,0,3,15,16,39,2,1,3,1,5,0,0,0,0,0,0,0,0
406878,Brian Roberts,10/9/1977,2B,BAL,AL,16,122,502,78,141,35,2,9,59,58,85,25,6,2,4,0,0,59,0,0,0,0,0,0
440251,Ryan Roberts,9/19/1980,OF,ARI,NL,12,71,219,29,55,12,2,5,25,25,46,5,2,2,3,0,0,1,1,0,14,0,1,15
453203,Shane Robinson,10/30/1984,OF,STL,NL,8,60,177,20,45,8,1,2,16,13,28,5,2,3,3,0,0,0,0,0,0,0,0,0
121347,Alex Rodriguez,7/27/1975,3B,NYA,AL,16,134,502,82,140,25,1,31,94,69,104,9,3,8,6,0,0,0,124,0,0,0,0,0
121358,Ivan Rodriguez,11/30/1971,C,WAS,NL,16,105,356,35,91,17,1,5,33,18,73,2,2,2,3,103,0,0,0,0,0,0,0,0
425904,Luis Rodriguez,6/27/1980,SS-2B,SEA,AL,10,65,219,25,55,9,1,3,19,24,23,2,1,1,3,0,0,0,0,0,0,0,0,0
446481,Sean Rodriguez,4/26/1985,2B-OF,TBA,AL,16,123,407,59,100,21,2,14,55,35,113,11,3,8,2,0,3,92,7,5,5,9,8,21
489262,Ryan Rohlinger,10/7/1983,SS,SFN,NL,10,83,226,28,56,13,1,5,26,19,48,2,1,6,3,0,0,0,3,4,0,0,0,0
121409,Scott Rolen,4/4/1975,3B,CIN,NL,16,122,451,63,125,30,2,14,62,45,73,3,2,7,6,0,0,0,130,0,0,0,0,0
276519,Jimmy Rollins,11/27/1978,SS,PHI,NL,16,129,522,75,137,30,5,14,66,44,53,27,4,3,4,0,0,0,0,88,0,0,0,0
461865,Andrew Romine,12/24/1985,SS,LAA,AL,9,102,256,30,60,9,2,2,17,22,53,11,5,4,3,0,0,0,0,4,0,0,0,0
489267,Adam Rosales,5/20/1983,2B,OAK,AL,13,94,298,36,74,13,2,7,33,25,65,3,2,5,4,0,7,47,5,14,5,0,0,5
425496,Cody Ross,12/20/1980,OF,SFN,NL,16,134,466,60,123,27,2,17,66,32,105,6,2,6,3,0,0,0,0,0,21,12,8,33
424325,David Ross,3/19/1977,C,ATL,NL,14,60,182,23,45,12,1,6,25,28,50,0,1,2,2,57,0,0,0,0,0,0,0,0
400023,Aaron Rowand,8/29/1977,OF,SFN,NL,15,111,372,45,94,20,1,11,45,24,90,4,2,11,3,0,0,0,0,0,0,85,0,85
448605,Justin Ruggiano,4/12/1982,OF,TBA,AL,6,121,271,34,65,13,1,7,30,22,81,10,3,5,2,0,0,0,0,0,0,0,0,0
434563,Carlos Ruiz,1/22/1979,C,PHI,NL,16,114,366,42,98,24,1,8,44,49,50,2,1,5,2,118,0,0,0,0,0,0,0,0
501835,Kevin Russo,7/8/1984,3B,NYA,AL,11,70,204,24,50,9,1,2,17,16,40,5,2,4,2,0,0,2,16,0,11,0,0,11
453895,Brendan Ryan,3/26/1982,SS,SEA,AL,15,119,396,49,101,18,3,3,32,27,58,12,5,5,3,0,0,0,0,139,0,0,0,0
448767,Dusty Ryan,9/2/1984,C,NYN,NL,7,68,166,18,37,8,0,5,19,20,51,1,1,2,2,0,0,0,0,0,0,0,0,0
400073,Oscar Salazar,6/27/1978,OF,SDN,NL,12,80,307,27,53,10,1,6,25,19,33,1,1,1,3,0,7,6,1,0,17,0,7,24
457454,Jarrod Saltalamacchia,5/2/1985,C,BOS,AL,16,94,311,39,76,17,1,9,39,32,88,1,1,3,2,1,0,0,0,0,0,0,0,0
447816,Angel Sanchez,9/20/1983,SS,HOU,NL,12,82,307,34,80,13,3,2,23,21,52,2,2,3,2,0,0,0,0,1,0,0,0,0
408108,Freddy Sanchez,12/21/1977,2B,SFN,NL,16,123,480,60,135,26,2,8,49,28,72,3,1,3,5,0,0,109,0,0,0,0,0,0
459991,Gaby Sanchez,9/2/1983,1B,FLO,NL,16,126,488,63,133,29,2,17,69,48,81,5,2,4,4,0,149,0,0,0,0,0,0,0
461866,Freddy Sandoval,8/16/1982,3B,LAA,AL,7,64,249,31,64,13,2,4,25,21,44,4,2,3,2,0,0,0,0,0,0,0,0,0
467055,Pablo Sandoval,8/11/1986,3B,SFN,NL,16,146,551,73,164,38,3,18,82,44,76,4,2,3,5,0,11,0,143,0,0,0,0,0
467793,Carlos Santana,4/8/1986,C,CLE,AL,16,106,392,61,105,25,1,16,61,70,74,5,1,3,5,40,0,0,0,0,0,0,0,0
421124,Ramon Santiago,8/31/1979,SS-2B,DET,AL,13,89,279,34,72,10,2,5,25,24,52,2,2,6,2,0,0,25,0,85,0,0,0,0
435408,Omir Santos,4/29/1981,C,DET,AL,8,56,201,20,49,10,0,4,20,12,33,1,0,3,3,0,0,0,0,0,0,0,0,0
400154,Dane Sardinha,4/8/1979,C,PHI,NL,9,62,179,17,36,7,0,5,19,11,56,1,0,2,3,12,0,0,0,0,0,0,0,0
459431,Michael Saunders,11/19/1986,OF,SEA,AL,15,122,384,46,90,16,3,12,45,40,104,10,4,2,2,0,0,0,0,0,77,14,0,89
457384,Bobby Scales,10/4/1977,3B,CHN,NL,10,66,221,31,56,12,2,5,25,29,50,3,2,4,3,0,0,0,7,0,0,0,0,0
457788,Jordan Schafer,9/4/1986,OF,ATL,NL,11,67,228,26,51,11,1,4,22,27,62,6,4,1,2,0,0,0,0,0,0,0,0,0
435625,Nate Schierholtz,2/15/1984,OF,SFN,NL,13,117,315,41,82,19,4,6,37,21,54,5,3,4,3,0,0,0,0,0,0,0,109,109
520209,Konrad Schmidt,8/2/1984,C,ARI,NL,9,57,230,25,60,13,1,4,24,15,46,2,1,4,3,2,0,0,0,0,0,0,0,0
150411,Brian Schneider,11/26/1976,C,PHI,NL,14,63,206,21,49,9,1,5,22,25,36,0,0,2,2,46,0,0,0,0,0,0,0,0
435401,Skip Schumaker,2/3/1980,2B,STL,NL,15,143,490,69,139,24,2,5,44,46,66,5,3,2,3,0,0,123,0,0,4,1,12,17
432928,Luke Scott,6/25/1978,,BAL,AL,14,134,458,64,120,27,1,24,80,57,103,2,1,4,4,0,19,0,0,0,14,0,0,14
340192,Marco Scutaro,10/30/1975,SS,BOS,AL,16,137,510,71,138,28,1,9,52,58,66,7,3,3,5,0,0,16,0,132,0,0,0,0
431159,Kelly Shoppach,4/29/1980,C,TBA,AL,16,74,240,32,55,14,0,10,36,27,92,0,0,10,2,56,0,0,0,0,0,0,0,0
429713,Grady Sizemore,8/2/1982,OF,CLE,AL,16,122,468,73,120,24,4,18,67,61,102,17,6,6,2,0,0,0,0,0,0,32,0,32
502003,Scott Sizemore,1/4/1985,2B,DET,AL,15,95,338,45,86,19,2,8,38,32,79,5,2,4,3,0,0,40,6,0,0,0,0,0
452234,Seth Smith,9/30/1982,OF,COL,NL,16,124,390,59,104,22,4,17,62,43,73,4,1,3,3,0,0,0,0,0,71,0,33,101
475253,Justin Smoak,12/5/1986,1B,SEA,AL,16,116,444,56,109,20,0,16,58,59,102,1,0,2,4,0,25,0,0,0,0,0,0,0
501983,Travis Snider,2/2/1988,OF,TOR,AL,16,125,458,61,119,27,1,21,73,42,126,6,3,3,3,0,0,0,0,0,53,0,29,80
430957,Brad Snyder,5/25/1982,OF,CHN,NL,10,81,224,31,56,13,2,8,32,18,65,6,2,2,3,0,0,0,0,0,3,0,6,7
474319,Brandon Snyder,11/23/1986,1B,BAL,AL,10,73,240,28,62,14,1,6,29,17,58,2,1,4,3,0,10,0,0,0,0,0,0,0
430965,Chris Snyder,2/12/1981,C,PIT,NL,16,95,317,38,71,14,0,13,44,50,90,0,0,3,3,40,0,0,0,0,0,0,0,0
519299,Eric Sogard,5/22/1986,2B,OAK,AL,10,75,267,35,70,13,2,3,24,30,39,5,4,2,3,0,0,3,0,0,0,0,0,0
150093,Alfonso Soriano,1/7/1976,OF,CHN,NL,16,129,484,66,124,30,2,23,81,42,117,8,2,3,3,0,0,0,0,0,134,0,0,134
434567,Geovany Soto,1/20/1983,C,CHN,NL,16,117,400,52,107,24,1,18,64,60,95,1,1,2,4,104,0,0,0,0,0,0,0,0
452655,Denard Span,2/27/1984,OF,MIN,AL,16,146,573,87,162,22,9,6,52,63,80,24,8,7,3,0,0,0,0,0,0,153,0,153
448676,Ryan Spilborghs,9/5/1979,OF,COL,NL,16,114,334,44,88,20,2,9,42,38,76,6,4,3,3,0,0,0,0,0,46,6,62,107
425833,Max St. Pierre,4/17/1980,C,DET,AL,8,61,194,22,48,9,1,6,23,14,33,1,1,3,2,4,0,0,0,0,0,0,0,0
122644,Matt Stairs,2/27/1968,OF,WAS,NL,10,83,185,24,43,8,0,8,26,24,52,1,0,3,2,0,3,0,0,0,13,0,1,14
519317,Mike Stanton,11/8/1989,OF,FLO,NL,16,125,485,69,124,26,2,30,91,52,150,5,2,4,3,0,0,0,0,0,0,0,98,98
458036,Nick Stavinoha,5/3/1982,OF,STL,NL,13,66,186,20,48,9,1,5,21,10,35,1,0,2,3,1,3,0,0,0,5,0,22,27
455755,Chris Stewart,2/19/1982,C,SFN,NL,7,68,222,25,53,11,1,3,20,20,37,1,1,5,2,1,1,0,0,0,0,0,0,0
456655,Ian Stewart,4/5/1985,3B,COL,NL,16,142,448,66,114,22,3,23,75,53,130,6,3,6,4,0,0,0,115,0,0,0,0,0
453211,Drew Stubbs,10/4/1984,OF,CIN,NL,16,136,510,79,129,21,4,19,69,52,148,29,7,4,4,0,0,0,0,0,0,147,0,147
450300,Drew Sutton,6/30/1983,OF,BOS,AL,8,77,212,28,52,12,1,5,24,25,55,4,2,3,2,0,0,1,1,1,0,0,0,0
400085,Ichiro Suzuki,10/22/1973,OF,SEA,AL,16,146,630,82,196,25,4,7,57,40,76,32,7,3,3,0,0,0,0,0,0,0,160,160
435559,Kurt Suzuki,10/4/1983,C,OAK,AL,16,138,513,61,136,26,1,13,59,34,57,5,2,9,4,123,0,0,0,0,0,0,0,0
435220,Ryan Sweeney,2/20/1985,OF,OAK,AL,14,115,402,52,115,24,2,5,40,35,60,5,3,2,4,0,0,0,0,0,0,1,80,81
430897,Nick Swisher,11/25/1980,OF,NYA,AL,16,143,511,80,132,29,2,26,87,73,127,1,2,5,4,0,6,0,0,0,0,1,134,134
467798,Jose Tabata,8/12/1988,OF,PIT,NL,15,132,526,77,151,27,4,6,51,39,75,26,9,4,3,0,0,0,0,0,93,13,0,102
461874,Craig Tatum,3/18/1983,C,BAL,AL,13,56,186,18,43,8,0,3,16,15,41,1,0,2,2,42,0,0,0,0,0,0,0,0
430838,Willy Taveras,12/25/1981,OF,COL,NL,6,84,238,33,59,8,2,2,16,14,37,18,4,3,2,0,0,0,0,0,6,3,14,22
446345,Michael Taylor,12/19/1985,,,,6,111,330,45,87,18,2,8,39,31,69,8,4,5,3,0,0,0,0,0,0,0,0,0
460003,Taylor Teagarden,12/21/1983,,,,12,58,198,25,42,10,0,7,26,18,74,0,0,3,2,28,0,0,0,0,0,0,0,0
433597,Mark Teahen,9/6/1981,3B,CHA,AL,15,120,391,50,101,23,2,9,46,36,99,5,3,3,3,0,3,0,52,0,0,0,10,10
407893,Mark Teixeira,4/11/1980,1B,NYA,AL,16,152,579,101,162,37,1,34,110,82,111,1,0,10,5,0,149,0,0,0,0,0,0,0
123173,Miguel Tejada,5/25/1974,SS-3B,SFN,NL,16,144,577,69,161,31,1,13,65,25,59,3,2,8,4,0,0,0,4,58,0,0,0,0
514913,Ruben Tejada,10/27/1989,SS-2B,NYN,NL,13,88,299,35,71,15,1,2,23,25,49,5,3,7,4,0,0,50,0,28,0,0,0,0
407801,Marcus Thames,3/6/1977,OF,LAN,NL,14,83,266,32,66,10,0,14,42,24,76,1,1,2,3,0,0,0,1,0,25,0,8,32
444135,Ryan Theriot,12/7/1979,SS-2B,STL,NL,16,146,558,72,154,17,3,3,39,47,73,19,9,4,3,0,0,53,0,0,0,0,0,0
489365,Josh Thole,10/28/1986,C,NYN,NL,15,85,316,34,87,17,2,4,30,34,40,3,1,3,3,61,0,0,0,0,0,0,0,0
460004,Clete Thomas,11/14/1983,OF,DET,AL,11,63,232,32,57,12,2,5,26,28,57,8,2,2,1,0,0,0,0,0,0,0,0,0
123272,Jim Thome,8/27/1970,,MIN,AL,15,101,327,51,82,15,1,21,62,62,102,0,0,2,3,0,0,0,0,0,0,0,0,0
407871,Joe Thurston,9/29/1979,2B,FLO,NL,8,99,237,26,57,11,2,3,22,20,39,4,3,4,2,0,0,0,0,0,0,0,0,0
445196,Matt Tolbert,5/4/1982,2B,MIN,AL,11,72,222,26,55,10,3,2,19,18,40,6,3,1,3,0,4,20,14,3,0,0,1,1
476270,Steve Tolleson,11/1/1983,,,,9,68,223,27,58,12,1,4,24,20,43,4,2,3,2,0,0,4,6,11,1,0,1,1
444430,Wyatt Toregas,12/2/1982,C,PIT,NL,6,59,142,12,33,6,0,3,14,10,27,1,1,3,3,0,0,0,0,0,0,0,0,0
150275,Yorvit Torrealba,7/19/1978,C,TEX,AL,16,83,331,36,88,17,1,7,35,29,66,4,3,4,3,92,0,0,0,0,0,0,0,0
400083,Andres Torres,1/26/1978,OF,SFN,NL,16,116,441,69,114,26,7,13,59,43,111,20,5,2,1,0,0,0,0,0,37,84,43,133
453525,J.R. Towles,2/11/1984,C,HOU,NL,12,53,172,19,37,9,0,6,21,15,44,1,1,6,2,15,0,0,0,0,0,0,0,0
276354,Matt Treanor,3/3/1976,C,TEX,AL,12,61,218,23,50,7,1,4,19,21,45,1,1,4,3,81,0,0,0,0,0,0,0,0
444432,Mark Trumbo,1/16/1986,,,,9,95,269,34,67,13,1,10,37,19,66,2,2,1,3,0,6,0,0,0,0,0,1,1
449168,Matt Tuiasosopo,5/10/1986,OF,SEA,AL,12,69,225,28,50,11,1,6,26,24,68,2,1,4,2,0,9,2,12,6,14,0,0,14
453064,Troy Tulowitzki,10/10/1984,SS,COL,NL,16,144,525,89,155,31,5,27,94,59,92,12,6,4,5,0,0,0,0,122,0,0,0,0
457759,Justin Turner,11/23/1984,,,,10,73,211,27,56,12,1,3,21,17,33,3,1,4,3,0,0,3,0,1,0,0,0,0
462564,Dan Uggla,3/11/1980,2B,ATL,NL,16,153,557,88,146,29,1,31,97,75,145,3,2,5,4,0,0,158,0,0,0,0,0,0
425834,B.J. Upton,8/21/1984,OF,TBA,AL,16,149,533,80,134,35,3,16,71,69,147,39,12,3,4,0,0,0,0,0,0,154,0,154
457708,Justin Upton,8/25/1987,OF,ARI,NL,16,144,519,81,144,29,5,23,84,65,144,18,7,4,5,0,0,0,0,0,0,0,128,128
346874,Juan Uribe,3/22/1979,SS-2B-3B,LAN,NL,16,126,459,55,116,23,2,18,65,32,87,2,2,3,4,0,0,24,26,103,0,0,0,0
400284,Chase Utley,12/17/1978,2B,PHI,NL,16,138,520,91,146,27,3,24,84,68,88,15,2,20,5,0,0,114,0,0,0,0,0,0
453362,Chris Valaika,8/14/1985,2B,CIN,NL,12,95,241,26,63,13,1,5,26,13,53,2,1,2,5,0,0,13,0,1,0,0,0,0
472528,Luis Valbuena,11/30/1985,2B,CLE,AL,14,127,395,48,96,22,2,8,43,38,82,5,4,2,3,0,0,71,9,5,1,0,0,1
407832,Wilson Valdez,5/20/1978,SS-2B,PHI,NL,12,93,285,33,73,12,2,3,23,20,39,6,2,3,2,0,0,42,7,59,0,0,0,0
502143,Danny Valencia,9/19/1984,3B,MIN,AL,15,130,490,56,137,29,2,10,57,34,84,3,1,2,4,0,0,0,81,0,0,0,0,0
457508,Jonathan Van Every,11/27/1979,OF,WAS,NL,8,60,174,24,38,7,1,7,24,22,65,2,1,2,1,0,0,0,0,0,3,12,6,21
123660,Jason Varitek,4/11/1972,C,BOS,AL,16,62,224,27,50,12,0,9,30,29,65,0,0,2,3,39,0,0,0,0,0,0,0,0
464299,Eugenio Velez,5/16/1982,OF,SFN,NL,10,93,268,34,69,13,4,4,27,17,49,14,7,2,2,0,0,1,0,0,13,5,1,17
461416,Will Venable,10/29/1982,OF,SDN,NL,16,126,416,56,102,16,5,14,54,42,120,18,5,4,4,0,1,0,0,0,23,25,89,121
493364,Dayan Viciedo,3/10/1989,3B,CHA,AL,14,90,288,37,76,14,0,12,42,13,65,2,1,4,2,0,7,0,23,0,0,0,0,0
425664,Shane Victorino,11/30/1980,OF,PHI,NL,16,148,563,82,155,29,9,14,70,49,72,29,8,6,2,0,0,0,0,0,0,143,0,143
123744,Omar Vizquel,4/24/1967,3B,CHA,AL,13,81,282,29,69,9,1,2,19,26,40,7,4,1,3,0,0,19,83,9,0,0,0,0
458015,Joey Votto,9/10/1983,1B,CIN,NL,16,150,538,92,165,36,2,31,104,78,118,10,4,5,3,0,149,0,0,0,0,0,0,0
435522,Neil Walker,9/10/1985,2B,PIT,NL,15,137,526,69,143,35,3,15,71,41,99,7,4,3,5,0,0,105,6,0,0,0,0,0
477165,Brett Wallace,8/26/1986,1B,HOU,NL,14,108,391,45,97,18,2,11,46,26,96,1,1,11,2,0,48,0,0,0,0,0,0,0
430001,Rickie Weeks,9/13/1982,2B,MIL,NL,16,127,515,85,133,24,4,22,77,60,137,12,4,15,2,0,0,159,0,0,0,0,0,0
475676,Nick Weglarz,12/16/1987,OF,CLE,AL,6,110,289,41,69,16,2,9,37,41,73,2,2,7,3,0,0,0,0,0,0,0,0,0
489413,Casper Wells,11/23/1984,OF,DET,AL,12,78,246,33,62,13,3,10,38,22,70,4,4,7,2,0,0,0,0,0,8,4,29,36
150484,Vernon Wells,12/8/1978,OF,LAA,AL,16,147,563,76,151,34,2,22,84,45,79,9,4,3,4,0,0,0,0,0,0,151,0,151
150029,Jayson Werth,5/20/1979,OF,WAS,NL,16,149,524,88,142,30,2,27,90,76,139,15,3,6,5,0,0,0,0,0,0,21,135,153
434630,Eli Whiteside,10/22/1979,C,SFN,NL,13,55,177,21,41,8,1,4,20,11,46,1,1,3,2,55,0,0,0,0,0,0,0,0
446308,Matt Wieters,5/21/1986,C,BAL,AL,16,133,467,54,127,24,2,15,61,50,98,1,1,2,5,125,0,0,0,0,0,0,0,0
421064,Ty Wigginton,10/11/1977,2B-3B-1B,COL,NL,16,123,422,51,111,22,1,16,59,33,76,2,2,6,5,0,99,40,22,0,0,0,0,0
425545,Josh Willingham,2/17/1979,OF,OAK,AL,16,130,432,63,111,24,2,19,67,63,99,5,2,11,3,0,0,0,0,0,108,0,0,108
435065,Reggie Willits,5/30/1981,OF,LAA,AL,12,90,209,28,50,9,0,1,14,26,42,7,4,2,3,0,0,0,0,0,44,29,8,76
435064,Bobby Wilson,4/8/1983,C,LAA,AL,11,43,168,19,41,9,0,4,19,14,36,0,0,1,1,38,1,0,0,0,0,0,0,0
333292,Jack Wilson,12/29/1977,SS,SEA,AL,15,89,309,30,78,17,1,3,26,17,47,2,2,2,3,0,0,0,0,60,0,0,0,0
425543,Josh Wilson,3/26/1981,SS,SEA,AL,13,97,308,28,72,15,2,3,25,16,65,4,2,9,2,0,3,2,4,98,0,0,0,0
133160,Randy Winn,6/9/1974,OF,BAL,AL,11,109,278,34,73,14,2,3,26,26,47,8,1,1,5,0,0,0,0,0,7,9,35,46
276547,DeWayne Wise,2/24/1978,OF,FLO,NL,12,74,201,27,49,10,3,5,25,11,46,7,3,3,1,0,0,0,0,0,10,18,17,44
457420,Brandon Wood,3/2/1985,SS-3B,LAA,AL,14,87,262,31,57,10,1,9,31,17,75,2,1,4,2,0,2,0,56,22,0,0,0,0
519445,Danny Worth,9/30/1985,SS,DET,AL,11,74,229,24,56,10,1,3,20,16,45,5,3,2,2,0,0,12,3,24,0,0,0,0
431151,David Wright,12/20/1982,3B,NYN,NL,16,153,577,90,166,37,3,24,93,74,141,21,8,3,8,0,0,0,155,0,0,0,0,0
425903,Kevin Youkilis,3/15/1979,1B,BOS,AL,16,134,485,86,144,33,3,24,87,67,101,5,2,12,5,0,101,0,2,0,0,0,0,0
455759,Chris Young,9/5/1983,OF,ARI,NL,16,151,541,78,132,33,3,23,83,66,141,19,6,3,3,0,0,0,0,0,0,156,0,156
430321,Delmon Young,9/14/1985,OF,MIN,AL,16,139,534,70,156,33,2,18,75,26,91,7,4,5,6,0,0,0,0,0,149,0,0,149
434704,Delwyn Young,6/30/1982,OF,PHI,NL,12,85,220,26,57,12,1,6,26,17,54,1,0,2,1,0,0,10,8,0,0,0,21,21
458913,Eric Young,5/25/1985,2B,COL,NL,16,92,312,46,81,13,3,3,26,32,64,26,9,4,1,0,0,35,0,0,10,0,0,10
276545,Michael Young,10/19/1976,3B,TEX,AL,15,145,597,86,171,32,2,18,78,48,104,6,2,2,6,0,0,0,155,0,0,0,0,0
124748,Gregg Zaun,4/14/1971,C,SDN,NL,12,62,192,23,47,11,0,5,22,24,34,1,1,3,1,28,0,0,0,0,0,0,0,0
453368,Lance Zawadzki,5/26/1985,2B,SDN,NL,9,102,251,30,57,11,2,4,23,23,63,6,2,2,2,0,0,7,1,3,0,0,0,0
475582,Ryan Zimmerman,9/28/1984,3B,WAS,NL,16,146,565,90,164,34,2,27,96,65,103,3,1,3,5,0,0,0,137,0,0,0,0,0
450314,Ben Zobrist,5/26/1981,2B-OF,TBA,AL,16,141,499,77,130,26,4,17,68,79,98,17,4,3,6,0,14,56,2,0,1,14,103,110
457292,Tsuyoshi Nishioka,7/27/1984,2B,MIN,AL,4,146,567,85,156,27,8,8,46,53,85,24,11,5,2,0,0,0,0,0,0,0,0,0
