mlbamID,playerName,defaultPos,age,team,league,G,BB,SO,HBP,SH,SF,AB,H,2B,3B,HR,SB,CS,R,RBI,G_C,G_1B,G_2B,G_3B,G_SS,G_LF,G_CF,G_RF,G_OF
545361,Mike Trout,OF,21,LAA,AL,154,70,134,7,7,4,608,181,31,8,26,42,13,117,83,0,0,0,0,0,67,110,4,139
458015,Joey Votto,1B,29,CIN,NL,154,110,123,6,1,5,540,161,38,1,27,5,3,101,94,0,109,0,0,0,0,0,0,0
462101,Elvis Andrus,SS,24,TEX,AL,154,63,82,6,5,5,611,170,30,6,6,18,9,88,62,0,0,0,0,153,0,0,0,0
456030,Dustin Pedroia,2B,29,BOS,AL,154,67,72,5,2,5,594,172,40,3,17,15,7,91,84,0,0,139,0,0,0,0,0,0
457706,Austin Jackson,OF,26,DET,AL,154,66,160,4,7,4,615,170,31,9,13,13,6,99,66,0,0,0,0,0,0,137,0,137
445988,Martin Prado,OF,29,ARI,NL,154,52,68,3,4,5,608,179,41,6,12,8,5,91,72,0,4,10,25,13,119,0,0,119
408234,Miguel Cabrera,3B,30,DET,AL,154,81,93,4,1,5,571,183,41,1,35,3,2,105,116,0,2,0,154,0,0,0,0,0
407812,Matt Holliday,OF,33,STL,NL,154,75,124,8,1,5,595,173,40,2,25,3,2,96,96,0,0,0,0,0,152,0,0,152
514888,Jose Altuve,2B,23,HOU,AL,154,40,76,5,6,4,625,179,36,5,10,27,11,88,60,0,0,147,0,0,0,0,0,0
457705,Andrew McCutchen,OF,26,PIT,NL,154,76,117,6,1,5,563,165,35,5,25,14,7,93,91,0,0,0,0,0,0,156,0,156
450314,Ben Zobrist,OF,32,TBA,AL,154,89,110,3,2,5,565,148,35,5,19,11,5,87,81,0,0,58,0,47,0,0,71,71
460075,Ryan Braun,OF,29,MIL,NL,154,63,116,7,1,5,597,180,37,3,33,19,8,101,106,0,0,0,0,0,151,0,0,151
502517,Daniel Murphy,2B,28,NYN,NL,154,44,82,4,4,5,613,175,44,3,10,7,4,84,63,0,12,138,0,0,0,0,0,0
408314,Jose Reyes,SS,30,TOR,AL,138,50,50,2,6,4,544,160,32,10,10,25,9,89,57,0,0,0,0,160,0,0,0,0
425902,Prince Fielder,1B,29,DET,AL,154,93,92,12,1,4,537,157,31,1,31,1,1,99,105,0,159,0,0,0,0,0,0,0
460086,Alex Gordon,OF,29,KCA,AL,154,70,129,6,1,5,574,159,39,4,17,7,4,82,82,0,0,0,0,0,160,0,0,160
431151,David Wright,3B,30,NYN,NL,154,78,124,4,1,5,569,160,37,2,21,10,5,85,85,0,0,0,155,1,0,0,0,0
543401,Jason Kipnis,2B,26,CLE,AL,154,63,117,6,4,5,607,158,31,5,16,19,9,89,73,0,0,146,0,0,0,0,0,0
429664,Robinson Cano,2B,30,NYA,AL,154,52,91,8,1,5,608,178,42,2,26,3,2,90,100,0,0,154,0,0,0,0,0,0
405395,Albert Pujols,1B,33,LAA,AL,154,73,74,5,1,5,579,173,40,1,36,7,3,102,113,0,120,0,3,0,0,0,0,0
434636,Angel Pagan,OF,31,SFN,NL,138,48,87,2,6,4,554,157,34,9,9,22,9,86,53,0,0,0,0,0,0,151,0,151
457708,Justin Upton,OF,25,ATL,NL,154,68,127,9,1,5,573,165,35,4,28,12,7,93,98,0,0,0,0,0,0,0,149,149
456714,Billy Butler,1B,27,KCA,AL,154,64,95,5,1,5,572,171,38,1,23,1,1,86,95,0,20,0,0,0,0,0,0,0
451594,Dexter Fowler,OF,27,COL,NL,138,75,132,4,6,4,505,138,31,12,11,9,5,87,56,0,0,0,0,0,0,131,0,131
444876,Alcides Escobar,2B,26,KCA,AL,154,35,91,6,5,5,610,166,30,7,6,22,9,77,60,0,0,0,0,155,0,0,0,0
452678,Asdrubal Cabrera,SS,27,CLE,AL,154,54,108,8,1,5,604,165,37,2,17,8,5,80,82,0,0,0,0,137,0,0,0,0
452104,Chase Headley,3B,29,SDN,NL,154,76,143,4,1,5,573,152,32,2,18,11,5,79,77,0,1,0,159,0,0,0,0,0
518792,Jason Heyward,OF,23,ATL,NL,154,75,132,5,1,5,574,154,32,5,27,13,7,92,92,0,0,0,0,0,0,2,154,156
592743,Andrelton Simmons,SS,23,ATL,NL,154,40,63,5,6,5,594,163,33,5,8,19,9,76,57,0,0,0,0,49,0,0,0,0
456422,Michael Bourn,OF,30,CLE,AL,138,60,125,4,6,4,542,143,26,5,6,31,10,80,46,0,0,0,0,0,0,153,0,153
408236,Adrian Gonzalez,1B,31,LAN,NL,154,69,107,5,1,5,572,168,35,1,28,2,1,89,98,0,151,0,0,0,0,0,18,18
408045,Joe Mauer,C,30,MIN,AL,138,73,74,4,1,5,505,152,30,3,11,4,2,72,69,74,30,0,0,0,0,0,0,0
516770,Starlin Castro,SS,23,CHN,NL,154,37,79,4,2,5,573,167,32,8,11,14,8,71,74,0,0,0,0,162,0,0,0,0
502671,Paul Goldschmidt,1B,25,ARI,NL,154,72,140,5,1,5,561,155,38,2,28,12,6,88,98,0,139,0,0,0,0,0,0,0
547180,Bryce Harper,OF,20,WAS,NL,154,63,127,3,2,5,589,155,29,7,24,16,8,86,86,0,0,0,0,0,7,92,65,138
493114,Norichika Aoki,OF,31,MIL,NL,138,47,60,7,5,4,537,155,29,4,9,17,7,78,52,0,0,0,0,0,13,19,107,133
408252,Brandon Phillips,2B,32,CIN,NL,154,41,85,8,4,5,611,168,34,2,18,10,5,87,72,0,0,146,0,0,0,0,0,0
444843,Andre Ethier,OF,31,LAN,NL,154,63,123,6,3,5,566,154,37,1,20,2,1,81,80,0,0,0,0,0,0,1,147,148
425834,B.J. Upton,OF,28,ATL,NL,154,65,165,3,4,5,590,145,33,3,23,26,10,91,74,0,0,0,0,0,0,142,0,142
457477,Alejandro De Aza,OF,29,CHA,AL,138,49,110,6,6,4,541,149,32,5,11,20,9,82,54,0,0,0,0,0,11,125,0,130
452655,Denard Span,OF,29,WAS,NL,138,53,70,3,6,4,552,148,29,4,6,14,6,77,44,0,0,0,0,0,0,125,0,125
453056,Jacoby Ellsbury,OF,29,BOS,AL,138,44,82,5,5,4,550,157,33,2,15,22,8,87,62,0,0,0,0,0,0,73,0,73
425664,Shane Victorino,OF,32,BOS,AL,138,52,69,6,3,4,509,139,30,8,11,22,8,76,62,0,0,0,0,0,48,109,1,154
475174,Yonder Alonso,1B,26,SDN,NL,154,62,105,3,2,5,558,146,34,1,13,4,2,67,71,0,149,0,0,0,0,0,0,0
434670,Hanley Ramirez,3B,29,LAN,NL,154,60,114,6,2,5,557,150,30,3,20,16,8,77,83,0,0,0,98,57,0,0,0,0
471865,Carlos Gonzalez,OF,27,COL,NL,138,54,112,4,1,4,516,158,35,5,27,14,6,88,94,0,0,0,0,0,131,0,0,131
518692,Freddie Freeman,1B,23,ATL,NL,154,62,122,6,2,5,561,153,34,2,25,3,2,83,92,0,146,0,0,0,0,0,0,0
452254,Hunter Pence,OF,30,SFN,NL,154,55,123,4,2,5,578,157,31,4,21,5,3,78,87,0,0,0,0,0,0,0,159,159
435062,Howie Kendrick,2B,29,LAA,AL,154,35,117,6,3,4,579,159,36,4,12,10,5,70,68,0,2,143,0,0,2,0,0,2
455976,Nick Markakis,OF,29,BAL,AL,138,55,67,5,1,4,515,149,34,2,15,4,2,73,71,0,0,0,0,0,0,0,102,102
435079,Ian Kinsler,2B,31,TEX,AL,138,61,70,7,5,4,521,138,31,3,19,15,6,86,65,0,0,144,1,0,0,0,0,0
457763,Buster Posey,C,26,SFN,NL,138,59,86,5,1,4,506,155,34,2,21,2,1,77,86,114,29,0,0,0,0,0,0,0
543333,Eric Hosmer,1B,23,KCA,AL,154,57,85,3,3,5,550,151,30,3,19,12,5,74,77,0,148,0,0,0,0,0,3,3
457775,Desmond Jennings,OF,26,TBA,AL,138,56,119,7,6,4,532,132,24,6,14,28,8,82,55,0,0,0,0,0,111,21,1,129
430945,Adam Jones,OF,27,BAL,AL,154,37,117,10,1,5,603,170,33,2,27,9,5,84,98,0,0,0,0,0,0,162,0,162
445055,Jon Jay,OF,28,STL,NL,138,40,86,9,4,4,522,150,30,4,9,11,6,69,59,0,0,0,0,0,0,116,0,116
519203,Anthony Rizzo,1B,23,CHN,NL,154,57,119,6,1,5,573,158,35,2,32,5,3,89,97,0,85,0,0,0,0,0,0,0
467055,Pablo Sandoval,3B,26,SFN,NL,138,49,77,2,1,4,525,156,37,3,22,2,1,79,86,0,3,0,102,0,0,0,0,0
430203,David DeJesus,OF,33,CHN,NL,138,57,93,8,5,4,514,137,27,6,12,5,3,78,50,0,0,0,0,0,3,50,100,143
400085,Ichiro Suzuki,OF,39,NYA,AL,138,27,61,2,5,4,554,161,23,4,7,22,7,70,53,0,0,0,0,0,35,7,132,156
592710,Josh Rutledge,SS,24,COL,NL,138,26,98,6,4,4,542,158,36,6,15,15,7,80,69,0,0,7,0,57,0,0,0,0
516782,Starling Marte,OF,24,PIT,NL,138,30,121,9,5,4,533,148,27,10,13,25,11,78,58,0,0,0,0,0,43,4,0,45
425783,Shin-Soo Choo,OF,30,CIN,NL,138,63,120,9,4,4,498,135,30,2,17,12,6,79,63,0,0,0,0,0,0,0,154,154
446381,Darwin Barney,2B,27,CHN,NL,154,33,65,5,5,5,566,152,29,4,6,6,3,62,53,0,0,155,0,3,0,0,0,0
425567,Alex Rios,OF,32,CHA,AL,154,34,88,4,2,5,584,159,32,5,20,14,7,75,82,0,0,0,0,0,0,0,156,156
340192,Marco Scutaro,2B,37,SFN,NL,138,43,50,4,4,4,526,149,29,3,7,5,3,69,55,0,0,118,15,27,0,0,0,0
519184,Ben Revere,OF,25,PHI,NL,138,32,52,4,4,4,531,149,18,5,3,29,11,64,45,0,0,0,0,0,5,39,84,121
519317,Giancarlo Stanton,OF,23,MIA,NL,154,69,159,6,1,5,562,154,33,2,44,5,3,95,115,0,0,0,0,0,0,0,117,117
461314,Matt Kemp,OF,28,LAN,NL,140,57,135,5,1,4,528,150,30,3,27,13,6,82,90,0,0,0,0,0,0,105,0,105
477195,Ike Davis,1B,26,NYN,NL,154,74,143,3,1,5,556,142,31,1,30,1,1,82,95,0,148,0,0,0,0,0,0,0
474832,Brandon Belt,1B,25,SFN,NL,138,66,113,4,2,4,469,128,29,5,15,10,5,65,67,0,139,0,0,0,4,0,0,4
466320,Melky Cabrera,OF,28,TOR,AL,138,42,77,2,3,4,521,148,29,6,13,9,5,73,66,0,0,0,0,0,106,0,11,112
276519,Jimmy Rollins,SS,34,PHI,NL,138,52,73,2,5,4,535,134,29,3,15,19,6,77,56,0,0,0,0,156,0,0,0,0
475582,Ryan Zimmerman,3B,28,WAS,NL,138,60,101,3,1,5,519,146,31,1,22,3,2,78,80,0,0,0,145,0,0,0,0,0
458731,Brett Gardner,OF,29,NYA,AL,138,61,87,5,4,4,444,116,22,5,7,30,9,66,48,0,0,0,0,0,15,0,0,15
467793,Carlos Santana,C,27,CLE,AL,138,86,99,3,1,4,481,120,28,2,20,3,2,75,76,100,21,0,0,0,1,0,0,1
150029,Jayson Werth,OF,34,WAS,NL,138,69,121,6,3,4,488,127,27,2,18,9,4,72,66,0,0,0,0,0,0,11,76,79
408299,Omar Infante,2B,31,DET,AL,154,29,64,2,5,5,538,152,26,6,9,10,5,68,66,0,0,144,6,0,0,0,0,0
425877,Yadier Molina,C,30,STL,NL,138,46,55,5,2,5,511,147,29,1,14,6,4,68,73,136,3,0,0,0,0,0,0,0
457803,Jay Bruce,OF,26,CIN,NL,154,67,146,4,2,5,555,144,28,3,34,5,4,87,101,0,0,0,0,0,0,0,154,154
493316,Yoenis Cespedes,OF,27,OAK,AL,138,49,105,6,1,4,516,146,27,4,24,10,6,76,85,0,0,0,0,0,56,48,0,102
446334,Evan Longoria,3B,27,TBA,AL,138,69,102,6,1,4,485,134,31,2,29,3,2,81,91,0,0,0,50,0,0,0,0,0
430947,Erick Aybar,SS,29,LAA,AL,138,30,65,6,3,4,513,141,29,4,8,15,7,65,57,0,0,0,0,139,0,0,0,0
431094,Aaron Hill,2B,31,ARI,NL,138,44,76,6,4,4,531,142,30,4,19,9,5,80,67,0,0,153,0,0,0,0,0,0
554429,Dustin Ackley,2B,25,SEA,AL,138,60,94,2,4,4,508,125,26,3,11,9,4,67,50,0,11,142,0,0,0,0,0,0
430832,Jose Bautista,OF,32,TOR,AL,138,91,95,6,1,4,467,123,23,1,33,5,3,87,93,0,4,0,1,0,0,0,90,90
430001,Rickie Weeks,2B,30,MIL,NL,138,62,138,11,4,4,515,125,26,3,19,9,4,80,62,0,0,152,0,0,0,0,0,0
502210,Josh Reddick,OF,26,OAK,AL,154,52,131,3,1,5,592,143,30,4,27,6,4,78,88,0,0,0,0,0,0,14,136,144
435522,Neil Walker,2B,27,PIT,NL,138,48,99,3,3,4,499,137,34,2,14,5,3,69,62,0,0,125,0,0,0,0,0,0
592518,Manny Machado,3B,20,BAL,AL,154,45,96,4,4,5,543,136,28,5,16,12,6,66,68,0,0,0,51,0,0,0,0,0
430897,Nick Swisher,OF,32,CLE,AL,138,74,121,5,1,4,479,124,29,1,21,1,1,73,76,0,41,0,0,0,0,0,109,109
488862,Yunel Escobar,SS,30,TBA,AL,138,48,66,5,3,4,512,135,24,2,9,3,2,65,54,0,0,0,0,143,0,0,0,0
276545,Michael Young,3B,36,PHI,NL,138,34,69,2,2,4,515,149,29,3,11,2,1,62,64,0,41,16,25,4,0,0,0,0
116539,Derek Jeter,SS,39,NYA,AL,125,39,74,5,4,4,498,144,24,1,8,6,3,68,52,0,0,0,0,135,0,0,0,0
501896,David Freese,3B,30,STL,NL,138,50,116,6,2,4,492,139,28,1,16,2,2,64,70,0,0,0,135,0,0,0,0,0
408047,Justin Morneau,1B,32,MIN,AL,138,55,97,5,1,4,499,133,30,2,19,1,1,70,76,0,99,0,0,0,0,0,0,0
433898,Jeff Keppinger,2B,33,CHA,AL,138,37,40,4,3,4,509,143,28,1,9,2,1,62,58,0,27,27,50,0,0,0,0,0
150212,Michael Cuddyer,OF,34,COL,NL,138,47,93,3,2,4,499,138,33,2,20,7,4,73,80,0,26,0,0,0,0,0,74,74
514913,Ruben Tejada,SS,23,NYN,NL,138,40,73,7,5,4,497,131,27,1,3,4,2,55,42,0,0,0,0,112,0,0,0,0
493351,Alexei Ramirez,SS,31,CHA,AL,154,33,75,4,4,5,551,146,25,3,13,10,5,63,64,0,0,0,0,158,0,0,0,0
,Adam Eaton,,24,,,122,41,64,9,4,3,405,123,24,4,7,24,10,61,46,0,0,0,0,0,0,0,0,0
516416,Jean Segura,SS,23,MIL,NL,138,31,72,4,4,4,486,130,21,6,7,30,12,54,50,0,0,0,0,44,0,0,0,0
117244,Paul Konerko,1B,37,CHA,AL,138,60,86,6,1,4,494,138,24,1,24,1,0,75,83,0,105,0,0,0,0,0,0,0
133380,Aramis Ramirez,3B,35,MIL,NL,138,41,79,7,1,4,515,142,31,2,23,4,2,72,84,0,0,0,143,0,0,0,0,0
285078,Josh Hamilton,OF,32,LAA,AL,138,49,128,4,1,4,512,142,30,2,26,5,3,78,89,0,0,0,0,0,84,95,2,138
429665,Edwin Encarnacion,,30,TOR,AL,138,63,85,6,1,4,494,131,26,1,27,6,4,78,86,0,68,0,1,0,3,0,0,3
134181,Adrian Beltre,3B,34,TEX,AL,138,32,73,5,1,4,527,155,32,2,27,1,1,78,95,0,0,0,129,0,0,0,0,0
116338,Torii Hunter,OF,37,DET,AL,138,46,116,6,3,4,508,137,26,2,17,5,3,73,70,0,0,0,0,0,0,0,134,134
425545,Josh Willingham,OF,34,MIN,AL,138,68,138,10,1,4,487,122,27,1,27,3,2,76,83,0,0,0,0,0,119,0,0,119
572122,Kyle Seager,3B,25,SEA,AL,138,42,87,5,1,4,505,133,30,1,13,8,5,60,63,0,0,18,138,0,0,0,0,0
424825,Coco Crisp,OF,33,OAK,AL,122,43,64,2,4,3,447,118,23,5,10,29,9,66,46,0,0,0,0,0,16,97,0,113
457727,Cameron Maybin,OF,26,SDN,NL,138,45,109,4,3,4,478,122,23,4,10,19,8,54,54,0,0,0,0,0,0,145,0,145
446308,Matt Wieters,C,27,BAL,AL,138,55,96,3,1,4,496,129,27,1,20,2,1,68,73,134,0,0,0,0,0,0,0,0
435622,Ian Desmond,SS,27,WAS,NL,138,33,110,4,2,4,506,137,29,2,16,14,6,60,65,0,0,0,0,128,0,0,0,0
443558,Nelson Cruz,OF,33,TEX,AL,138,45,118,3,2,5,504,135,33,1,25,6,3,74,83,0,0,0,0,0,6,0,151,151
425560,Adam LaRoche,1B,33,WAS,NL,138,58,127,2,2,4,492,124,28,1,23,1,1,67,76,0,153,0,0,0,0,0,0,0
400284,Chase Utley,2B,34,PHI,NL,122,51,61,12,1,4,417,112,23,3,15,10,4,64,61,0,0,81,0,0,0,0,0,0
446263,Lucas Duda,OF,27,NYN,NL,138,56,117,6,2,4,471,118,26,1,18,2,1,61,66,0,6,0,0,0,24,0,81,105
543434,Brett Lawrie,3B,23,TOR,AL,125,36,81,5,3,4,461,127,26,4,15,11,5,66,60,0,0,0,124,1,0,0,0,0
460576,Carlos Gomez,OF,27,MIL,NL,138,33,118,7,3,4,497,123,23,4,16,28,11,60,64,0,0,0,0,0,0,128,0,128
465784,Everth Cabrera,SS,26,SDN,NL,122,44,103,3,5,3,428,104,21,3,3,33,11,54,32,0,0,6,1,111,0,0,0,0
452220,Stephen Drew,SS,30,BOS,AL,138,51,106,3,4,4,454,111,28,4,9,3,2,56,54,0,0,0,0,75,0,0,0,0
453064,Troy Tulowitzki,SS,28,COL,NL,122,48,59,4,1,3,421,126,29,3,22,4,3,70,79,0,0,0,0,47,0,0,0,0
334393,Juan Pierre,OF,35,MIA,NL,122,30,36,7,5,3,439,120,15,4,2,22,9,53,33,0,0,0,0,0,107,0,0,107
429666,J.J. Hardy,SS,30,BAL,AL,138,38,87,3,4,4,536,135,27,1,20,1,1,72,68,0,0,0,0,158,0,0,0,0
429667,Ryan Howard,1B,33,PHI,NL,138,60,160,6,1,4,497,123,25,1,28,1,1,72,85,0,67,0,0,0,0,0,0,0
524968,Jesus Montero,C,23,SEA,AL,138,39,98,3,1,4,511,136,27,1,20,1,1,64,73,56,0,0,0,0,0,0,0,0
407886,Ryan Ludwick,OF,34,CIN,NL,138,50,118,6,1,4,492,127,27,1,24,1,1,68,80,0,0,0,0,0,108,0,0,108
425509,Jhonny Peralta,SS,31,DET,AL,138,43,90,3,3,4,471,122,27,3,14,1,1,59,63,0,0,0,0,149,0,0,0,0
453943,Todd Frazier,3B,27,CIN,NL,138,42,124,6,1,4,496,123,27,3,21,8,4,65,75,0,39,0,73,0,7,0,1,7
488726,Michael Brantley,OF,26,CLE,AL,122,41,53,2,3,3,428,117,24,3,7,8,4,55,44,0,0,0,0,0,0,144,0,144
519058,Mike Moustakas,3B,24,KCA,AL,138,36,89,5,2,4,490,128,30,1,18,3,2,61,67,0,0,0,149,0,0,0,0,0
204020,Lance Berkman,1B,37,TEX,AL,122,68,82,3,1,3,385,105,23,3,17,3,2,63,63,0,23,0,0,0,0,0,0,0
136860,Carlos Beltran,OF,36,STL,NL,122,54,87,3,2,4,426,116,26,2,18,6,3,66,66,0,0,0,0,0,0,9,132,133
462564,Dan Uggla,2B,33,ATL,NL,138,65,131,5,2,4,459,109,23,1,21,2,1,63,67,0,0,152,0,0,0,0,0,0
456715,Lorenzo Cain,OF,27,KCA,AL,122,33,94,5,5,3,436,119,23,4,10,15,6,63,47,0,0,0,0,0,1,50,9,60
457787,Danny Espinosa,2B,26,WAS,NL,138,42,139,10,3,4,477,114,25,2,16,11,5,55,61,0,0,126,0,36,0,0,0,0
276055,Adam Dunn,1B,33,CHA,AL,138,86,185,4,1,4,468,100,20,1,28,1,1,72,76,0,52,0,0,0,5,0,0,5
425206,Jamey Carroll,SS,39,MIN,AL,122,43,61,3,3,4,407,112,18,3,1,6,3,49,38,0,0,66,44,37,0,0,0,0
120074,David Ortiz,,37,BOS,AL,122,61,77,2,1,3,402,112,27,1,21,1,0,67,72,0,7,0,0,0,0,0,0,0
543063,Brandon Crawford,SS,26,SFN,NL,138,39,94,4,4,4,458,113,25,3,7,3,2,46,49,0,0,0,0,139,0,0,0,0
519025,Will Middlebrooks,3B,24,BOS,AL,138,30,120,4,2,4,498,135,28,2,22,8,4,66,75,0,0,0,72,0,0,0,0,0
458675,Colby Rasmus,OF,26,TOR,AL,138,50,124,4,2,4,473,116,23,4,20,4,2,64,68,0,0,0,0,0,0,145,0,145
501800,Allen Craig,OF,28,STL,NL,122,36,83,3,2,4,440,130,30,1,20,2,1,66,72,0,91,0,0,0,8,0,23,30
461815,David Murphy,OF,31,TEX,AL,122,45,67,2,2,3,407,115,24,2,13,6,3,57,58,0,0,0,0,0,120,2,17,133
493596,Gordon Beckham,2B,26,CHA,AL,138,39,84,7,4,4,457,115,27,1,13,3,2,58,57,0,0,149,0,0,0,0,0,0
471083,Miguel Montero,C,29,ARI,NL,122,48,95,6,1,3,399,107,25,2,13,1,1,55,58,139,0,0,0,0,0,0,0,0
400121,Victor Martinez,C,34,DET,AL,122,38,45,2,1,4,408,119,25,1,12,2,1,57,59,0,0,0,0,0,0,0,0,0
446359,Zack Cozart,SS,27,CIN,NL,138,31,91,4,4,4,477,119,26,2,13,6,3,54,57,0,0,0,0,138,0,0,0,0
476883,Pedro Alvarez,3B,26,PIT,NL,138,54,152,3,2,4,470,114,24,2,23,2,1,64,72,0,0,0,145,0,0,0,0,0
150093,Alfonso Soriano,OF,37,CHN,NL,138,37,129,5,1,4,495,121,28,2,22,3,2,63,75,0,0,0,0,0,145,0,0,145
489149,Logan Morrison,OF,25,MIA,NL,112,52,74,4,1,4,399,101,24,3,14,2,1,56,56,0,21,0,0,0,59,0,0,59
135784,Placido Polanco,3B,37,MIA,NL,122,31,42,4,3,3,431,115,21,1,4,2,1,49,38,0,0,0,80,0,0,0,0,0
408307,Carl Crawford,OF,31,LAN,NL,108,30,84,3,4,3,426,113,22,3,11,16,6,60,44,0,0,0,0,0,30,0,0,30
453923,Gregor Blanco,OF,29,SFN,NL,122,50,97,3,3,3,388,92,16,4,5,19,8,44,38,0,0,0,0,0,53,30,54,125
452234,Seth Smith,OF,30,OAK,AL,122,49,95,4,2,3,415,103,24,3,15,3,2,59,53,0,0,0,0,0,57,0,13,66
493364,Dayan Viciedo,OF,24,CHA,AL,138,32,98,5,3,4,479,129,22,1,22,2,1,62,71,0,0,0,0,0,131,0,0,131
453895,Brendan Ryan,SS,31,SEA,AL,138,39,91,5,4,4,429,95,20,2,3,11,4,45,36,0,0,0,0,138,0,0,0,0
466988,Emilio Bonifacio,OF,28,TOR,AL,122,38,82,2,3,3,372,96,15,4,3,25,8,49,36,0,0,15,0,0,0,51,0,51
461416,Will Venable,OF,30,SDN,NL,122,40,99,4,2,3,403,99,19,5,11,17,7,50,48,0,0,0,0,0,10,21,114,135
435625,Nate Schierholtz,OF,29,CHN,NL,122,36,78,4,3,3,408,107,23,4,11,4,3,53,48,0,0,0,0,0,0,7,80,85
476704,Jed Lowrie,SS,29,OAK,AL,122,45,76,3,2,4,415,102,24,2,13,2,1,55,52,0,0,0,0,93,0,0,0,0
502126,Domonic Brown,OF,25,PHI,NL,122,41,75,3,2,3,398,106,23,3,13,7,4,49,54,0,0,0,0,0,29,0,38,51
459964,Matt Joyce,OF,28,TBA,AL,122,52,94,4,1,4,390,97,23,3,16,4,2,56,58,0,0,0,0,0,33,0,89,115
448605,Justin Ruggiano,OF,31,MIA,NL,122,38,109,3,2,4,411,106,24,1,14,13,6,53,53,0,0,0,0,0,31,52,15,85
425496,Cody Ross,OF,32,ARI,NL,122,40,101,4,2,3,417,108,26,1,16,3,2,57,61,0,0,0,0,0,22,7,96,116
576397,Jedd Gyorko,3B,24,SDN,NL,122,35,88,2,3,4,434,116,23,1,17,5,3,60,58,0,0,0,0,0,0,0,0,0
518960,Jonathan Lucroy,C,27,MIL,NL,122,34,68,4,2,3,408,110,20,3,11,4,2,48,53,88,0,0,0,0,0,0,0,0
435041,Carlos Quentin,OF,30,SDN,NL,122,43,73,15,1,3,402,99,23,1,19,1,1,57,65,0,0,0,0,0,69,0,3,72
454560,A.J. Ellis,C,32,LAN,NL,122,55,79,6,3,3,359,89,18,1,7,1,1,43,40,131,0,0,0,0,0,0,0,0
430948,Alberto Callaspo,3B,30,LAA,AL,122,41,44,2,3,3,381,101,21,1,7,3,2,46,44,0,0,0,131,0,0,0,0,0
521692,Salvador Perez,C,23,KCA,AL,122,21,43,3,2,3,422,120,24,1,11,1,1,50,55,74,0,0,0,0,0,0,0,0
425491,Ryan Doumit,C,32,MIN,AL,122,32,83,5,1,3,416,109,25,2,14,1,1,52,56,59,1,0,0,0,16,0,6,22
477165,Brett Wallace,1B,26,HOU,AL,122,36,118,8,1,4,415,108,22,1,14,1,1,53,57,0,58,0,8,0,0,0,0,0
488671,Alex Avila,C,26,DET,AL,122,54,95,3,3,3,359,92,21,2,12,2,1,52,50,113,0,0,0,0,0,0,0,0
430585,Jason Kubel,OF,31,ARI,NL,122,46,108,2,1,3,412,105,22,2,19,1,1,58,65,0,0,0,0,0,124,0,2,125
488771,Jason Castro,C,26,HOU,AL,122,44,80,3,2,3,387,96,21,2,8,1,1,46,44,79,0,0,0,0,0,0,0,0
502125,Tyler Colvin,OF,27,COL,NL,122,27,109,3,2,3,422,110,23,7,18,5,3,58,64,0,31,0,0,0,10,38,59,94
434540,Garrett Jones,OF,32,PIT,NL,122,37,91,2,1,3,411,108,25,2,18,3,1,56,66,0,72,0,0,0,0,0,66,66
501983,Travis Snider,OF,25,PIT,NL,122,38,86,2,2,3,383,105,25,1,16,7,4,50,57,0,0,0,0,0,15,0,33,46
435063,Mike Napoli,C,31,BOS,AL,122,53,118,6,2,3,389,98,20,2,22,2,1,60,64,72,28,0,0,0,0,0,0,0
150229,A.J. Pierzynski,C,36,TEX,AL,122,22,53,5,2,3,413,112,20,3,12,1,1,49,54,126,0,0,0,0,0,0,0,0
460060,Cliff Pennington,SS,29,ARI,NL,122,35,75,2,3,3,372,94,20,3,5,9,4,39,40,0,0,32,0,93,0,0,0,0
543590,Kirk Nieuwenhuis,OF,25,NYN,NL,122,38,123,3,3,3,408,97,23,2,11,6,3,49,46,0,0,0,0,0,23,50,20,83
459431,Michael Saunders,OF,26,SEA,AL,122,43,108,2,2,3,403,95,20,2,13,12,6,50,47,0,0,0,0,0,22,113,5,136
434604,Michael Morse,OF,31,SEA,AL,122,30,103,6,1,3,411,112,22,1,18,1,1,54,61,0,1,0,0,0,68,0,36,93
453211,Drew Stubbs,OF,28,CLE,AL,122,41,127,4,3,3,389,91,16,2,11,18,6,50,44,0,0,0,0,0,0,135,0,135
434778,Kendrys Morales,1B,30,SEA,AL,122,35,99,5,1,3,417,109,22,1,19,1,1,56,65,0,28,0,0,0,0,0,0,0
493141,Hiroyuki Nakajima,SS,30,OAK,AL,122,30,61,3,3,3,368,101,18,2,5,8,3,45,39,0,0,0,0,0,0,0,0,0
407885,Mark Ellis,2B,36,LAN,NL,122,31,65,5,3,3,394,98,20,1,6,5,2,41,40,0,0,110,0,0,0,0,0,0
474892,Chris Carter,1B,26,HOU,AL,122,49,118,3,1,3,391,100,21,1,23,3,2,59,66,0,55,0,0,0,0,0,0,0
488721,Peter Bourjos,OF,26,LAA,AL,122,28,85,5,3,3,372,95,19,4,10,12,4,51,45,0,0,0,0,0,0,90,0,90
461235,Brandon Moss,1B,29,OAK,AL,122,39,114,5,1,4,412,102,23,1,19,3,2,56,62,0,55,0,0,0,11,0,13,23
425796,Jeff Francoeur,OF,29,KCA,AL,122,27,82,5,2,3,398,101,23,2,11,5,3,46,50,0,0,0,0,0,0,3,145,147
456781,Donovan Solano,2B,25,MIA,NL,122,25,66,3,3,3,383,98,19,2,3,5,3,34,36,0,0,58,10,5,10,0,0,10
460055,John Mayberry,OF,29,PHI,NL,122,33,95,3,2,3,405,102,23,1,15,4,2,49,56,0,27,0,0,0,70,58,3,128
431145,Russell Martin,C,30,PIT,NL,122,47,74,5,2,3,371,88,17,0,11,5,3,44,46,128,0,0,0,0,0,0,0,0
150289,Carlos Pena,1B,35,HOU,AL,122,65,129,6,1,3,370,78,16,2,18,1,1,53,53,0,153,0,0,0,0,0,0,0
452252,Adam Lind,1B,29,TOR,AL,122,35,86,2,2,3,398,104,20,2,17,2,1,53,58,0,61,0,0,0,0,0,0,0
448801,Chris Davis,1B,27,BAL,AL,122,34,128,4,1,3,413,109,22,1,23,2,1,58,67,0,38,0,0,0,11,0,30,41
502082,Lonnie Chisenhall,3B,24,CLE,AL,122,28,72,5,3,3,396,102,22,2,14,3,2,48,54,0,0,0,30,0,0,0,0,0
448602,Mark Reynolds,3B,29,CLE,AL,122,59,138,5,2,3,377,85,19,1,21,2,1,56,59,0,108,0,15,0,0,0,0,0
494686,Fernando Martinez,OF,24,HOU,AL,122,26,99,7,2,3,397,102,23,2,16,1,1,50,55,0,0,0,0,0,31,0,6,37
407893,Mark Teixeira,1B,33,NYA,AL,99,46,68,6,1,3,353,91,20,1,19,1,1,55,61,0,119,0,0,0,0,0,0,0
434563,Carlos Ruiz,C,34,PHI,NL,99,35,45,7,1,3,323,90,22,1,9,2,1,42,44,106,0,0,0,0,0,0,0,0
542963,Rob Brantly,C,23,MIA,NL,122,25,54,3,3,3,383,98,21,1,6,2,1,36,41,28,0,0,0,0,0,0,0,0
452239,Justin Maxwell,OF,29,HOU,AL,122,45,139,4,2,3,387,88,17,2,17,10,5,51,54,0,0,0,0,0,38,59,20,95
455104,Chris Iannetta,C,30,LAA,AL,122,53,90,5,3,3,343,79,17,1,13,4,2,51,46,78,0,0,0,0,0,0,0,0
444432,Mark Trumbo,OF,27,LAA,AL,122,29,105,3,1,4,415,107,20,2,22,3,2,58,67,0,21,0,8,0,66,0,35,97
435263,Brian McCann,C,29,ATL,NL,110,42,65,3,2,3,351,90,19,1,15,2,1,48,53,114,0,0,0,0,0,0,0,0
456078,Welington Castillo,C,26,CHN,NL,122,34,96,5,2,3,381,93,20,1,15,1,1,45,51,49,1,0,0,0,0,0,0,0
461858,Trevor Plouffe,3B,27,MIN,AL,122,33,88,4,3,3,392,94,20,2,16,2,2,49,55,0,3,4,95,1,2,0,15,17
501647,Wilin Rosario,C,24,COL,NL,122,25,90,2,2,3,407,110,22,1,25,3,2,57,72,105,1,0,3,0,0,0,0,0
588751,Adeiny Hechavarria,SS,24,MIA,NL,122,21,71,2,3,3,380,94,18,3,5,6,3,34,37,0,0,8,18,17,0,0,0,0
425549,Clint Barmes,SS,34,PIT,NL,122,25,80,5,3,3,378,89,21,1,8,1,1,37,41,0,1,0,0,142,0,0,0,0
457454,Jarrod Saltalamacchia,C,28,BOS,AL,122,35,122,3,3,3,387,90,20,2,17,1,1,49,55,104,1,0,0,0,0,0,0,0
434158,Curtis Granderson,OF,32,NYA,AL,99,45,104,4,1,3,345,83,14,3,19,6,3,51,55,0,0,0,0,0,0,157,0,157
518991,Darin Mastroianni,OF,27,MIN,AL,81,28,59,2,3,2,277,69,11,3,3,22,7,38,24,0,0,1,0,0,25,4,34,61
450317,J.P. Arencibia,C,27,TOR,AL,122,28,109,3,3,3,390,89,19,1,20,1,1,50,58,94,0,0,0,0,0,0,0,0
430611,Corey Hart,OF,31,MIL,NL,87,29,80,4,1,3,314,81,17,2,14,2,1,43,49,0,103,0,0,0,0,0,53,53
502481,Jarrod Dyson,OF,28,KCA,AL,81,23,45,2,3,2,253,66,11,4,2,22,6,35,23,0,0,0,0,0,0,88,0,88
572761,Matt Carpenter,1B,27,STL,NL,81,32,47,3,1,2,248,66,15,2,5,2,1,31,32,0,44,5,33,0,7,0,15,21
543305,Aaron Hicks,OF,23,MIN,AL,81,31,64,1,3,2,266,62,12,3,5,13,6,37,26,0,0,0,0,0,0,0,0,0
523253,Logan Forsythe,2B,26,SDN,NL,81,30,57,4,2,2,261,65,12,2,4,6,3,34,26,0,0,81,4,5,0,0,0,0
115732,Todd Helton,1B,39,COL,NL,81,34,47,2,1,2,238,64,15,1,6,1,1,32,31,0,67,0,0,0,0,0,0,0
457574,Jordan Pacheco,3B,27,COL,NL,81,16,33,3,1,2,263,76,16,1,5,3,1,32,32,5,43,0,82,0,0,0,0,0
467827,Gerardo Parra,OF,26,ARI,NL,81,23,48,2,2,2,250,70,14,2,5,6,3,31,30,0,0,0,0,0,47,48,17,109
467798,Jose Tabata,OF,24,PIT,NL,81,23,38,3,1,2,246,67,15,1,3,6,3,29,27,0,0,0,0,0,32,0,77,96
456121,Chris Denorfia,OF,32,SDN,NL,81,22,43,2,1,2,262,70,13,3,6,6,3,32,31,0,0,0,0,0,53,9,79,118
543459,Steve Lombardozzi,2B,24,WAS,NL,81,16,34,3,2,2,267,71,13,2,3,6,3,29,26,0,0,51,13,1,41,0,0,41
406878,Brian Roberts,2B,35,BAL,AL,81,24,43,2,2,2,252,65,17,1,4,7,3,34,26,0,0,17,0,0,0,0,0,0
518735,Yasmani Grandal,C,24,SDN,NL,77,33,52,2,1,2,248,65,14,1,7,1,0,32,33,55,0,0,0,0,0,0,0,0
444379,John Jaso,C,29,OAK,AL,81,34,37,3,1,2,237,59,13,1,5,2,1,30,28,43,0,0,0,0,0,0,0,0
502226,Craig Gentry,OF,29,TEX,AL,81,19,45,5,2,2,241,65,11,2,3,11,4,32,25,0,0,0,0,0,0,114,3,116
434661,Nate McLouth,OF,31,BAL,AL,81,31,52,3,2,2,253,60,13,1,8,7,3,36,29,0,0,0,0,0,64,10,3,71
457759,Justin Turner,2B,28,NYN,NL,81,19,35,4,1,2,251,66,16,1,3,2,1,27,26,0,11,14,11,10,0,0,0,0
460051,Chris Getz,2B,29,KCA,AL,81,18,27,2,2,2,236,62,11,2,1,10,3,28,22,0,0,61,0,0,0,0,0,0
434658,Rajai Davis,OF,32,TOR,AL,81,16,51,2,2,2,243,63,13,2,4,17,6,30,26,0,0,0,0,0,114,6,24,135
547982,Leonys Martin,OF,25,TEX,AL,81,19,39,2,2,2,231,65,14,2,6,11,5,34,30,0,0,0,0,0,4,14,0,17
456488,Eduardo Nunez,3B,26,NYA,AL,81,15,34,2,2,2,248,66,13,1,4,15,6,28,27,0,0,1,9,16,3,0,1,4
518614,Daniel Descalso,2B,26,STL,NL,81,23,46,2,2,2,242,61,13,3,3,3,2,25,27,0,5,96,22,26,0,0,0,0
595777,Jurickson Profar,SS,20,TEX,AL,81,23,39,2,2,2,244,60,13,3,5,8,4,32,29,0,0,5,0,3,0,0,0,0
455126,Chris Nelson,3B,27,COL,NL,81,17,52,2,1,2,251,70,16,2,7,2,1,30,34,0,0,21,92,1,0,0,0,0
518577,Collin Cowgill,OF,27,NYN,NL,81,22,51,2,1,2,247,63,13,1,5,8,4,28,28,0,0,0,0,0,16,15,8,36
452672,Ryan Hanigan,C,32,CIN,NL,81,30,28,3,2,2,225,60,10,0,4,1,0,26,25,110,0,0,0,0,0,0,0,0
150020,Jerry Hairston,SS,37,LAN,NL,81,22,32,3,2,2,242,63,13,1,4,2,1,27,26,0,1,30,32,2,18,0,0,18
502003,Scott Sizemore,2B,28,OAK,AL,81,28,62,3,2,2,240,59,13,1,6,3,2,30,28,0,0,0,0,0,0,0,0,0
476633,Chris Parmelee,1B,25,MIN,AL,81,27,51,2,1,2,242,63,13,1,8,1,1,31,32,0,38,0,0,0,1,0,18,19
502110,J.D. Martinez,OF,25,HOU,AL,81,21,53,2,1,2,249,66,14,1,7,1,1,30,32,0,0,0,0,0,100,0,0,100
455759,Chris Young,OF,29,OAK,AL,81,31,61,2,2,2,243,57,15,1,9,6,3,33,31,0,0,0,0,0,0,87,0,87
543108,Andy Dirks,OF,27,DET,AL,81,18,42,2,2,2,244,67,13,2,7,4,2,32,33,0,0,0,0,0,59,1,24,72
460099,Nolan Reimold,OF,29,BAL,AL,81,27,56,3,2,2,248,63,12,1,11,4,2,35,34,0,0,0,0,0,15,0,0,15
400098,Travis Hafner,,36,NYA,AL,81,29,55,5,1,2,238,59,11,1,9,1,1,32,33,0,0,0,0,0,0,0,0,0
458210,Alexi Casilla,2B,28,BAL,AL,81,18,36,2,2,2,238,59,12,1,2,11,4,27,23,0,0,96,4,0,0,0,0,0
400140,Wilson Betemit,3B,31,BAL,AL,81,25,75,1,1,2,253,63,15,1,8,1,1,31,32,0,15,0,75,0,5,0,0,5
430895,Maicer Izturis,3B,32,TOR,AL,81,20,32,3,2,2,229,60,14,1,3,6,3,27,24,0,0,29,30,26,0,0,0,0
429711,Franklin Gutierrez,OF,30,SEA,AL,81,21,53,2,2,2,256,62,13,1,5,5,2,30,27,0,0,0,0,0,0,38,0,38
571976,Wil Myers,OF,22,TBA,AL,81,24,61,2,1,2,245,62,12,2,9,3,2,32,34,0,0,0,0,0,0,0,0,0
430404,Jonny Gomes,OF,32,BOS,AL,81,30,75,5,1,2,234,57,12,1,10,2,1,33,34,0,0,0,0,0,39,0,3,42
468406,Jonathan Herrera,2B,28,COL,NL,81,21,36,2,2,2,237,60,11,1,3,3,2,24,24,0,0,19,13,42,0,0,0,0
453400,Chris Johnson,3B,28,ATL,NL,81,16,65,3,1,2,249,65,14,2,7,2,1,28,33,0,6,0,127,0,0,0,1,1
116380,Raul Ibanez,OF,41,SEA,AL,81,23,50,2,1,2,244,60,13,1,8,2,1,29,31,0,0,0,0,0,80,0,13,90
502317,Chris Heisey,OF,28,CIN,NL,81,18,64,4,1,2,256,65,12,2,10,3,2,33,35,0,0,0,0,0,63,36,13,101
467092,Wilson Ramos,C,25,WAS,NL,81,21,45,2,2,2,243,63,13,1,8,1,1,28,32,24,0,0,0,0,0,0,0,0
430592,Ronny Cedeno,SS,30,STL,NL,81,18,52,1,2,2,247,60,14,1,4,2,1,24,26,0,0,28,3,27,0,0,0,0
425766,James Loney,1B,29,TBA,AL,81,20,31,1,2,2,230,61,14,1,5,1,1,28,27,0,133,0,0,0,0,0,0,0
425903,Kevin Youkilis,3B,34,NYA,AL,83,29,52,6,1,2,216,55,12,1,9,1,1,31,31,0,26,0,111,0,0,0,0,0
430321,Delmon Young,OF,27,PHI,NL,81,12,47,3,1,2,255,71,15,1,9,1,0,29,35,0,0,0,0,0,31,0,0,31
519048,Mitch Moreland,1B,27,TEX,AL,81,22,49,2,2,2,237,63,14,1,10,1,1,33,35,0,95,0,0,0,0,0,3,3
460022,Tyler Greene,2B,29,HOU,AL,81,20,70,3,2,2,237,58,12,2,7,9,3,30,29,0,0,59,0,43,1,0,2,3
430637,Kelly Johnson,2B,31,TBA,AL,81,28,71,2,1,2,237,54,12,2,7,4,2,28,29,0,0,136,0,0,0,0,0,0
432928,Luke Scott,,35,TBA,AL,81,24,62,3,1,2,244,58,14,1,11,2,1,32,35,0,6,0,0,0,0,0,0,0
518625,Matt Dominguez,3B,23,HOU,AL,81,17,33,2,2,2,239,61,13,1,7,1,0,28,29,0,0,0,31,0,0,0,0,0
592609,Mike Olt,3B,24,TEX,AL,81,27,64,2,2,2,232,56,11,1,10,2,1,32,33,0,8,0,5,0,0,0,2,2
518902,Pete Kozma,SS,25,STL,NL,81,19,44,1,2,2,240,56,11,2,4,3,2,23,25,0,0,1,0,25,0,0,0,0
456655,Ian Stewart,3B,28,CHN,NL,81,28,64,2,1,2,231,54,11,2,10,2,1,29,32,0,0,0,52,0,0,0,0,0
503556,Marwin Gonzalez,SS,24,HOU,AL,81,15,30,2,2,2,232,59,13,1,3,3,2,24,23,0,0,6,14,47,0,0,0,0
455755,Chris Stewart,C,31,NYA,AL,81,20,35,3,2,2,230,54,12,1,4,4,2,26,24,54,0,0,0,0,0,0,0,0
519083,Derek Norris,C,24,OAK,AL,81,28,59,2,2,2,230,51,11,1,8,5,3,29,29,58,0,0,0,0,0,0,0,0
519023,Devin Mesoraco,C,25,CIN,NL,81,22,44,2,2,2,233,57,13,1,9,1,1,28,32,53,0,0,0,0,0,0,0,0
458501,Luis Cruz,SS,29,LAN,NL,81,10,33,2,2,2,245,63,15,1,4,1,1,23,28,0,0,2,51,24,0,0,0,0
464433,Juan Francisco,3B,26,ATL,NL,81,14,72,2,1,2,253,65,15,1,11,1,1,31,37,0,0,0,49,0,0,0,0,0
435559,Kurt Suzuki,C,29,WAS,NL,81,16,39,3,2,2,240,58,12,0,6,1,1,24,27,117,0,0,0,0,0,0,0,0
465753,Pedro Florimon,SS,26,MIN,AL,81,16,60,2,2,2,230,53,11,2,3,6,3,24,22,0,0,0,0,43,0,0,0,0
519388,Josh Vitters,3B,23,CHN,NL,81,14,44,3,2,2,239,60,13,1,7,3,2,26,30,0,0,0,29,0,0,0,0,0
446653,Jose Lobaton,C,28,TBA,AL,81,26,55,2,2,2,217,48,11,1,4,2,1,26,23,66,0,0,0,0,0,0,0,0
452095,Tyler Flowers,C,27,CHA,AL,81,28,78,4,2,2,225,50,11,1,10,2,1,30,30,49,2,0,0,0,0,0,0,0
407833,John Buck,C,32,NYN,NL,81,24,62,3,2,2,230,52,11,1,8,1,0,26,29,105,0,0,0,0,0,0,0,0
150040,Jose Molina,C,38,TBA,AL,81,18,53,3,2,2,222,50,10,1,5,4,2,26,23,102,0,0,0,0,0,0,0,0
121347,Alex Rodriguez,3B,37,NYA,AL,53,22,45,2,1,2,190,49,9,1,8,3,1,27,29,0,0,0,81,0,0,0,0,0
460026,Nick Hundley,C,29,SDN,NL,71,17,48,2,1,2,185,41,9,1,5,1,1,19,21,56,0,0,0,0,0,0,0,0
136460,Alex Gonzalez,SS,36,MIL,NL,71,11,42,2,1,2,195,46,10,1,5,1,1,20,23,0,0,0,0,24,0,0,0,0
407487,Juan Rivera,OF,34,NYA,AL,63,13,25,2,1,1,174,44,9,0,6,1,1,21,22,0,54,0,0,0,37,0,10,46
501888,Ryan Kalish,OF,25,BOS,AL,51,14,35,1,1,1,153,38,9,1,4,6,3,20,18,0,0,0,0,0,3,20,9,32
456124,Erik Kratz,C,33,PHI,NL,56,11,31,2,1,1,148,37,9,0,6,1,0,17,21,41,0,0,0,0,0,0,0,0
542999,Tony Campana,OF,27,ARI,NL,41,9,26,1,1,1,123,33,5,1,1,12,4,16,10,0,0,0,0,0,11,55,4,69
458913,Eric Young,OF,28,COL,NL,41,11,20,1,1,1,111,30,6,1,1,7,2,14,12,0,0,0,0,0,8,15,11,34
517370,Jimmy Paredes,OF,24,HOU,AL,41,6,26,1,1,1,124,33,6,1,3,7,3,15,13,0,0,5,0,0,1,0,15,16
453568,Charlie Blackmon,OF,26,COL,NL,41,8,18,1,1,1,116,32,7,1,3,4,2,15,14,0,0,0,0,0,15,1,17,33
453203,Shane Robinson,OF,28,STL,NL,41,10,21,1,1,1,119,31,7,1,2,3,1,14,14,0,0,0,0,0,15,37,11,60
502100,Alex Presley,OF,27,PIT,NL,41,8,22,1,1,1,118,32,6,2,3,3,2,15,14,0,0,0,0,0,81,4,8,90
453539,Sam Fuld,OF,31,TBA,AL,41,12,18,1,1,1,111,27,5,1,1,4,2,14,11,0,0,0,0,0,14,6,15,33
400083,Andres Torres,OF,35,SFN,NL,41,13,27,1,1,1,107,26,6,2,2,3,1,13,12,0,0,0,0,0,0,124,0,124
450641,Quintin Berry,OF,28,DET,AL,41,11,29,2,1,1,110,26,4,1,1,8,2,15,10,0,0,0,0,0,64,22,5,87
488689,Mike Baxter,OF,28,NYN,NL,41,12,26,2,1,1,112,28,6,1,2,2,1,13,13,0,0,0,0,0,18,1,45,63
461882,Jesus Guzman,1B,29,SDN,NL,41,11,24,1,0,1,114,30,7,1,3,1,1,13,15,0,19,4,0,0,52,0,7,58
465674,Pedro Ciriaco,SS,27,BOS,AL,41,4,23,1,1,1,123,33,6,1,1,5,2,15,12,0,0,16,35,12,2,3,2,7
537953,Daniel Nava,OF,30,BOS,AL,41,12,23,2,1,1,104,26,7,0,2,1,1,14,12,0,0,0,0,0,76,0,4,79
435401,Skip Schumaker,2B,33,LAN,NL,41,10,19,1,1,1,109,29,6,1,1,1,0,11,11,0,0,61,0,0,1,15,10,24
543213,Johnny Giavotella,2B,25,KCA,AL,41,8,14,1,1,1,107,30,6,1,2,2,1,14,12,0,0,45,0,0,0,0,0,0
458252,Irving Falu,2B,30,KCA,AL,41,7,12,1,1,1,108,30,5,1,1,4,2,13,11,0,0,14,5,5,0,0,0,0
444135,Ryan Theriot,2B,33,SFN,NL,41,8,15,1,1,1,114,30,5,0,1,2,1,11,10,0,0,91,0,0,2,0,0,2
491676,Gorkys Hernandez,OF,25,MIA,NL,41,10,29,1,1,1,114,27,5,1,1,4,2,12,10,0,0,0,0,0,14,37,6,56
543743,Dave Sappelt,OF,26,CHN,NL,41,8,17,1,1,1,112,30,6,1,2,2,1,12,12,0,0,0,0,0,4,0,20,21
446386,Brandon Guyer,OF,27,TBA,AL,41,8,22,2,1,1,112,29,6,1,3,3,1,13,14,0,0,0,0,0,3,0,0,3
489209,Brett Pill,1B,28,SFN,NL,41,6,17,1,0,1,120,32,7,1,4,1,1,14,17,0,24,0,1,0,7,0,0,7
450204,Ben Francisco,OF,31,CLE,AL,41,11,24,1,1,1,112,28,7,1,3,1,1,12,14,0,0,0,0,0,24,0,29,53
543216,Conor Gillaspie,3B,25,CHA,AL,41,9,15,1,1,1,108,29,6,1,2,1,0,12,13,0,0,0,5,0,0,0,0,0
346857,Nick Punto,3B,35,LAN,NL,41,14,23,1,1,1,104,24,5,1,1,2,1,11,9,0,5,26,31,6,0,0,0,0
459991,Gaby Sanchez,1B,29,PIT,NL,41,12,19,1,1,1,108,28,6,0,3,1,0,13,14,0,95,0,0,0,0,0,0,0
121409,Scott Rolen,3B,38,,,41,10,22,1,1,1,111,28,6,1,3,1,0,12,13,0,0,0,88,0,0,0,0,0
136767,Eric Chavez,3B,35,ARI,NL,41,11,24,1,1,1,111,30,6,0,4,0,0,14,16,0,10,0,64,0,0,0,0,0
489365,Josh Thole,C,26,TOR,AL,41,11,16,1,1,1,105,27,6,0,1,0,0,12,11,100,0,0,0,0,0,0,0,0
465668,Roger Bernadina,OF,29,WAS,NL,41,11,26,1,1,1,110,27,5,0,3,4,2,12,13,0,0,0,0,0,57,37,7,94
429710,Chad Tracy,3B,33,WAS,NL,41,9,20,1,1,1,113,29,6,0,3,1,0,13,14,0,14,0,10,0,0,0,0,0
150421,Ramon Hernandez,C,37,COL,NL,41,8,18,2,1,1,113,30,6,0,3,1,0,13,15,46,2,0,0,0,0,0,0,0
542897,Xavier Avery,OF,23,BAL,AL,41,9,27,1,1,1,109,25,5,1,2,6,2,13,10,0,0,0,0,0,27,1,0,28
421064,Ty Wigginton,1B,35,STL,NL,41,11,27,1,0,1,118,27,6,0,3,1,0,14,15,0,71,0,22,0,7,0,0,7
573131,Darin Ruf,1B,26,PHI,NL,41,9,25,2,1,1,112,29,7,0,4,1,0,13,15,0,3,0,0,0,6,0,0,6
455077,Mike Carp,OF,27,BOS,AL,41,10,26,1,1,1,111,29,6,0,4,1,1,15,16,0,23,0,0,0,24,0,0,24
472528,Luis Valbuena,2B,27,CHN,NL,41,12,24,1,1,1,108,27,7,0,3,1,0,13,12,0,0,5,82,0,0,0,0,0
117276,Mark Kotsay,OF,37,SDN,NL,41,10,15,1,1,1,110,27,6,0,2,1,1,11,12,0,5,0,0,0,19,0,9,27
123272,Jim Thome,,42,BAL,AL,41,16,36,1,0,1,109,25,5,0,5,0,0,14,15,0,4,0,0,0,0,0,0,0
276547,DeWayne Wise,OF,35,CHA,AL,41,7,29,1,1,1,119,29,6,1,4,5,2,15,14,0,0,0,0,0,53,38,11,98
435078,Joaquin Arias,2B,28,SFN,NL,41,5,16,1,1,1,113,29,5,1,1,1,1,11,12,0,0,4,74,50,0,0,0,0
506560,Alexi Amarista,3B,24,SDN,NL,41,6,15,1,1,1,109,28,6,1,1,3,1,10,11,0,0,52,1,12,27,11,4,34
425785,Greg Dobbs,3B,34,MIA,NL,41,7,23,1,0,1,117,30,6,1,2,1,1,12,13,0,18,0,36,0,21,0,16,37
449107,Mike Aviles,SS,32,CLE,AL,41,6,17,1,1,1,117,31,6,0,3,3,1,13,14,0,0,2,1,128,0,0,0,0
453974,Lou Marson,C,27,CLE,AL,41,13,23,1,1,1,100,22,5,1,1,2,1,12,10,69,0,0,0,0,0,0,0,0
424726,Jason Bay,OF,34,SEA,AL,41,14,29,1,1,1,106,24,5,0,4,2,1,13,13,0,0,0,0,0,65,0,0,65
453269,Brennan Boesch,OF,28,DET,AL,41,8,25,1,1,1,112,29,6,0,4,1,1,12,14,0,0,0,0,0,0,0,121,121
518626,Josh Donaldson,3B,27,OAK,AL,41,10,23,1,1,1,112,28,6,0,4,2,1,14,15,3,1,0,71,0,0,0,0,0
475253,Justin Smoak,1B,26,SEA,AL,41,14,25,1,0,1,110,25,5,0,4,0,0,14,14,0,131,0,0,0,0,0,0,0
488681,Brandon Barnes,OF,27,HOU,AL,41,8,29,1,1,1,114,27,7,1,3,3,2,13,13,0,0,0,0,0,1,32,5,37
518170,Jordany Valdespin,2B,25,NYN,NL,41,5,22,1,1,1,114,29,6,1,3,5,2,12,14,0,0,16,0,4,21,11,10,39
571804,Brett Jackson,OF,24,CHN,NL,41,12,35,1,1,1,102,24,5,1,4,4,2,12,13,0,0,0,0,0,0,39,0,39
474233,Hank Conger,C,25,LAA,AL,41,10,19,1,1,1,108,27,6,0,3,1,0,13,14,7,0,0,0,0,0,0,0,0
431171,Casey McGehee,1B,30,NYA,AL,41,10,23,1,1,1,111,27,6,0,3,0,0,12,14,0,85,1,21,0,0,0,0,0
458668,Jordan Danks,OF,26,CHA,AL,41,11,31,1,1,1,104,25,5,1,3,3,1,13,12,0,0,0,0,0,21,14,7,41
573027,Christopher Mcguiness,1B,25,CLE,AL,41,12,26,1,1,1,111,26,6,0,3,1,0,13,13,0,0,0,0,0,0,0,0,0
429841,Matt Diaz,OF,35,NYA,AL,41,8,23,1,1,1,107,27,6,0,2,1,1,13,12,0,0,0,0,0,19,0,6,24
424325,David Ross,C,36,BOS,AL,41,12,32,1,1,1,105,26,6,0,4,1,0,14,14,54,0,0,0,0,0,0,0,0
440251,Ryan Roberts,3B,32,TBA,AL,41,11,23,1,1,1,107,25,6,0,3,2,1,13,13,0,0,54,78,0,1,0,0,1
516949,Hector Sanchez,C,23,SFN,NL,41,6,22,1,1,1,112,29,7,0,2,0,0,11,13,56,0,0,0,0,0,0,0,0
408042,Gerald Laird,C,33,ATL,NL,41,9,17,1,1,1,102,25,6,1,2,1,1,11,11,56,0,0,0,0,0,0,0,0
425556,Laynce Nix,OF,32,PHI,NL,41,10,30,1,1,1,110,27,7,0,4,1,0,13,15,0,10,0,0,0,18,3,10,29
430668,Scott Hairston,OF,33,CHN,NL,41,8,25,1,1,1,111,28,6,1,5,2,1,14,16,0,0,0,0,0,59,14,48,108
489413,Casper Wells,OF,28,SEA,AL,41,11,31,2,1,1,109,25,5,1,4,1,1,14,14,0,0,0,0,0,52,11,25,87
421124,Ramon Santiago,2B,33,DET,AL,41,8,18,2,1,1,104,26,5,1,2,1,1,13,11,0,0,71,6,20,0,0,0,0
425773,Casey Kotchman,1B,30,MIA,NL,41,9,13,2,1,1,105,26,5,0,2,1,0,11,12,0,137,0,0,0,0,0,0,0
465041,Francisco Cervelli,C,27,NYA,AL,41,9,22,2,1,1,100,24,5,0,1,2,1,12,10,3,0,0,0,0,0,0,0,0
434567,Geovany Soto,C,30,TEX,AL,41,12,26,1,1,1,104,24,6,0,4,0,0,14,14,96,0,0,0,0,0,0,0,0
572821,Brian Dozier,SS,26,MIN,AL,41,7,18,1,1,1,105,26,5,1,2,3,1,12,11,0,0,0,0,83,0,0,0,0
502374,Michael McKenry,C,28,PIT,NL,41,11,29,1,1,1,108,25,6,0,3,1,0,12,13,81,0,0,0,0,0,0,0,0
425900,Dioner Navarro,C,29,CHN,NL,41,9,17,1,1,1,103,26,5,1,2,1,0,11,12,20,0,0,0,0,0,0,0,0
455117,Martin Maldonado,C,26,MIL,NL,41,8,28,2,1,1,113,27,5,0,3,1,0,12,13,69,4,0,0,0,0,0,0,0
430910,Brayan Pena,C,31,DET,AL,41,7,14,1,1,1,108,27,6,1,2,0,0,12,13,52,3,0,0,0,0,0,0,0
,Avisail Garcia,,22,,,41,4,25,1,1,1,111,29,4,1,2,4,2,12,13,0,0,0,0,0,0,0,0,0
430605,Ryan Raburn,2B,32,CLE,AL,41,8,30,1,1,1,110,27,7,0,3,1,0,12,13,0,0,32,0,0,30,0,22,51
518595,Travis D'Arnaud,C,24,NYN,NL,41,7,24,1,1,1,111,28,6,0,4,1,1,12,15,0,0,0,0,0,0,0,0,0
150449,Rick Ankiel,OF,33,HOU,AL,41,9,33,1,1,1,109,26,6,1,4,1,1,13,13,0,0,0,0,0,0,62,0,62
453228,Jason Donald,3B,28,CIN,NL,41,8,25,2,1,1,102,24,5,1,2,3,1,11,11,0,0,8,12,10,5,3,0,7
446481,Sean Rodriguez,SS,28,TBA,AL,41,9,24,2,1,1,100,24,5,1,3,2,1,13,12,0,0,37,49,47,0,0,0,0
519222,Austin Romine,C,24,NYA,AL,41,8,19,1,1,1,106,26,5,0,3,1,1,13,12,0,0,0,0,0,0,0,0,0
489138,Tyler Moore,OF,26,WAS,NL,41,8,32,1,1,1,116,28,6,0,5,1,1,14,17,0,14,0,0,0,40,0,2,41
543148,Tim Federowicz,C,25,LAN,NL,41,10,23,1,1,1,103,24,6,0,2,0,0,10,11,2,0,0,0,0,0,0,0,0
435180,Robert Andino,2B,29,SEA,AL,41,9,25,1,1,1,105,24,5,0,2,1,1,11,10,0,0,108,15,2,1,1,0,2
150484,Vernon Wells,OF,34,LAA,AL,41,8,19,1,1,1,111,27,5,0,5,2,1,14,16,0,0,0,0,0,69,6,2,74
449786,Carlos Corporan,C,29,HOU,AL,41,7,27,2,1,1,108,25,6,0,3,1,0,12,12,24,0,0,0,0,0,0,0,0
430591,Hector Gimenez,C,30,CHA,AL,41,9,24,1,1,1,107,25,6,0,3,1,0,12,13,3,0,0,0,0,1,0,1,2
452121,Brent Lillibridge,OF,29,CHN,NL,41,9,36,2,1,1,108,23,5,0,3,4,2,12,12,0,23,6,18,21,20,11,4,35
408242,Wil Nieves,C,35,ARI,NL,41,7,21,1,1,1,108,26,5,0,2,1,0,10,11,24,2,0,0,0,0,0,0,0
346874,Juan Uribe,3B,34,LAN,NL,41,8,23,1,1,1,107,25,6,0,3,1,0,11,12,0,0,0,46,1,0,0,0,0
471107,Elliot Johnson,2B,29,KCA,AL,41,8,27,1,1,1,101,24,5,1,2,4,2,11,11,0,0,13,6,100,3,0,0,3
434624,Jayson Nix,3B,30,NYA,AL,41,8,29,1,1,1,107,24,6,0,3,2,1,12,12,0,0,13,29,18,11,0,0,11
451109,Brett Hayes,C,29,KCA,AL,41,7,33,1,1,1,109,24,6,0,2,1,0,11,11,33,0,0,0,0,0,0,0,0
460077,Drew Butera,C,29,MIN,AL,41,7,22,1,1,1,106,22,5,0,1,1,0,10,10,41,0,0,0,0,0,0,0,0
431159,Kelly Shoppach,C,33,SEA,AL,41,10,39,3,1,1,103,21,4,0,4,1,0,12,12,73,0,0,0,0,0,0,0,0
400018,Miguel Olivo,C,34,CIN,NL,41,5,31,1,1,1,111,26,5,0,5,1,1,12,15,73,0,0,0,0,0,0,0,0
571740,Billy Hamilton,OF,22,CIN,NL,24,5,14,0,1,1,63,15,3,1,0,15,4,8,5,0,0,0,0,0,0,0,0,0
434633,John Baker,C,32,SDN,NL,30,8,16,1,1,1,74,18,4,0,1,1,0,7,7,56,0,0,0,0,0,0,0,0
572041,A.J. Pollock,OF,25,ARI,NL,24,5,10,1,1,1,69,19,4,1,1,3,1,9,7,0,0,0,0,0,7,14,4,25
518545,Adron Chambers,OF,26,STL,NL,24,7,15,1,1,1,67,18,3,1,1,2,1,8,7,0,0,0,0,0,10,10,8,26
570805,Oscar Taveras,OF,21,STL,NL,25,5,9,1,0,1,69,19,4,1,2,1,1,8,10,0,0,0,0,0,0,0,0,0
,Eury Perez,,23,,,24,3,11,1,1,1,69,18,3,0,1,6,2,7,6,0,0,0,0,0,0,0,0,0
468429,Jose Constanza,OF,29,ATL,NL,24,5,10,0,1,1,64,18,2,1,1,3,1,7,6,0,0,0,0,0,21,5,0,25
,Brock Holt,,25,,,24,5,9,1,1,1,61,17,4,1,0,2,1,7,6,0,0,0,0,0,0,0,0,0
458085,Chris Coghlan,OF,28,MIA,NL,24,7,10,1,0,1,63,16,4,0,1,1,1,7,7,0,0,0,0,0,21,13,2,32
435623,Kevin Frandsen,SS,31,PHI,NL,24,3,6,1,1,1,66,19,4,0,1,1,0,7,7,0,0,0,52,0,0,0,0,0
518934,DJ LeMahieu,2B,24,COL,NL,24,4,8,0,1,1,62,18,3,1,1,1,1,7,7,0,1,67,9,2,0,0,0,0
446345,Michael Taylor,OF,27,OAK,AL,24,7,14,1,0,1,63,16,3,0,2,2,1,8,7,0,0,0,0,0,2,0,4,6
502582,Logan Schafer,OF,26,MIL,NL,24,4,10,1,0,1,64,17,3,1,1,2,1,7,8,0,0,0,0,0,2,5,2,9
476036,David Cooper,1B,26,TOR,AL,24,6,9,0,0,1,63,17,4,0,2,0,0,8,8,0,29,0,0,0,0,0,0,0
543281,Josh Harrison,3B,25,PIT,NL,24,3,9,1,1,1,65,17,4,1,1,2,1,7,7,0,0,28,14,25,1,0,12,13
217100,Willie Bloomquist,SS,35,ARI,NL,24,4,11,0,1,1,66,18,3,1,1,1,1,7,6,0,0,1,11,64,1,0,1,2
467070,Elian Herrera,2B,28,LAN,NL,24,6,15,1,1,1,63,15,3,1,1,2,1,7,6,0,0,13,20,2,22,9,7,32
458691,David Adams,2B,26,NYA,AL,24,5,11,1,1,1,63,17,4,0,1,1,0,7,7,0,0,0,0,0,0,0,0,0
447736,Chris Dickerson,OF,31,BAL,AL,24,7,16,1,1,1,56,14,3,0,1,3,1,7,6,0,0,0,0,0,18,2,5,22
456665,Steve Pearce,1B,30,BAL,AL,24,7,14,1,0,1,62,16,4,0,2,1,0,8,8,0,19,0,0,0,23,0,19,36
407862,Reed Johnson,OF,36,ATL,NL,24,3,16,1,0,1,65,17,4,1,1,0,0,7,8,0,0,0,0,0,37,32,29,86
485567,Ezequiel Carrera,OF,26,CLE,AL,24,5,11,1,1,1,59,15,3,1,1,4,1,7,6,0,0,0,0,0,36,15,1,47
457789,Jemile Weeks,2B,26,OAK,AL,24,5,9,1,1,1,57,15,3,1,1,2,1,7,6,0,0,113,0,0,0,0,0,0
488818,Chase d'Arnaud,SS,26,PIT,NL,24,4,14,1,1,1,62,14,3,1,1,4,1,7,6,0,0,2,0,1,0,0,0,0
449082,Xavier Paul,OF,28,CIN,NL,24,5,14,0,0,1,64,17,4,0,2,2,1,7,8,0,0,0,0,0,17,0,1,18
572253,Ryan Wheeler,3B,24,COL,NL,24,4,12,0,1,1,62,18,4,0,2,1,0,7,8,0,4,0,23,0,0,0,0,0
450855,Mauro Gomez,1B,28,BOS,AL,24,5,16,1,0,1,65,18,4,0,2,0,0,8,9,0,16,0,9,0,0,0,0,0
333492,Aubrey Huff,1B,36,SFN,NL,24,7,11,1,0,1,62,15,4,0,2,1,0,7,8,0,15,1,0,0,5,0,0,5
425557,Jeff Baker,1B,32,TEX,AL,24,4,15,0,0,1,65,17,4,1,1,1,0,7,8,0,20,9,4,0,5,0,26,31
543829,Dee Gordon,SS,25,LAN,NL,24,4,10,1,1,1,61,15,3,0,0,4,2,6,5,0,0,0,0,79,0,0,0,0
435220,Ryan Sweeney,OF,28,BOS,AL,24,6,11,0,1,1,58,16,3,0,1,1,0,6,6,0,0,0,0,0,0,19,49,61
435459,George Kottaras,C,30,KCA,AL,24,9,14,0,1,1,58,14,3,0,2,0,0,8,7,54,6,0,0,0,0,0,0,0
543238,Anthony Gose,OF,22,TOR,AL,24,5,16,1,1,1,58,14,2,1,1,5,2,7,6,0,0,0,0,0,15,22,24,54
519128,Bryan Petersen,OF,27,MIA,NL,24,6,12,1,1,1,60,15,3,0,1,1,1,6,6,0,0,0,0,0,51,20,4,72
474865,Julio Borbon,OF,27,TEX,AL,24,4,8,1,1,1,59,16,2,1,1,3,1,8,7,0,0,0,0,0,0,0,0,0
519299,Eric Sogard,3B,27,OAK,AL,24,5,8,0,1,1,58,15,3,0,1,2,1,7,6,0,0,6,14,15,0,0,0,0
488919,Taylor Green,3B,26,MIL,NL,24,6,12,1,0,1,64,16,4,0,2,0,0,7,8,0,18,4,13,0,0,0,0,0
502182,Steve Clevenger,C,27,CHN,NL,24,5,10,0,0,1,62,16,4,0,1,0,0,6,7,51,9,0,1,0,0,0,0,0
444453,Russ Canzler,OF,27,BAL,AL,24,6,18,0,0,1,66,16,4,0,2,0,0,8,8,0,8,0,0,0,11,0,0,11
571431,Matt Adams,1B,24,STL,NL,24,4,14,0,0,1,68,18,4,0,3,1,0,8,10,0,24,0,0,0,0,0,0,0
488703,Jeff Bianchi,SS,26,MIL,NL,24,4,12,0,1,1,62,16,3,0,1,2,1,6,6,0,0,4,6,14,0,0,0,0
488810,Tony Cruz,C,26,STL,NL,24,4,11,1,1,1,64,16,4,0,1,0,0,6,7,47,2,0,0,0,0,0,0,0
572287,Michael Zunino,C,22,SEA,AL,24,5,14,1,0,1,64,16,3,0,2,1,0,7,7,0,0,0,0,0,0,0,0,0
543629,Tyler Pastornicky,SS,23,ATL,NL,24,4,9,0,1,1,61,16,3,0,1,2,1,6,6,0,0,3,0,47,0,0,0,0
500871,Eduardo Escobar,SS,24,MIN,AL,24,4,13,0,1,1,65,16,3,1,1,1,1,7,6,0,0,14,25,10,1,0,0,1
452035,Kyle Blanks,OF,26,SDN,NL,24,7,18,1,0,1,62,15,3,0,3,1,0,8,9,0,1,0,0,0,1,0,0,1
543008,Alex Castellanos,OF,26,LAN,NL,24,5,16,1,1,1,60,15,3,1,2,2,1,7,8,0,0,0,0,0,11,0,4,13
294558,Xavier Nady,OF,34,KCA,AL,24,5,16,1,0,1,65,16,3,0,2,0,0,7,8,0,0,0,0,0,40,0,15,51
461865,Andrew Romine,3B,27,LAA,AL,24,4,10,1,1,1,57,15,2,1,1,3,1,7,6,0,0,1,1,8,0,0,0,0
519346,Eric Thames,OF,26,SEA,AL,24,5,16,1,0,1,62,16,3,1,2,1,0,7,8,0,0,0,0,0,44,0,35,79
457788,Jordan Schafer,OF,26,ATL,NL,24,6,16,1,1,1,60,14,3,0,1,3,1,6,6,0,0,0,0,0,0,87,0,87
543432,Ryan Lavarnway,C,25,BOS,AL,24,6,14,1,0,1,62,15,4,0,2,0,0,8,8,28,0,0,0,0,0,0,0,0
594777,Kole Calhoun,OF,25,LAA,AL,24,5,12,0,1,1,57,15,3,0,2,2,1,8,7,0,0,0,0,0,4,0,14,16
460131,Brian Bogusevic,OF,29,CHN,NL,24,6,15,1,1,1,57,13,3,0,1,2,1,6,6,0,0,0,0,0,1,20,104,121
445933,Bryan LaHair,OF,30,CHN,NL,24,7,19,0,0,1,62,16,3,0,3,1,0,8,9,0,58,0,0,0,2,0,34,36
474249,Ryan Jackson,SS,25,STL,NL,24,4,10,0,1,1,62,16,3,0,1,0,0,6,6,0,0,8,0,1,0,0,0,0
543742,Jerry Sands,OF,25,PIT,NL,24,6,15,1,0,1,61,15,3,0,2,1,0,8,9,0,1,0,0,0,6,0,1,7
454998,Matt Carson,OF,32,CLE,AL,24,4,17,1,0,1,64,16,4,0,2,1,1,8,8,0,0,0,0,0,15,0,9,22
435219,Jack Hannahan,3B,33,CIN,NL,24,6,14,1,1,1,60,14,3,0,1,0,0,6,6,0,2,0,96,7,0,0,0,0
400134,Eric Hinske,OF,35,ARI,NL,24,7,17,1,0,1,61,14,3,0,2,0,0,7,8,0,15,0,0,0,6,0,4,10
474568,Jordy Mercer,SS,26,PIT,NL,24,4,12,1,1,1,62,15,4,0,1,1,0,7,7,0,0,7,1,28,0,0,0,0
453181,Matt LaPorta,1B,28,CLE,AL,24,6,15,1,0,1,64,15,3,0,2,0,0,8,8,0,11,0,0,0,0,0,0,0
543228,Yan Gomes,OF,25,CLE,AL,24,4,17,1,0,1,65,16,4,0,2,1,0,8,8,9,20,0,8,0,4,0,0,4
501994,Joe Benson,OF,25,MIN,AL,24,5,17,1,1,1,61,14,3,1,2,2,1,7,8,0,0,0,0,0,0,0,0,0
506702,Sandy Leon,C,24,WAS,NL,24,5,12,1,1,1,62,14,3,0,1,0,0,6,6,12,0,0,0,0,0,0,0,0
542455,Oswaldo Arcia,OF,22,MIN,AL,24,4,14,1,1,1,59,15,3,1,2,1,0,8,8,0,0,0,0,0,0,0,0,0
543083,James Darnell,OF,26,SDN,NL,24,6,12,1,1,1,59,15,3,0,2,0,0,7,8,0,0,0,1,0,4,0,0,4
446395,Corey Brown,OF,27,WAS,NL,24,6,20,1,0,1,64,15,3,1,2,2,1,7,8,0,0,0,0,0,7,2,2,11
523261,Roger Kieschnick,OF,26,SFN,NL,24,4,17,1,1,1,62,16,3,1,2,1,0,7,8,0,0,0,0,0,0,0,0,0
476270,Steve Tolleson,3B,29,CHA,AL,24,5,12,0,1,1,57,14,3,0,1,2,1,7,6,0,0,4,12,3,7,0,0,7
502161,Scott Cousins,OF,28,LAA,AL,24,5,15,0,1,1,61,15,3,0,1,2,1,7,7,0,0,0,0,0,6,18,12,36
519051,Hunter Morris,1B,24,MIL,NL,24,4,14,1,0,1,66,17,4,0,2,1,0,7,9,0,0,0,0,0,0,0,0,0
501213,Moises Sierra,OF,24,TOR,AL,24,5,14,1,0,1,64,16,3,0,2,1,1,8,8,0,0,0,0,0,0,0,39,39
,Melky Mesa,,26,,,24,4,18,1,1,1,63,15,3,0,2,3,1,8,8,0,0,0,0,0,0,0,0,0
474443,Ivan De Jesus,2B,26,PIT,NL,24,4,12,0,1,1,58,15,3,0,1,1,0,7,6,0,0,12,6,1,0,0,0,0
516809,Junior Lake,SS,23,CHN,NL,24,3,16,1,1,1,61,15,3,0,1,3,1,6,6,0,0,0,0,0,0,0,0,0
578428,Jose Iglesias,SS,23,BOS,AL,24,3,9,1,1,1,58,15,3,0,0,2,1,6,5,0,0,0,0,24,0,0,0,0
477054,Trayvon Robinson,OF,25,BAL,AL,24,5,16,0,1,1,57,14,3,0,2,2,1,7,7,0,0,0,0,0,46,0,0,46
543059,Zack Cox,3B,24,MIA,NL,24,4,13,1,1,1,62,16,4,0,1,0,0,6,7,0,0,0,0,0,0,0,0,0
430681,Dan Johnson,1B,33,NYA,AL,23,8,11,1,0,1,57,13,3,0,2,0,0,8,8,0,3,0,0,0,0,0,0,0
518500,Andrew Brown,OF,28,NYN,NL,24,6,18,1,0,1,63,15,3,0,2,1,0,7,8,0,0,0,0,0,12,0,24,33
434630,Eli Whiteside,C,33,TEX,AL,24,5,15,1,1,1,62,14,3,0,1,0,0,6,7,11,0,0,0,0,0,0,0,0
520471,Freddy Galvis,SS,23,PHI,NL,24,3,9,0,1,1,62,15,3,0,1,1,1,6,6,0,0,55,0,5,0,0,0,0
489232,Anthony Recker,C,29,NYN,NL,24,6,16,1,1,1,59,14,3,0,2,1,0,7,7,17,1,0,0,0,0,0,0,0
502143,Danny Valencia,3B,28,BAL,AL,24,4,12,0,1,1,63,15,3,0,2,0,0,7,7,0,0,0,44,0,0,0,0,0
499926,Alex Liddi,3B,24,SEA,AL,24,5,17,1,1,1,60,14,3,0,2,1,1,7,8,0,5,0,23,0,7,0,0,7
150348,John McDonald,SS,38,ARI,NL,24,3,10,0,1,1,61,15,3,0,1,0,0,6,7,0,0,4,5,54,0,0,0,0
489267,Adam Rosales,2B,30,OAK,AL,24,5,12,0,1,1,58,14,3,0,1,1,0,7,6,0,7,21,3,11,0,0,0,0
527038,Wilmer Flores,SS,21,NYN,NL,24,3,8,1,1,1,61,15,3,0,1,0,0,6,7,0,0,0,0,0,0,0,0,0
285068,Cody Ransom,3B,37,SDN,NL,24,6,22,1,0,1,62,13,3,0,2,1,0,6,7,0,1,6,35,48,0,0,0,0
453531,Rob Johnson,C,30,STL,NL,24,5,13,1,1,1,59,13,3,0,1,1,0,6,6,17,0,0,0,0,0,0,0,0
475247,Ryan Flaherty,3B,26,BAL,AL,24,4,13,1,1,1,60,14,3,0,2,1,0,7,7,0,3,28,17,1,7,0,17,24
518963,Zach Lutz,3B,27,NYN,NL,24,6,17,1,1,1,57,13,3,0,2,0,0,7,7,0,1,0,0,0,0,0,0,0
543569,Brent Morel,3B,26,CHA,AL,24,4,12,0,1,1,59,14,3,0,1,1,0,7,6,0,0,0,33,0,0,0,0,0
457926,Paul Janish,SS,30,ATL,NL,22,5,9,1,1,1,54,12,3,0,1,0,0,5,5,0,0,0,0,55,0,0,0,0
458582,Reid Brignac,SS,27,COL,NL,24,5,13,0,1,1,57,13,3,0,1,1,0,6,6,0,0,1,4,11,1,0,0,1
451713,Carlos Peguero,OF,26,SEA,AL,24,5,22,1,1,1,61,14,3,0,3,1,0,7,8,0,0,0,0,0,2,0,11,12
460003,Taylor Teagarden,C,29,BAL,AL,24,6,20,1,1,1,57,12,3,0,2,1,0,7,7,21,0,0,0,0,0,0,0,0
518794,Brandon Hicks,SS,27,NYN,NL,24,5,20,1,1,1,57,12,3,0,2,1,1,6,7,0,1,1,0,19,0,0,0,0
425772,Jeff Mathis,C,30,MIA,NL,22,3,16,0,1,0,52,11,2,0,1,1,0,5,5,66,0,0,0,0,0,0,0,0
,Rafael Ortega,,22,,,0,0,0,0,0,0,0,0,0,0,0,0,0,0,0,0,0,0,0,0,0,0,0,0
325392,Scott Podsednik,OF,37,BOS,AL,0,0,0,0,0,0,0,0,0,0,0,0,0,0,0,0,0,0,0,0,31,23,5,57
592407,Bryan Holaday,C,25,DET,AL,0,0,0,0,0,0,0,0,0,0,0,0,0,0,0,6,0,0,0,0,0,0,0,0
,Steven Lerud,,28,,,0,0,0,0,0,0,0,0,0,0,0,0,0,0,0,0,0,0,0,0,0,0,0,0
150275,Yorvit Torrealba,C,34,COL,NL,0,0,0,0,0,0,0,0,0,0,0,0,0,0,0,60,1,0,0,0,0,0,0,0
493128,Munenori Kawasaki,SS,32,SEA,AL,0,0,0,0,0,0,0,0,0,0,0,0,0,0,0,0,0,10,1,38,0,0,0,0
407861,Orlando Hudson,3B,35,CHA,AL,0,0,0,0,0,0,0,0,0,0,0,0,0,0,0,0,0,44,29,0,0,0,0,0
136660,Mark DeRosa,OF,38,TOR,AL,0,0,0,0,0,0,0,0,0,0,0,0,0,0,0,0,3,1,11,1,9,0,7,16
111867,Miguel Cairo,3B,39,CIN,NL,0,0,0,0,0,0,0,0,0,0,0,0,0,0,0,0,24,8,13,0,0,0,0,0
407797,Nick Green,SS,34,MIA,NL,0,0,0,0,0,0,0,0,0,0,0,0,0,0,0,0,0,2,3,1,0,0,0,0
408210,Chone Figgins,3B,35,MIA,NL,0,0,0,0,0,0,0,0,0,0,0,0,0,0,0,0,0,0,10,0,38,9,1,47
407849,Bill Hall,OF,33,LAA,AL,0,0,0,0,0,0,0,0,0,0,0,0,0,0,0,0,0,0,0,0,1,0,1,2
407489,Lyle Overbay,1B,36,BOS,AL,0,0,0,0,0,0,0,0,0,0,0,0,0,0,0,0,23,0,0,0,0,0,0,0
408108,Freddy Sanchez,2B,35,SFN,NL,0,0,0,0,0,0,0,0,0,0,0,0,0,0,0,0,0,0,0,0,0,0,0,0
408232,Ray Olmedo,SS,32,MIN,AL,0,0,0,0,0,0,0,0,0,0,0,0,0,0,0,0,0,2,10,5,0,0,0,0
217915,Lew Ford,OF,36,BAL,AL,0,0,0,0,0,0,0,0,0,0,0,0,0,0,0,0,0,0,0,0,13,0,6,18
407832,Wilson Valdez,SS,35,SFN,NL,0,0,0,0,0,0,0,0,0,0,0,0,0,0,0,0,0,22,14,33,0,5,0,5
430829,Rich Thompson,OF,34,TBA,AL,0,0,0,0,0,0,0,0,0,0,0,0,0,0,0,0,0,0,0,0,7,5,0,12
150456,Adam Kennedy,2B,37,LAN,NL,0,0,0,0,0,0,0,0,0,0,0,0,0,0,0,0,3,16,39,0,1,0,0,1
,Carlos Triunfel,,23,,,0,0,0,0,0,0,0,0,0,0,0,0,0,0,0,0,0,0,0,0,0,0,0,0
519445,Danny Worth,2B,27,DET,AL,0,0,0,0,0,0,0,0,0,0,0,0,0,0,0,0,0,31,5,3,0,0,0,0
456544,Eric Farris,2B,27,SEA,AL,0,0,0,0,0,0,0,0,0,0,0,0,0,0,0,0,0,2,0,0,1,0,0,1
444041,Gil Velazquez,2B,33,NYA,AL,0,0,0,0,0,0,0,0,0,0,0,0,0,0,0,0,0,0,17,0,0,0,0,0
429713,Grady Sizemore,OF,30,,,0,0,0,0,0,0,0,0,0,0,0,0,0,0,0,0,0,0,0,0,0,0,0,0
430603,Don Kelly,OF,33,DET,AL,0,0,0,0,0,0,0,0,0,0,0,0,0,0,0,0,8,1,3,0,18,8,35,59
430652,Jason Bourgeois,OF,31,TBA,AL,0,0,0,0,0,0,0,0,0,0,0,0,0,0,0,0,0,0,0,0,2,23,0,24
408312,Mike Jacobs,1B,32,SEA,AL,0,0,0,0,0,0,0,0,0,0,0,0,0,0,0,0,4,0,0,0,0,0,0,0
467143,Hector Gomez,SS,25,MIL,NL,0,0,0,0,0,0,0,0,0,0,0,0,0,0,0,0,0,0,0,0,0,0,0,0
276354,Matt Treanor,C,37,LAN,NL,0,0,0,0,0,0,0,0,0,0,0,0,0,0,0,35,0,0,0,0,0,0,0,0
400268,J.C. Boscan,C,33,CHN,NL,0,0,0,0,0,0,0,0,0,0,0,0,0,0,0,6,0,0,0,0,0,0,0,0
150324,Carlos Lee,1B,37,,,0,0,0,0,0,0,0,0,0,0,0,0,0,0,0,0,145,0,0,0,0,0,0,0
446208,Luis Martinez,C,28,BAL,AL,0,0,0,0,0,0,0,0,0,0,0,0,0,0,0,10,0,0,0,0,0,0,0,0
458679,Josh Bell,3B,26,CHA,AL,0,0,0,0,0,0,0,0,0,0,0,0,0,0,0,0,0,0,12,0,0,0,0,0
434681,Pete Orr,2B,34,PHI,NL,0,0,0,0,0,0,0,0,0,0,0,0,0,0,0,0,0,13,4,0,0,0,0,0
444489,Manny Pina,C,26,KCA,AL,0,0,0,0,0,0,0,0,0,0,0,0,0,0,0,1,0,0,0,0,0,0,0,0
502029,Chris Marrero,1B,24,WAS,NL,0,0,0,0,0,0,0,0,0,0,0,0,0,0,0,0,0,0,0,0,0,0,0,0
502034,Emmanuel Burriss,2B,28,CIN,NL,0,0,0,0,0,0,0,0,0,0,0,0,0,0,0,0,0,37,6,6,0,0,1,1
430946,Jose Lopez,2B,29,,,0,0,0,0,0,0,0,0,0,0,0,0,0,0,0,0,14,4,50,0,0,0,1,1
455139,Robinson Chirinos,C,29,TBA,AL,0,0,0,0,0,0,0,0,0,0,0,0,0,0,0,0,0,0,0,0,0,0,0,0
518586,Charlie Culberson,2B,24,COL,NL,0,0,0,0,0,0,0,0,0,0,0,0,0,0,0,0,0,6,0,0,0,0,0,0
400290,Austin Kearns,OF,33,MIA,NL,0,0,0,0,0,0,0,0,0,0,0,0,0,0,0,0,2,0,0,0,22,0,12,34
458628,Joe Mather,OF,30,PHI,NL,0,0,0,0,0,0,0,0,0,0,0,0,0,0,0,0,2,0,18,0,25,28,14,56
521428,Che-Hsuan Lin,OF,24,HOU,AL,0,0,0,0,0,0,0,0,0,0,0,0,0,0,0,0,0,0,0,0,0,3,6,9
519107,Andy Parrino,2B,27,OAK,AL,0,0,0,0,0,0,0,0,0,0,0,0,0,0,0,0,0,15,2,26,0,0,1,1
451088,Justin Sellers,2B,27,LAN,NL,0,0,0,0,0,0,0,0,0,0,0,0,0,0,0,0,0,0,0,0,0,0,0,0
451143,Mat Gamel,1B,27,MIL,NL,0,0,0,0,0,0,0,0,0,0,0,0,0,0,0,0,20,0,1,0,0,0,0,0
123744,Omar Vizquel,SS,46,TOR,AL,0,0,0,0,0,0,0,0,0,0,0,0,0,0,0,0,2,24,18,10,1,0,0,1
435520,Jesus Flores,C,28,LAN,NL,0,0,0,0,0,0,0,0,0,0,0,0,0,0,0,80,0,0,0,0,0,0,0,0
475100,Scott Van Slyke,1B,26,LAN,NL,0,0,0,0,0,0,0,0,0,0,0,0,0,0,0,0,5,0,0,0,11,0,12,21
445599,Scott Moore,3B,29,OAK,AL,0,0,0,0,0,0,0,0,0,0,0,0,0,0,0,0,19,6,28,0,2,0,15,17
458701,Luis Exposito,C,26,BAL,AL,0,0,0,0,0,0,0,0,0,0,0,0,0,0,0,9,0,0,0,0,0,0,0,0
150148,Rod Barajas,C,37,ARI,NL,0,0,0,0,0,0,0,0,0,0,0,0,0,0,0,99,1,0,0,0,0,0,0,0
453454,Mike McCoy,2B,32,TOR,AL,0,0,0,0,0,0,0,0,0,0,0,0,0,0,0,0,0,8,6,1,4,4,3,9
430965,Chris Snyder,C,32,WAS,NL,0,0,0,0,0,0,0,0,0,0,0,0,0,0,0,72,1,0,0,0,0,0,0,0
459943,Jeff Clement,1B,29,MIN,AL,0,0,0,0,0,0,0,0,0,0,0,0,0,0,0,0,1,0,0,0,0,0,0,0
430930,Fred Lewis,OF,32,CLE,AL,0,0,0,0,0,0,0,0,0,0,0,0,0,0,0,0,0,0,0,0,4,1,4,6
276346,Brandon Inge,3B,36,PIT,NL,0,0,0,0,0,0,0,0,0,0,0,0,0,0,0,0,0,6,76,0,0,0,0,0
430906,Donnie Murphy,3B,30,MIL,NL,0,0,0,0,0,0,0,0,0,0,0,0,0,0,0,0,0,13,22,2,0,0,0,0
448170,Travis Ishikawa,1B,29,BAL,AL,0,0,0,0,0,0,0,0,0,0,0,0,0,0,0,0,43,0,0,0,0,0,3,3
460579,Nyjer Morgan,OF,32,MIL,NL,0,0,0,0,0,0,0,0,0,0,0,0,0,0,0,0,0,0,0,0,19,53,27,86
519390,Stephen Vogt,C,28,TBA,AL,0,0,0,0,0,0,0,0,0,0,0,0,0,0,0,7,0,0,0,0,2,0,0,2
473234,Tony Abreu,2B,28,SFN,NL,0,0,0,0,0,0,0,0,0,0,0,0,0,0,0,0,0,11,6,4,0,0,0,0
457130,Vinny Rottino,OF,33,CLE,AL,0,0,0,0,0,0,0,0,0,0,0,0,0,0,0,2,7,0,2,0,18,0,2,20
502117,Kristopher Negron,OF,27,CIN,NL,0,0,0,0,0,0,0,0,0,0,0,0,0,0,0,0,0,0,0,0,0,1,0,1
477186,Brandon Laird,3B,25,HOU,AL,0,0,0,0,0,0,0,0,0,0,0,0,0,0,0,0,4,0,8,0,0,0,0,0
501317,Francisco Peguero,OF,25,SFN,NL,0,0,0,0,0,0,0,0,0,0,0,0,0,0,0,0,0,0,0,0,8,0,2,10
501605,Yamaico Navarro,3B,25,BAL,AL,0,0,0,0,0,0,0,0,0,0,0,0,0,0,0,0,0,1,2,3,8,0,2,10
541650,Hernan Perez,SS,22,DET,AL,0,0,0,0,0,0,0,0,0,0,0,0,0,0,0,0,0,1,0,0,0,0,0,0
435558,Daric Barton,1B,27,OAK,AL,0,0,0,0,0,0,0,0,0,0,0,0,0,0,0,0,43,0,0,0,0,0,0,0
,Didi Gregorius,,23,,,0,0,0,0,0,0,0,0,0,0,0,0,0,0,0,0,0,0,0,0,0,0,0,0
,Tyler Graham,,29,,,0,0,0,0,0,0,0,0,0,0,0,0,0,0,0,0,0,0,0,0,0,0,0,0
474494,Tommy Field,SS,26,LAA,AL,0,0,0,0,0,0,0,0,0,0,0,0,0,0,0,0,0,1,0,0,0,0,0,0
435560,Omar Quintanilla,SS,31,NYN,NL,0,0,0,0,0,0,0,0,0,0,0,0,0,0,0,0,0,34,0,30,0,0,0,0
435064,Bobby Wilson,C,30,NYA,AL,0,0,0,0,0,0,0,0,0,0,0,0,0,0,0,72,4,0,0,0,0,0,0,0
543503,Kevin Mattison,OF,27,MIA,NL,0,0,0,0,0,0,0,0,0,0,0,0,0,0,0,0,0,0,0,0,1,0,0,1
,L.J. Hoes,,23,,,0,0,0,0,0,0,0,0,0,0,0,0,0,0,0,0,0,0,0,0,0,0,0,0
543776,J.B. Shuck,OF,26,LAA,AL,0,0,0,0,0,0,0,0,0,0,0,0,0,0,0,0,0,0,0,0,0,0,0,0
519208,Clint Robinson,1B,28,PIT,NL,0,0,0,0,0,0,0,0,0,0,0,0,0,0,0,0,0,0,0,0,0,0,0,0
,Denis Phipps,,27,,,0,0,0,0,0,0,0,0,0,0,0,0,0,0,0,0,0,0,0,0,0,0,0,0
520209,Konrad Schmidt,C,28,TEX,AL,0,0,0,0,0,0,0,0,0,0,0,0,0,0,0,2,0,0,0,0,0,0,0,0
,David Lough,,27,,,0,0,0,0,0,0,0,0,0,0,0,0,0,0,0,0,0,0,0,0,0,0,0,0
518653,Jake Elmore,SS,26,HOU,AL,0,0,0,0,0,0,0,0,0,0,0,0,0,0,0,0,0,5,0,17,0,0,0,0
489135,Jeremy Moore,OF,26,LAA,AL,0,0,0,0,0,0,0,0,0,0,0,0,0,0,0,0,0,0,0,0,0,0,0,0
460269,Chris Gimenez,C,30,TBA,AL,0,0,0,0,0,0,0,0,0,0,0,0,0,0,0,39,1,0,1,0,1,0,0,1
492841,Michael Martinez,2B,30,PHI,NL,0,0,0,0,0,0,0,0,0,0,0,0,0,0,0,0,0,16,10,8,2,3,4,9
435081,Mike Nickeas,C,30,TOR,AL,0,0,0,0,0,0,0,0,0,0,0,0,0,0,0,44,0,0,0,0,0,0,0,0
500207,Jhonatan Solano,C,27,WAS,NL,0,0,0,0,0,0,0,0,0,0,0,0,0,0,0,11,0,0,0,0,0,0,0,0
346795,Endy Chavez,OF,35,KCA,AL,0,0,0,0,0,0,0,0,0,0,0,0,0,0,0,0,0,0,0,0,35,3,21,57
518755,Matt Hague,1B,27,PIT,NL,0,0,0,0,0,0,0,0,0,0,0,0,0,0,0,0,16,0,0,0,0,0,0,0
150411,Brian Schneider,C,36,PHI,NL,0,0,0,0,0,0,0,0,0,0,0,0,0,0,0,29,0,0,0,0,0,0,0,0
,Henry Rodriguez,,23,,,0,0,0,0,0,0,0,0,0,0,0,0,0,0,0,0,0,0,0,0,0,0,0,0
425565,Guillermo Quiroz,C,31,SFN,NL,0,0,0,0,0,0,0,0,0,0,0,0,0,0,0,1,0,0,0,0,0,0,0,0
111072,Henry Blanco,C,41,TOR,AL,0,0,0,0,0,0,0,0,0,0,0,0,0,0,0,21,0,0,0,0,0,0,0,0
518408,Matt Angle,OF,27,LAN,NL,0,0,0,0,0,0,0,0,0,0,0,0,0,0,0,0,0,0,0,0,0,0,0,0
518700,Eric Fryer,C,27,MIN,AL,0,0,0,0,0,0,0,0,0,0,0,0,0,0,0,0,0,0,0,0,1,0,1,2
518977,Joe Mahoney,1B,26,MIA,NL,0,0,0,0,0,0,0,0,0,0,0,0,0,0,0,0,2,0,0,0,0,0,0,0
114739,Jason Giambi,1B,42,CLE,AL,0,0,0,0,0,0,0,0,0,0,0,0,0,0,0,0,13,0,0,0,0,0,0,0
518799,Steven Hill,C,28,OAK,AL,0,0,0,0,0,0,0,0,0,0,0,0,0,0,0,0,1,0,0,0,0,0,0,0
276376,Nick Johnson,1B,34,BAL,AL,0,0,0,0,0,0,0,0,0,0,0,0,0,0,0,0,5,0,0,0,0,0,0,0
543647,Cord Phelps,2B,26,CLE,AL,0,0,0,0,0,0,0,0,0,0,0,0,0,0,0,0,0,5,1,1,0,0,0,0
452105,John Hester,C,29,LAA,AL,0,0,0,0,0,0,0,0,0,0,0,0,0,0,0,38,0,0,0,0,0,0,0,0
279577,Rafael Furcal,SS,35,STL,NL,0,0,0,0,0,0,0,0,0,0,0,0,0,0,0,0,0,0,0,120,0,0,0,0
493574,Blake Tekotte,OF,26,CHA,AL,0,0,0,0,0,0,0,0,0,0,0,0,0,0,0,0,0,0,0,0,2,1,1,4
,Ali Solis,,25,,,0,0,0,0,0,0,0,0,0,0,0,0,0,0,0,0,0,0,0,0,0,0,0,0
502249,Lars Anderson,1B,25,CHA,AL,0,0,0,0,0,0,0,0,0,0,0,0,0,0,0,0,2,0,0,0,4,0,0,4
501726,Juan Diaz,SS,24,CLE,AL,0,0,0,0,0,0,0,0,0,0,0,0,0,0,0,0,0,0,0,5,0,0,0,0
,Chris Herrmann,,25,,,0,0,0,0,0,0,0,0,0,0,0,0,0,0,0,0,0,0,0,0,0,0,0,0
446192,Adam Moore,C,29,KCA,AL,0,0,0,0,0,0,0,0,0,0,0,0,0,0,0,3,0,0,0,0,0,0,0,0
473724,Matt McBride,1B,28,COL,NL,0,0,0,0,0,0,0,0,0,0,0,0,0,0,0,0,8,0,0,0,0,0,12,12
110029,Bobby Abreu,OF,39,,,0,0,0,0,0,0,0,0,0,0,0,0,0,0,0,0,0,0,0,0,52,0,2,54
,Thomas Neal,,25,,,0,0,0,0,0,0,0,0,0,0,0,0,0,0,0,0,0,0,0,0,0,0,0,0
502133,Adrian Cardenas,2B,25,MIA,NL,0,0,0,0,0,0,0,0,0,0,0,0,0,0,0,0,0,12,1,0,3,0,0,3
453303,Matt Downs,1B,29,MIA,NL,0,0,0,0,0,0,0,0,0,0,0,0,0,0,0,0,25,3,18,1,2,0,11,13
116662,Andruw Jones,OF,36,,,0,0,0,0,0,0,0,0,0,0,0,0,0,0,0,0,0,0,0,0,47,0,23,66
474319,Brandon Snyder,1B,26,TEX,AL,0,0,0,0,0,0,0,0,0,0,0,0,0,0,0,1,11,0,7,0,5,0,5,10
457762,Bryan Anderson,C,26,CHA,AL,0,0,0,0,0,0,0,0,0,0,0,0,0,0,0,2,1,0,0,0,0,0,0,0
501961,Derrick Robinson,OF,25,KCA,AL,0,0,0,0,0,0,0,0,0,0,0,0,0,0,0,0,0,0,0,0,0,0,0,0
501827,Jermaine Mitchell,OF,28,PHI,NL,0,0,0,0,0,0,0,0,0,0,0,0,0,0,0,0,0,0,0,0,0,0,0,0
502265,Tyson Gillies,OF,24,PHI,NL,0,0,0,0,0,0,0,0,0,0,0,0,0,0,0,0,0,0,0,0,0,0,0,0
491640,Carlos Rivero,3B,25,WAS,NL,0,0,0,0,0,0,0,0,0,0,0,0,0,0,0,0,0,0,0,0,0,0,0,0
501571,Juan Lagares,OF,24,NYN,NL,0,0,0,0,0,0,0,0,0,0,0,0,0,0,0,0,0,0,0,0,0,0,0,0
519005,Michael Mcdade,1B,24,CLE,AL,0,0,0,0,0,0,0,0,0,0,0,0,0,0,0,0,0,0,0,0,0,0,0,0
518725,Caleb Gindl,OF,24,MIL,NL,0,0,0,0,0,0,0,0,0,0,0,0,0,0,0,0,0,0,0,0,0,0,0,0
519304,Neftali Soto,1B,24,CIN,NL,0,0,0,0,0,0,0,0,0,0,0,0,0,0,0,0,0,0,0,0,0,0,0,0
519333,Matt Szczur,OF,23,CHN,NL,0,0,0,0,0,0,0,0,0,0,0,0,0,0,0,0,0,0,0,0,0,0,0,0
492728,Alfredo Silverio,OF,26,LAN,NL,0,0,0,0,0,0,0,0,0,0,0,0,0,0,0,0,0,0,0,0,0,0,0,0
520976,Engel Beltre,OF,23,TEX,AL,0,0,0,0,0,0,0,0,0,0,0,0,0,0,0,0,0,0,0,0,0,0,0,0
501660,Zoilo Almonte,OF,24,NYA,AL,0,0,0,0,0,0,0,0,0,0,0,0,0,0,0,0,0,0,0,0,0,0,0,0
500274,Jeudy Valdez,2B,24,SDN,NL,0,0,0,0,0,0,0,0,0,0,0,0,0,0,0,0,0,0,0,0,0,0,0,0
517054,Edinson Rincon,OF,22,SDN,NL,0,0,0,0,0,0,0,0,0,0,0,0,0,0,0,0,0,0,0,0,0,0,0,0
516631,Gustavo Nunez,SS,25,PIT,NL,0,0,0,0,0,0,0,0,0,0,0,0,0,0,0,0,0,0,0,0,0,0,0,0
458704,Reese Havens,2B,26,NYN,NL,0,0,0,0,0,0,0,0,0,0,0,0,0,0,0,0,0,0,0,0,0,0,0,0
543377,Corban Joseph,2B,24,NYA,AL,0,0,0,0,0,0,0,0,0,0,0,0,0,0,0,0,0,0,0,0,0,0,0,0
543685,Anthony Rendon,3B,23,WAS,NL,0,0,0,0,0,0,0,0,0,0,0,0,0,0,0,0,0,0,0,0,0,0,0,0
499864,Luis Jimenez,3B,25,LAA,AL,0,0,0,0,0,0,0,0,0,0,0,0,0,0,0,0,0,0,0,0,0,0,0,0
527049,Cesar Puello,OF,22,NYN,NL,0,0,0,0,0,0,0,0,0,0,0,0,0,0,0,0,0,0,0,0,0,0,0,0
516679,Sebastian Valle,C,22,PHI,NL,0,0,0,0,0,0,0,0,0,0,0,0,0,0,0,0,0,0,0,0,0,0,0,0
501303,Ehire Adrianza,SS,23,SFN,NL,0,0,0,0,0,0,0,0,0,0,0,0,0,0,0,0,0,0,0,0,0,0,0,0
544371,Donald Lutz,1B,24,CIN,NL,0,0,0,0,0,0,0,0,0,0,0,0,0,0,0,0,0,0,0,0,0,0,0,0
542642,Rymer Liriano,OF,22,SDN,NL,0,0,0,0,0,0,0,0,0,0,0,0,0,0,0,0,0,0,0,0,0,0,0,0
514917,Cesar Hernandez,2B,23,PHI,NL,0,0,0,0,0,0,0,0,0,0,0,0,0,0,0,0,0,0,0,0,0,0,0,0
541648,Francisco Martinez,3B,22,SEA,AL,0,0,0,0,0,0,0,0,0,0,0,0,0,0,0,0,0,0,0,0,0,0,0,0
