mlbamID,G,G_batting,G_defense,G_p,GS,G_c,G_1b,G_2b,G_3b,G_ss,G_lf,G_cf,G_rf,G_of
110029,154,154,134,0,151,0,0,0,0,0,41,0,93,134
110236,80,80,34,0,25,0,0,0,0,0,27,0,8,34
110385,21,21,21,0,19,21,0,0,0,0,0,0,0,0
110683,58,54,58,58,1,0,0,0,0,0,0,0,0,0
111072,50,50,46,0,41,46,0,0,0,0,0,0,0,0
111851,123,123,121,0,119,0,0,0,0,121,0,0,0,0
111867,91,91,56,0,40,0,14,6,38,1,0,0,1,1
111904,48,48,46,0,43,0,0,0,0,0,0,46,0,46
112020,35,34,35,35,35,0,0,0,0,0,0,0,0,0
112116,86,86,74,0,64,0,0,74,0,0,0,0,0,0
112128,55,55,51,0,34,0,0,7,11,33,0,0,0,0
112131,25,25,1,0,1,0,1,0,0,0,1,0,0,1
112736,102,102,62,0,35,0,0,3,20,42,0,0,0,0
113028,145,145,36,0,132,0,0,0,0,0,33,4,0,36
113296,53,50,53,53,0,0,0,0,0,0,0,0,0,0
113744,86,86,65,0,58,0,6,0,0,0,1,52,14,62
114739,87,87,37,0,43,0,37,0,0,0,0,0,0,0
115135,33,33,0,0,25,0,0,0,0,0,0,0,0,0
115210,30,30,27,0,27,0,0,27,0,0,0,0,0,0
115223,152,152,18,0,145,0,0,0,0,0,1,0,17,18
115229,148,148,60,0,143,0,0,0,0,0,0,0,60,60
115399,10,10,10,10,0,0,0,0,0,0,0,0,0,0
115629,18,18,18,18,0,0,0,0,0,0,0,0,0,0
115732,118,118,115,0,105,0,115,0,0,0,0,0,0,0
115817,35,33,33,33,33,0,0,0,0,0,0,0,0,0
116034,50,48,50,50,0,0,0,0,0,0,0,0,0,0
116338,152,152,143,0,152,0,0,0,0,0,0,98,46,143
116380,155,155,145,0,146,0,1,0,0,0,145,0,0,145
116539,157,157,151,0,155,0,0,0,0,151,0,0,0,0
116662,107,107,89,0,76,0,0,0,0,0,12,17,62,89
116706,95,95,89,0,87,0,0,0,89,0,0,0,0,0
116974,118,118,118,0,118,118,0,0,0,0,0,0,0,0
117244,149,149,125,0,148,0,125,0,0,0,0,0,0,0
117276,107,107,46,0,86,0,38,0,0,0,0,0,8,8
117601,148,148,144,0,144,0,144,0,0,0,0,0,0,0
117955,34,32,33,33,33,0,0,0,0,0,0,0,0,0
118158,41,5,41,41,0,0,0,0,0,0,0,0,0,0
119125,57,56,57,57,0,0,0,0,0,0,0,0,0,0
119154,31,2,31,31,31,0,0,0,0,0,0,0,0,0
119215,20,18,20,20,8,0,0,0,0,0,0,0,0,0
119469,19,16,19,19,19,0,0,0,0,0,0,0,0,0
119984,64,4,64,64,0,0,0,0,0,0,0,0,0,0
120044,84,84,71,0,84,0,0,0,0,0,0,0,71,71
120074,145,145,4,0,138,0,4,0,0,0,0,0,0,0
120221,53,31,53,53,0,0,0,0,0,0,0,0,0,0
120485,21,2,21,21,21,0,0,0,0,0,0,0,0,0
120691,120,120,83,0,106,83,1,0,0,0,0,0,0,0
120903,90,90,48,0,75,0,0,0,0,0,48,0,0,48
121074,72,72,68,0,62,0,0,0,0,68,0,0,0,0
121096,59,56,59,59,0,0,0,0,0,0,0,0,0,0
121125,70,66,70,70,0,0,0,0,0,0,0,0,0,0
121250,61,4,61,61,0,0,0,0,0,0,0,0,0,0
121347,137,137,124,0,134,0,0,0,124,0,0,0,0,0
121358,111,111,103,0,103,103,0,0,0,0,0,0,0,0
121409,133,133,130,0,125,0,0,0,130,0,0,0,0,0
122620,2,2,2,2,0,0,0,0,0,0,0,0,0,0
122644,78,78,17,0,17,0,3,0,0,0,13,0,1,14
122987,30,28,30,30,15,0,0,0,0,0,0,0,0,0
123041,56,56,17,0,35,0,17,0,0,0,0,0,0,0
123107,41,41,19,0,11,0,14,3,4,0,0,0,0,0
123173,156,156,152,0,156,0,0,0,97,58,0,0,0,0
123272,108,108,0,0,78,0,0,0,0,0,0,0,0,0
123660,39,39,39,0,27,39,0,0,0,0,0,0,0,0
123744,108,108,105,0,89,0,0,19,83,9,0,0,0,0
123790,71,70,71,71,0,0,0,0,0,0,0,0,0,0
123801,32,2,32,32,19,0,0,0,0,0,0,0,0,0
124604,46,0,46,46,0,0,0,0,0,0,0,0,0,0
124748,28,28,28,0,28,28,0,0,0,0,0,0,0,0
133160,116,116,73,0,38,0,0,0,0,0,25,9,46,73
133225,35,33,34,34,34,0,0,0,0,0,0,0,0,0
133226,22,22,22,0,18,22,0,0,0,0,0,0,0,0
133321,66,66,55,0,43,0,2,49,1,6,0,0,0,0
133380,124,124,118,0,117,0,0,0,118,0,0,0,0,0
133460,6,6,6,6,0,0,0,0,0,0,0,0,0,0
133982,38,36,38,38,0,0,0,0,0,0,0,0,0,0
134181,154,154,154,0,151,0,0,0,154,0,0,0,0,0
134260,118,118,113,0,107,113,0,0,0,0,0,0,0,0
134268,47,4,47,47,0,0,0,0,0,0,0,0,0,0
134320,31,4,31,31,26,0,0,0,0,0,0,0,0,0
134321,32,2,32,32,32,0,0,0,0,0,0,0,0,0
134341,20,20,10,0,7,0,0,0,0,0,9,1,0,10
135783,37,37,34,0,31,34,0,0,0,0,0,0,0,0
135784,132,132,130,0,130,0,0,12,123,0,0,0,0,0
136263,64,59,64,64,0,0,0,0,0,0,0,0,0,0
136267,128,128,115,0,109,0,114,0,1,0,0,0,0,0
136460,157,157,157,0,156,0,0,0,0,157,0,0,0,0
136500,127,127,92,0,52,0,2,0,90,0,0,0,0,0
136600,33,1,33,33,23,0,0,0,0,0,0,0,0,0
136660,26,26,25,0,25,0,0,7,0,0,21,0,0,21
136722,68,68,51,0,65,0,0,47,0,0,4,0,0,4
136734,68,66,68,68,0,0,0,0,0,0,0,0,0,0
136767,33,33,1,0,29,0,1,0,0,0,0,0,0,0
136770,139,139,133,0,128,0,0,0,0,0,0,0,133,133
136780,73,73,47,0,56,0,43,0,4,0,0,0,0,0
136860,64,64,61,0,58,0,0,0,0,0,0,61,0,61
136880,33,31,33,33,33,0,0,0,0,0,0,0,0,0
137002,59,59,50,0,37,0,0,0,0,0,12,2,39,50
137140,109,109,51,0,100,0,51,0,0,0,0,0,0,0
150009,16,16,16,16,2,0,0,0,0,0,0,0,0,0
150011,15,0,15,15,0,0,0,0,0,0,0,0,0,0
150020,119,119,114,0,105,0,0,47,3,62,4,0,8,12
150021,117,117,114,0,80,0,0,0,0,0,30,69,34,114
150029,156,156,153,0,150,0,0,0,0,0,0,21,135,153
150035,60,25,60,60,0,0,0,0,0,0,0,0,0,0
150040,57,57,56,0,52,56,0,0,0,0,0,0,0,0
150061,93,93,85,0,62,0,0,60,7,26,1,0,0,1
150071,82,82,41,0,36,0,10,20,16,0,0,0,0,0
150093,147,147,134,0,134,0,0,0,0,0,134,0,0,134
150100,120,120,87,0,112,0,0,0,0,0,87,0,0,87
150116,36,35,34,34,34,0,0,0,0,0,0,0,0,0
150118,48,3,48,48,0,0,0,0,0,0,0,0,0,0
150119,28,2,28,28,28,0,0,0,0,0,0,0,0,0
150122,30,4,30,30,0,0,0,0,0,0,0,0,0,0
150137,9,9,9,0,6,9,0,0,0,0,0,0,0,0
150148,99,99,96,0,87,96,0,0,0,0,0,0,0,0
150153,31,30,31,31,11,0,0,0,0,0,0,0,0,0
150178,29,29,29,0,14,28,1,0,0,0,0,0,0,0
150188,75,70,75,75,0,0,0,0,0,0,0,0,0,0
150207,12,12,11,0,5,10,1,0,0,0,0,0,0,0
150212,157,157,157,0,156,0,84,1,14,0,0,2,66,67
150217,104,104,92,0,86,0,0,72,0,23,0,0,8,8
150221,19,19,19,19,0,0,0,0,0,0,0,0,0,0
150224,9,9,9,0,4,9,0,0,0,0,0,0,0,0
150229,128,128,127,0,123,127,0,0,0,0,0,0,0,0
150249,3,3,3,3,3,0,0,0,0,0,0,0,0,0
150268,137,137,115,0,100,0,15,0,102,0,0,0,0,0
150275,95,95,92,0,89,92,0,0,0,0,0,0,0,0
150277,8,8,8,8,8,0,0,0,0,0,0,0,0,0
150286,39,39,1,0,1,0,1,0,0,0,0,0,0,0
150289,144,144,142,0,137,0,142,0,0,0,0,0,0,0
150302,17,17,13,13,13,0,0,0,0,0,0,0,0,0
150324,157,157,150,0,157,0,20,0,0,0,133,0,0,133
150348,63,63,61,0,40,0,0,23,19,19,2,0,0,2
150359,33,2,33,33,33,0,0,0,0,0,0,0,0,0
150396,73,73,40,0,67,0,0,0,0,0,39,0,1,40
150398,93,93,53,0,42,0,14,8,14,18,0,0,0,0
150404,30,28,30,30,30,0,0,0,0,0,0,0,0,0
150407,56,55,56,56,0,0,0,0,0,0,0,0,0,0
150411,47,47,46,0,38,46,0,0,0,0,0,0,0,0
150414,33,13,33,33,33,0,0,0,0,0,0,0,0,0
150421,97,97,94,0,87,91,5,0,0,0,0,0,0,0
150438,33,31,33,33,33,0,0,0,0,0,0,0,0,0
150439,36,36,19,0,10,0,0,0,0,0,3,10,7,19
150449,74,74,70,0,57,0,0,0,0,0,0,70,0,70
150456,135,135,117,0,85,0,51,86,8,0,0,0,0,0
150479,113,113,101,1,91,0,2,27,60,25,0,0,1,1
150484,157,157,151,0,155,0,0,0,0,0,0,151,0,151
204020,122,122,93,0,112,0,93,0,0,0,0,0,0,0
206551,113,113,98,0,77,0,25,19,63,0,4,0,0,4
207267,9,9,9,9,9,0,0,0,0,0,0,0,0,0
211041,59,57,59,59,0,0,0,0,0,0,0,0,0,0
213680,17,17,17,17,0,0,0,0,0,0,0,0,0,0
213711,44,42,44,44,0,0,0,0,0,0,0,0,0,0
217096,34,32,34,34,33,0,0,0,0,0,0,0,0,0
217100,83,83,60,0,44,0,3,6,11,1,9,8,27,43
218595,8,8,7,0,6,0,0,0,0,7,0,0,0,0
218596,35,33,34,34,34,0,0,0,0,0,0,0,0,0
218894,16,15,16,16,16,0,0,0,0,0,0,0,0,0
219194,20,0,20,20,9,0,0,0,0,0,0,0,0,0
228594,23,22,23,23,0,0,0,0,0,0,0,0,0,0
232694,146,146,140,0,134,0,1,0,139,0,0,0,0,0
232994,3,2,3,3,0,0,0,0,0,0,0,0,0,0
235095,64,7,64,64,0,0,0,0,0,0,0,0,0,0
239795,64,63,64,64,0,0,0,0,0,0,0,0,0,0
240694,60,57,60,60,0,0,0,0,0,0,0,0,0,0
275930,116,116,113,0,107,0,0,113,0,0,0,0,0,0
275933,67,4,67,67,0,0,0,0,0,0,0,0,0,0
276055,158,158,153,0,153,0,153,0,0,0,0,0,0,0
276056,51,48,51,51,0,0,0,0,0,0,0,0,0,0
276346,144,144,144,0,138,0,0,0,144,0,0,0,0,0
276354,82,82,81,0,67,81,0,0,0,0,0,0,0,0
276361,31,31,31,0,28,0,0,0,0,31,0,0,0,0
276371,29,27,29,29,29,0,0,0,0,0,0,0,0,0
276376,24,24,2,0,21,0,2,0,0,0,0,0,0,0
276514,63,2,63,63,0,0,0,0,0,0,0,0,0,0
276519,88,88,88,0,86,0,0,0,0,88,0,0,0,0
276520,34,32,33,33,33,0,0,0,0,0,0,0,0,0
276530,52,1,52,52,0,0,0,0,0,0,0,0,0,0
276542,63,8,63,63,0,0,0,0,0,0,0,0,0,0
276545,157,157,155,0,157,0,0,0,155,0,0,0,0,0
276547,52,52,44,0,23,0,0,0,0,0,10,18,17,44
276912,43,3,43,43,1,0,0,0,0,0,0,0,0,0
276914,14,3,14,14,0,0,0,0,0,0,0,0,0,0
277405,19,17,19,19,0,0,0,0,0,0,0,0,0,0
277417,21,0,21,21,21,0,0,0,0,0,0,0,0,0
279571,76,73,76,76,0,0,0,0,0,0,0,0,0,0
279577,97,97,93,0,91,0,0,0,0,93,0,0,0,0
279782,34,34,33,33,33,0,0,0,0,0,0,0,0,0
279824,33,2,33,33,33,0,0,0,0,0,0,0,0,0
279827,88,88,87,0,74,87,0,0,0,0,0,0,0,0
279913,90,90,64,0,74,0,0,0,0,0,56,10,1,64
280061,32,32,32,0,19,32,0,0,0,0,0,0,0,0
282332,34,2,34,34,34,0,0,0,0,0,0,0,0,0
282567,17,16,17,17,0,0,0,0,0,0,0,0,0,0
282656,20,2,20,20,20,0,0,0,0,0,0,0,0,0
283166,29,0,29,29,0,0,0,0,0,0,0,0,0,0
285068,22,22,18,0,9,0,3,6,9,0,0,0,0,0
285078,133,133,119,0,129,0,0,0,0,0,92,40,0,119
285079,27,25,27,27,26,0,0,0,0,0,0,0,0,0
285131,150,150,150,0,142,0,0,0,0,150,0,0,0,0
291565,15,15,11,0,8,0,0,0,0,0,10,1,0,11
294558,119,119,78,0,76,0,52,0,0,0,6,0,23,28
324432,59,59,36,0,11,0,0,15,12,9,0,0,0,0
325392,134,134,130,0,129,0,0,0,0,0,129,6,0,130
329092,85,3,85,85,0,0,0,0,0,0,0,0,0,0
332292,9,0,9,9,0,0,0,0,0,0,0,0,0,0
333292,61,61,60,0,59,0,0,0,0,60,0,0,0,0
333492,157,157,155,0,154,0,100,0,0,0,46,0,34,63
334393,160,160,149,0,159,0,0,0,0,0,149,0,0,149
334492,23,2,23,23,23,0,0,0,0,0,0,0,0,0
340192,150,150,148,0,147,0,0,16,0,132,0,0,0,0
340393,94,94,26,0,15,0,18,0,0,0,1,0,7,8
346793,53,51,53,53,0,0,0,0,0,0,0,0,0,0
346797,57,8,57,57,0,0,0,0,0,0,0,0,0,0
346798,21,21,19,18,18,0,0,0,0,0,1,0,0,1
346799,2,2,2,2,0,0,0,0,0,0,0,0,0,0
346800,4,4,4,4,0,0,0,0,0,0,0,0,0,0
346801,49,3,49,49,2,0,0,0,0,0,0,0,0,0
346847,71,69,71,71,0,0,0,0,0,0,0,0,0,0
346848,28,26,28,28,0,0,0,0,0,0,0,0,0,0
346857,88,88,85,0,77,0,0,12,48,31,0,0,0,0
346859,106,106,55,0,32,0,0,0,0,0,41,11,5,55
346871,28,25,23,23,23,0,0,0,0,0,0,0,0,0
346874,148,148,142,0,141,0,0,24,26,103,0,0,0,0
349193,68,23,68,68,0,0,0,0,0,0,0,0,0,0
400008,2,2,2,2,0,0,0,0,0,0,0,0,0,0
400010,59,2,59,59,0,0,0,0,0,0,0,0,0,0
400018,112,112,111,0,107,111,0,0,0,0,0,0,0,0
400023,105,105,85,0,76,0,0,0,0,0,0,85,0,85
400058,50,48,50,50,0,0,0,0,0,0,0,0,0,0
400061,35,33,34,33,32,0,0,0,0,0,1,0,0,1
400067,21,19,21,21,21,0,0,0,0,0,0,0,0,0
400073,85,85,37,0,27,0,7,6,1,0,17,0,7,24
400083,139,139,133,0,124,0,0,0,0,0,37,84,43,133
400085,162,162,160,0,162,0,0,0,0,0,0,0,160,160
400089,64,7,64,64,0,0,0,0,0,0,0,0,0,0
400091,112,112,16,0,102,0,0,0,0,0,13,0,3,16
400098,118,118,0,0,108,0,0,0,0,0,0,0,0,0
400104,24,22,24,24,0,0,0,0,0,0,0,0,0,0
400121,127,127,119,0,122,110,14,0,0,0,0,0,0,0
400125,12,0,12,12,0,0,0,0,0,0,0,0,0,0
400134,131,131,79,0,68,0,32,0,1,0,50,0,0,50
400139,5,5,5,0,3,0,0,0,0,0,1,0,4,5
400140,84,84,61,0,71,0,5,2,53,0,2,0,0,2
400154,13,13,12,0,9,12,0,0,0,0,0,0,0,0
400158,37,37,19,0,15,0,3,0,0,0,15,0,1,16
400268,1,1,1,0,0,1,0,0,0,0,0,0,0,0
400284,115,115,114,0,114,0,0,114,0,0,0,0,0,0
400290,120,120,118,0,108,0,0,0,0,0,91,5,32,118
400291,16,0,16,16,9,0,0,0,0,0,0,0,0,0
405395,159,159,157,0,157,0,157,0,0,0,0,0,0,0
406550,1,1,1,0,0,1,0,0,0,0,0,0,0,0
406874,8,1,8,8,0,0,0,0,0,0,0,0,0,0
406878,59,59,59,0,58,0,0,59,0,0,0,0,0,0
407113,5,0,5,5,5,0,0,0,0,0,0,0,0,0
407193,79,78,79,79,0,0,0,0,0,0,0,0,0,0
407296,42,40,36,36,20,0,0,0,0,0,0,0,0,0
407297,5,0,5,5,0,0,0,0,0,0,0,0,0,0
407397,13,13,4,0,3,0,0,3,0,1,1,0,0,1
407483,132,132,81,0,45,0,0,0,6,0,46,2,43,80
407487,124,124,116,0,111,0,13,0,0,0,83,1,25,105
407489,154,154,153,0,150,0,153,0,0,0,0,0,0,0
407576,7,7,5,0,3,5,0,0,0,0,0,0,0,0
407781,152,152,151,0,145,0,0,0,0,0,0,151,0,151
407791,38,34,38,38,0,0,0,0,0,0,0,0,0,0
407793,34,3,33,33,33,0,0,0,0,0,0,0,0,0
407797,14,14,10,0,6,0,0,6,0,4,0,0,0,0
407798,60,60,45,0,30,0,6,0,0,0,30,2,8,40
407801,82,82,32,0,57,0,0,0,1,0,25,0,8,32
407812,158,158,155,0,156,0,0,0,0,0,155,0,0,155
407816,60,4,60,60,0,0,0,0,0,0,0,0,0,0
407819,61,4,61,61,0,0,0,0,0,0,0,0,0,0
407822,20,20,20,20,20,0,0,0,0,0,0,0,0,0
407825,74,4,74,74,0,0,0,0,0,0,0,0,0,0
407832,111,111,105,0,88,0,0,42,7,59,0,0,0,0
407833,118,118,112,0,108,112,0,0,0,0,0,0,0,0
407842,48,48,48,48,0,0,0,0,0,0,0,0,0,0
407845,72,5,72,72,0,0,0,0,0,0,0,0,0,0
407849,120,119,115,1,96,0,0,51,5,6,55,7,9,65
407860,44,40,44,44,0,0,0,0,0,0,0,0,0,0
407861,126,126,124,0,126,0,0,124,0,0,0,0,0,0
407862,102,102,84,0,42,0,0,0,0,0,62,7,22,84
407878,60,3,60,60,0,0,0,0,0,0,0,0,0,0
407885,124,124,116,0,119,0,0,116,0,0,0,0,0,0
407886,136,136,126,0,125,0,0,0,0,0,1,5,125,126
407890,32,2,32,32,32,0,0,0,0,0,0,0,0,0
407891,27,27,1,0,1,0,0,0,0,0,1,0,0,1
407893,158,158,149,0,157,0,149,0,0,0,0,0,0,0
407901,22,22,22,22,2,0,0,0,0,0,0,0,0,0
407908,39,38,39,39,0,0,0,0,0,0,0,0,0,0
407911,56,6,56,56,0,0,0,0,0,0,0,0,0,0
407924,41,41,41,41,0,0,0,0,0,0,0,0,0,0
408036,39,39,39,0,35,39,0,0,0,0,0,0,0,0
408042,89,89,87,0,76,87,0,0,0,0,0,0,0,0
408045,137,137,112,0,129,112,0,0,0,0,0,0,0,0
408047,81,81,77,0,79,0,77,0,0,0,0,0,0,0
408050,22,22,15,0,9,0,4,0,0,0,11,0,0,11
408057,55,5,55,55,0,0,0,0,0,0,0,0,0,0
408061,53,48,53,53,0,0,0,0,0,0,0,0,0,0
408069,11,0,11,11,0,0,0,0,0,0,0,0,0,0
408072,25,2,25,25,0,0,0,0,0,0,0,0,0,0
408108,111,111,109,0,108,0,0,109,0,0,0,0,0,0
408206,33,31,33,33,33,0,0,0,0,0,0,0,0,0
408210,161,161,161,0,161,0,0,161,0,0,0,0,0,0
408211,49,49,49,1,37,48,0,0,0,0,0,0,0,0
408212,105,105,95,0,54,0,0,0,0,0,44,10,50,95
408213,26,26,5,0,15,0,1,0,2,0,0,0,2,2
408230,92,87,92,92,0,0,0,0,0,0,0,0,0,0
408234,150,150,148,0,150,0,148,0,0,0,0,0,0,0
408236,160,160,159,0,158,0,159,0,0,0,0,0,0,0
408241,17,2,17,17,17,0,0,0,0,0,0,0,0,0
408242,59,59,51,0,42,51,0,0,0,0,0,0,0,0
408252,155,155,152,0,151,0,0,152,0,0,0,0,0,0
408299,134,134,125,0,106,0,0,65,29,19,15,0,6,21
408305,127,127,117,0,123,0,63,1,89,0,0,0,0,0
408306,10,10,4,0,7,0,0,0,0,0,0,0,4,4
408307,154,154,148,0,148,0,0,0,0,0,148,0,0,148
408310,70,67,70,70,0,0,0,0,0,0,0,0,0,0
408312,7,7,7,0,6,0,7,0,0,0,0,0,0,0
408314,133,133,133,0,132,0,0,0,0,133,0,0,0,0
420673,12,12,12,0,10,0,0,0,0,0,12,0,0,12
420864,58,44,58,58,0,0,0,0,0,0,0,0,0,0
421064,154,154,146,0,151,0,99,40,22,0,0,0,0,0
421124,112,112,106,0,79,0,0,25,0,85,0,0,0,0
421685,22,21,22,22,20,0,0,0,0,0,0,0,0,0
424144,17,17,17,17,7,0,0,0,0,0,0,0,0,0
424324,28,1,28,28,28,0,0,0,0,0,0,0,0,0
424325,59,59,57,0,33,57,0,0,0,0,0,0,0,0
424726,95,95,93,0,92,0,0,0,0,0,93,0,0,93
424805,52,3,52,52,1,0,0,0,0,0,0,0,0,0
424825,75,75,73,0,74,0,0,0,0,0,0,73,0,73
425146,21,19,21,21,18,0,0,0,0,0,0,0,0,0
425206,133,133,124,0,96,0,0,48,11,69,5,0,0,5
425226,34,2,34,34,5,0,0,0,0,0,0,0,0,0
425386,32,1,32,32,32,0,0,0,0,0,0,0,0,0
425446,79,79,61,2,23,0,0,50,5,6,0,0,0,0
425477,23,23,18,0,6,0,13,0,1,0,1,0,3,4
425487,13,13,13,13,11,0,0,0,0,0,0,0,0,0
425491,124,124,119,0,112,100,3,0,0,0,0,0,18,18
425492,55,55,55,55,0,0,0,0,0,0,0,0,0,0
425496,153,153,151,0,135,0,0,0,0,0,23,89,54,151
425506,32,32,18,0,11,0,0,0,0,0,6,10,4,18
425507,1,0,1,1,0,0,0,0,0,0,0,0,0,0
425508,106,106,56,0,45,0,0,0,0,0,22,7,33,56
425509,148,148,143,0,144,0,2,0,100,46,0,0,0,0
425514,67,64,67,67,0,0,0,0,0,0,0,0,0,0
425530,16,0,16,16,0,0,0,0,0,0,0,0,0,0
425539,56,54,56,56,0,0,0,0,0,0,0,0,0,0
425542,77,77,73,0,60,72,0,0,1,0,0,0,0,0
425543,108,108,106,0,102,0,3,2,4,98,0,0,0,0
425545,114,114,108,0,107,0,0,0,0,0,108,0,0,108
425547,103,103,75,0,79,0,9,0,0,0,0,0,66,66
425548,44,44,30,0,39,0,30,0,0,0,0,0,0,0
425549,133,133,131,0,108,0,0,88,1,47,0,0,0,0
425556,97,97,55,0,31,0,0,0,0,0,50,5,4,55
425557,79,79,65,0,48,0,4,26,33,0,0,0,4,4
425560,151,151,146,0,145,0,146,0,0,0,0,0,0,0
425565,2,2,2,0,2,2,0,0,0,0,0,0,0,0
425567,147,147,144,0,144,0,0,0,0,0,1,143,0,144
425626,24,24,24,24,9,0,0,0,0,0,0,0,0,0
425634,32,32,14,0,11,0,6,0,8,0,0,0,0,0
425647,63,59,63,63,0,0,0,0,0,0,0,0,0,0
425656,27,27,27,27,0,0,0,0,0,0,0,0,0,0
425657,77,72,77,77,0,0,0,0,0,0,0,0,0,0
425659,27,27,5,0,2,0,0,1,4,0,0,0,0,0
425661,91,91,85,0,84,85,0,0,0,0,0,0,0,0
425664,147,147,143,0,142,0,0,0,0,0,0,143,0,143
425686,145,145,18,0,136,0,0,0,0,0,18,0,0,18
425747,67,63,67,67,0,0,0,0,0,0,0,0,0,0
425766,161,161,160,0,149,0,160,0,0,0,0,0,0,0
425769,13,13,12,0,10,12,0,0,0,0,0,0,0,0
425772,68,68,67,0,62,67,0,0,0,0,0,0,0,0
425773,125,125,116,0,110,0,116,0,0,0,0,0,0,0
425783,144,144,142,0,144,0,0,0,0,0,0,0,142,142
425785,88,88,39,0,31,0,2,0,36,0,0,0,1,1
425786,43,2,43,43,1,0,0,0,0,0,0,0,0,0
425789,24,1,24,24,0,0,0,0,0,0,0,0,0,0
425794,37,36,33,33,33,0,0,0,0,0,0,0,0,0
425796,139,139,132,0,120,0,0,0,0,0,2,0,131,132
425818,15,0,15,15,0,0,0,0,0,0,0,0,0,0
425827,30,1,30,30,29,0,0,0,0,0,0,0,0,0
425833,6,6,4,0,2,4,0,0,0,0,0,0,0,0
425834,154,154,154,0,147,0,0,0,0,0,0,154,0,154
425844,33,2,33,33,33,0,0,0,0,0,0,0,0,0
425848,20,1,20,20,18,0,0,0,0,0,0,0,0,0
425853,70,70,51,0,43,0,7,16,10,22,0,0,0,0
425856,31,2,31,31,31,0,0,0,0,0,0,0,0,0
425860,13,0,13,13,5,0,0,0,0,0,0,0,0,0
425861,70,4,70,70,0,0,0,0,0,0,0,0,0,0
425877,136,136,136,0,130,135,7,0,0,0,0,0,0,0
425883,16,7,15,15,13,0,0,0,0,0,0,0,0,0
425900,48,48,46,0,36,46,0,0,0,0,0,0,0,0
425902,161,161,160,0,161,0,160,0,0,0,0,0,0,0
425903,102,102,102,0,99,0,101,0,2,0,0,0,0,0
428642,26,26,20,0,11,0,0,0,0,0,17,1,2,20
429664,160,160,158,0,159,0,0,158,0,0,0,0,0,0
429665,96,96,95,0,96,0,0,0,95,0,0,0,0,0
429666,101,101,100,0,95,0,0,0,0,100,0,0,0,0
429667,143,143,140,0,142,0,140,0,0,0,0,0,0,0
429708,81,80,75,1,43,0,32,0,45,0,0,0,0,0
429710,69,69,41,0,34,0,7,0,34,0,0,0,0,0
429711,152,152,146,0,150,0,0,0,0,0,0,146,0,146
429712,82,82,77,0,73,0,0,0,0,0,70,9,2,77
429713,33,33,32,0,31,0,0,0,0,0,0,32,0,32
429714,31,29,31,31,0,0,0,0,0,0,0,0,0,0
429717,37,22,35,35,35,0,0,0,0,0,0,0,0,0
429718,4,0,4,4,4,0,0,0,0,0,0,0,0,0
429719,33,20,32,32,32,0,0,0,0,0,0,0,0,0
429720,10,10,9,9,9,0,0,0,0,0,0,0,0,0
429721,5,0,5,5,0,0,0,0,0,0,0,0,0,0
429722,33,0,33,33,33,0,0,0,0,0,0,0,0,0
429723,2,0,2,2,0,0,0,0,0,0,0,0,0,0
429780,37,36,37,37,28,0,0,0,0,0,0,0,0,0
429781,28,27,28,28,26,0,0,0,0,0,0,0,0,0
429783,72,68,72,72,0,0,0,0,0,0,0,0,0,0
429841,84,84,63,0,53,0,0,0,0,0,63,0,0,63
429901,27,2,27,27,3,0,0,0,0,0,0,0,0,0
429984,6,6,6,6,0,0,0,0,0,0,0,0,0,0
429985,42,2,42,42,0,0,0,0,0,0,0,0,0,0
430001,160,160,159,0,160,0,0,159,0,0,0,0,0,0
430083,61,57,61,61,0,0,0,0,0,0,0,0,0,0
430101,9,2,9,9,0,0,0,0,0,0,0,0,0,0
430203,91,91,88,0,89,0,0,0,0,0,2,19,70,88
430321,153,153,149,0,144,0,0,0,0,0,149,0,0,149
430404,148,148,129,0,133,0,0,0,0,0,129,0,0,129
430565,27,27,21,0,19,0,0,21,0,0,0,0,0,0
430574,117,117,114,0,103,0,1,0,0,0,8,65,43,114
430580,49,5,49,49,0,0,0,0,0,0,0,0,0,0
430583,135,135,131,0,124,0,0,0,0,131,0,0,0,0
430585,143,143,98,0,137,0,0,0,0,0,16,0,83,98
430587,9,7,9,9,0,0,0,0,0,0,0,0,0,0
430588,40,39,40,40,1,0,0,0,0,0,0,0,0,0
430589,70,41,70,70,0,0,0,0,0,0,0,0,0,0
430592,139,139,136,0,132,0,0,0,0,136,0,0,0,0
430593,43,43,40,0,33,0,3,1,27,11,0,0,0,0
430594,20,19,20,20,0,0,0,0,0,0,0,0,0,0
430598,14,14,11,0,4,0,2,0,0,0,6,0,3,9
430599,29,28,29,29,28,0,0,0,0,0,0,0,0,0
430603,119,119,110,0,55,0,28,0,15,0,65,12,2,74
430605,113,113,105,0,87,0,1,18,2,0,73,7,20,91
430606,70,67,70,70,0,0,0,0,0,0,0,0,0,0
430611,145,145,141,0,138,0,0,0,0,0,0,0,141,141
430613,59,56,59,59,0,0,0,0,0,0,0,0,0,0
430622,57,57,17,0,7,0,0,0,0,0,13,1,3,17
430629,72,69,72,72,0,0,0,0,0,0,0,0,0,0
430630,69,3,69,69,0,0,0,0,0,0,0,0,0,0
430632,100,100,18,0,65,0,3,9,7,0,0,0,0,0
430634,73,69,73,73,0,0,0,0,0,0,0,0,0,0
430636,12,1,12,12,8,0,0,0,0,0,0,0,0,0
430637,154,154,149,0,148,0,0,149,0,0,0,0,0,0
430638,5,0,5,5,0,0,0,0,0,0,0,0,0,0
430641,54,51,54,54,0,0,0,0,0,0,0,0,0,0
430652,69,69,49,0,23,0,0,2,0,0,25,24,1,48
430654,4,4,4,4,0,0,0,0,0,0,0,0,0,0
430663,19,19,19,19,0,0,0,0,0,0,0,0,0,0
430664,13,11,13,13,0,0,0,0,0,0,0,0,0,0
430665,14,14,14,14,0,0,0,0,0,0,0,0,0,0
430668,104,104,85,0,78,0,0,0,0,0,71,19,6,85
430673,69,30,69,69,0,0,0,0,0,0,0,0,0,0
430681,40,40,20,0,33,0,13,0,6,0,3,0,0,3
430683,23,0,23,23,1,0,0,0,0,0,0,0,0,0
430832,161,161,159,0,161,0,4,0,48,0,0,1,113,113
430838,27,27,22,0,6,0,0,0,0,0,6,3,14,22
430884,71,5,71,71,0,0,0,0,0,0,0,0,0,0
430895,61,61,54,0,55,0,0,22,28,7,0,0,0,0
430897,150,150,135,0,143,0,6,0,0,0,0,1,134,134
430900,48,4,48,48,0,0,0,0,0,0,0,0,0,0
430904,32,30,32,32,32,0,0,0,0,0,0,0,0,0
430906,29,29,9,0,5,0,0,1,4,4,0,0,0,0
430910,60,60,47,0,37,47,0,0,0,0,0,0,0,0
430911,53,4,53,53,0,0,0,0,0,0,0,0,0,0
430912,35,33,33,33,33,0,0,0,0,0,0,0,0,0
430917,103,103,73,0,55,0,0,49,19,9,0,0,0,0
430930,110,110,99,0,102,0,0,0,0,0,84,7,10,99
430935,34,32,33,33,33,0,0,0,0,0,0,0,0,0
430941,65,62,65,65,0,0,0,0,0,0,0,0,0,0
430942,27,1,27,27,0,0,0,0,0,0,0,0,0,0
430945,149,149,149,0,148,0,0,0,0,0,0,149,0,149
430946,150,150,142,0,149,0,0,0,142,0,0,0,0,0
430947,138,138,135,0,133,0,0,0,0,135,0,0,0,0
430948,146,146,141,0,140,0,0,12,130,0,1,0,0,1
430957,12,12,7,0,5,0,0,0,0,0,3,0,6,7
430961,4,4,4,0,3,4,0,0,0,0,0,0,0,0
430962,38,2,38,38,2,0,0,0,0,0,0,0,0,0
430963,52,2,52,52,3,0,0,0,0,0,0,0,0,0
430965,105,105,101,0,96,101,0,0,0,0,0,0,0,0
431094,138,138,137,0,138,0,0,137,0,0,0,0,0,0
431145,97,97,93,0,89,93,0,0,0,0,0,0,0,0
431148,28,3,28,28,28,0,0,0,0,0,0,0,0,0
431151,157,157,155,0,156,0,0,0,155,0,0,0,0,0
431159,63,63,56,0,48,56,0,0,0,0,0,0,0,0
431162,32,32,32,32,7,0,0,0,0,0,0,0,0,0
431166,15,15,15,0,12,15,0,0,0,0,0,0,0,0
431171,157,157,154,0,156,0,3,0,153,0,0,0,0,0
432928,131,131,33,0,121,0,19,0,0,0,14,0,0,14
432934,4,4,4,4,4,0,0,0,0,0,0,0,0,0
433217,68,68,64,0,48,0,0,40,9,16,0,0,0,0
433578,60,6,60,60,0,0,0,0,0,0,0,0,0,0
433579,32,1,32,32,32,0,0,0,0,0,0,0,0,0
433581,16,0,16,16,0,0,0,0,0,0,0,0,0,0
433582,60,60,55,0,53,0,3,0,0,0,52,0,0,52
433584,33,2,33,33,33,0,0,0,0,0,0,0,0,0
433585,20,18,20,20,19,0,0,0,0,0,0,0,0,0
433586,52,49,52,52,0,0,0,0,0,0,0,0,0,0
433587,34,1,34,34,34,0,0,0,0,0,0,0,0,0
433597,77,77,64,0,69,0,3,0,52,0,0,0,10,10
433657,40,38,32,32,31,0,0,0,0,0,0,0,0,0
433898,137,137,134,0,132,0,0,126,0,12,0,0,0,0
434158,136,136,134,0,123,0,0,0,0,0,0,134,0,134
434159,13,11,13,13,0,0,0,0,0,0,0,0,0,0
434180,53,52,53,53,0,0,0,0,0,0,0,0,0,0
434181,70,5,70,70,0,0,0,0,0,0,0,0,0,0
434298,69,67,69,69,0,0,0,0,0,0,0,0,0,0
434378,33,2,33,33,33,0,0,0,0,0,0,0,0,0
434438,3,3,3,3,3,0,0,0,0,0,0,0,0,0
434482,20,0,20,20,0,0,0,0,0,0,0,0,0,0
434538,31,1,31,31,31,0,0,0,0,0,0,0,0,0
434540,158,158,153,0,154,0,112,0,0,0,1,0,48,49
434563,121,121,118,0,109,118,0,0,0,0,0,0,0,0
434565,54,5,54,54,0,0,0,0,0,0,0,0,0,0
434567,105,105,104,0,98,104,0,0,0,0,0,0,0,0
434578,33,14,33,33,33,0,0,0,0,0,0,0,0,0
434582,9,9,5,0,6,0,5,0,0,0,0,0,0,0
434592,23,23,23,23,0,0,0,0,0,0,0,0,0,0
434604,98,98,81,0,70,0,19,0,0,0,0,0,72,72
434619,18,3,18,18,0,0,0,0,0,0,0,0,0,0
434622,33,32,33,33,33,0,0,0,0,0,0,0,0,0
434624,102,102,88,0,88,0,0,28,56,2,2,0,1,3
434626,5,5,1,0,0,0,1,0,0,0,0,0,0,0
434628,30,29,30,30,30,0,0,0,0,0,0,0,0,0
434629,14,0,14,14,0,0,0,0,0,0,0,0,0,0
434630,56,56,55,0,32,55,0,0,0,0,0,0,0,0
434633,23,23,21,0,20,21,0,0,0,0,0,0,0,0
434636,151,151,145,0,139,0,0,0,0,0,27,94,33,145
434637,58,56,58,58,0,0,0,0,0,0,0,0,0,0
434638,20,20,20,20,13,0,0,0,0,0,0,0,0,0
434641,58,55,58,58,0,0,0,0,0,0,0,0,0,0
434643,34,33,32,32,32,0,0,0,0,0,0,0,0,0
434658,143,143,140,0,133,0,0,0,0,0,47,83,27,140
434660,11,11,6,0,5,0,6,0,0,0,0,0,0,0
434661,85,85,77,0,68,0,0,0,0,0,8,71,0,77
434663,68,64,68,68,0,0,0,0,0,0,0,0,0,0
434665,82,78,82,82,0,0,0,0,0,0,0,0,0,0
434666,11,0,11,11,0,0,0,0,0,0,0,0,0,0
434668,57,13,57,57,0,0,0,0,0,0,0,0,0,0
434669,4,0,4,4,0,0,0,0,0,0,0,0,0,0
434670,142,142,140,0,140,0,0,0,0,140,0,0,0,0
434671,33,31,32,32,32,0,0,0,0,0,0,0,0,0
434672,3,2,3,3,0,0,0,0,0,0,0,0,0,0
434678,32,2,32,32,32,0,0,0,0,0,0,0,0,0
434679,6,1,6,6,6,0,0,0,0,0,0,0,0,0
434682,17,17,15,0,11,0,0,10,2,4,0,0,0,0
434704,110,110,38,0,31,0,0,10,8,0,0,0,21,21
434705,58,58,48,0,31,0,0,0,0,0,6,6,39,48
434718,44,44,44,44,0,0,0,0,0,0,0,0,0,0
434778,51,51,51,0,51,0,51,0,0,0,0,0,0,0
434884,27,2,27,27,20,0,0,0,0,0,0,0,0,0
434886,6,6,2,0,1,0,0,0,0,0,0,1,1,2
434939,15,15,6,0,8,0,6,0,0,0,0,0,0,0
434958,11,11,11,11,0,0,0,0,0,0,0,0,0,0
435038,54,54,31,0,25,0,0,11,1,18,1,0,0,1
435041,131,131,104,0,126,0,0,0,0,0,0,0,104,104
435043,32,32,29,29,29,0,0,0,0,0,0,0,0,0
435044,29,2,29,29,29,0,0,0,0,0,0,0,0,0
435045,56,3,56,56,0,0,0,0,0,0,0,0,0,0
435062,158,158,157,0,151,0,15,143,0,0,0,1,0,1
435063,140,140,132,0,127,66,70,0,0,0,0,0,0,0
435064,40,40,39,0,29,38,1,0,0,0,0,0,0,0
435065,97,97,76,0,36,0,0,0,0,0,44,29,8,76
435078,72,72,49,0,27,0,5,38,0,5,1,0,0,1
435079,103,103,103,0,102,0,0,103,0,0,0,0,0,0
435080,16,16,16,16,3,0,0,0,0,0,0,0,0,0
435081,5,5,4,0,3,4,0,0,0,0,0,0,0,0
435140,3,3,3,3,0,0,0,0,0,0,0,0,0,0
435178,28,27,28,28,28,0,0,0,0,0,0,0,0,0
435179,17,17,17,17,15,0,0,0,0,0,0,0,0,0
435180,16,16,16,0,16,0,0,8,6,7,0,0,0,0
435181,73,73,70,0,59,0,0,0,0,0,47,0,24,70
435220,82,82,81,0,77,0,0,0,0,0,0,1,80,81
435222,13,13,12,0,12,0,0,0,12,0,0,0,0,0
435238,4,4,4,0,2,4,0,0,0,0,0,0,0,0
435263,143,143,136,0,131,136,0,0,0,0,0,0,0,0
435298,30,3,30,30,29,0,0,0,0,0,0,0,0,0
435358,151,151,151,0,151,0,0,0,0,151,0,0,0,0
435400,56,55,56,56,0,0,0,0,0,0,0,0,0,0
435401,137,137,129,0,122,0,0,123,0,0,4,1,12,17
435459,67,67,64,0,60,61,2,0,0,0,0,0,1,1
435522,110,110,109,0,109,0,0,105,6,0,0,0,0,0
435538,35,35,35,35,0,0,0,0,0,0,0,0,0,0
435558,159,159,157,0,155,0,157,0,0,0,0,0,0,0
435559,131,131,123,0,128,123,0,0,0,0,0,0,0,0
435618,5,0,5,5,0,0,0,0,0,0,0,0,0,0
435619,12,12,12,12,6,0,0,0,0,0,0,0,0,0
435620,20,20,20,20,0,0,0,0,0,0,0,0,0,0
435622,154,154,149,0,136,0,0,0,0,149,0,0,1,1
435623,54,54,50,0,44,0,4,4,43,0,1,0,0,1
435624,67,67,44,0,37,0,5,0,0,0,17,0,24,40
435625,137,137,109,0,41,0,0,0,0,0,0,0,109,109
439664,11,11,2,0,2,0,2,0,0,0,0,0,0,0
440251,36,36,17,0,11,0,0,1,1,0,14,0,1,15
440351,54,54,35,0,19,0,0,0,0,0,13,12,14,35
441368,14,0,14,14,0,0,0,0,0,0,0,0,0,0
443558,108,108,101,0,103,0,0,0,0,0,14,0,94,101
444126,3,2,3,3,0,0,0,0,0,0,0,0,0,0
444135,150,150,147,0,140,0,0,119,0,29,0,0,0,0
444371,26,24,26,26,19,0,0,0,0,0,0,0,0,0
444379,109,109,96,0,88,96,1,0,0,0,0,0,0,0
444382,47,3,47,47,1,0,0,0,0,0,0,0,0,0
444427,43,4,43,43,0,0,0,0,0,0,0,0,0,0
444432,8,8,7,0,4,0,6,0,0,0,0,0,1,1
444436,54,51,54,54,0,0,0,0,0,0,0,0,0,0
444444,5,5,5,5,0,0,0,0,0,0,0,0,0,0
444446,17,17,17,17,0,0,0,0,0,0,0,0,0,0
444520,75,5,75,75,0,0,0,0,0,0,0,0,0,0
444836,29,1,29,29,5,0,0,0,0,0,0,0,0,0
444843,139,139,132,0,131,0,1,0,0,0,0,0,132,132
444844,77,77,45,0,49,19,10,0,4,0,13,0,0,13
444849,1,1,1,1,0,0,0,0,0,0,0,0,0,0
444857,29,2,29,29,22,0,0,0,0,0,0,0,0,0
444876,145,145,140,0,135,0,0,0,0,138,2,1,2,5
444884,63,34,63,63,0,0,0,0,0,0,0,0,0,0
445001,16,1,16,16,0,0,0,0,0,0,0,0,0,0
445055,105,105,88,0,66,0,0,0,0,0,9,27,61,88
445060,26,23,26,26,26,0,0,0,0,0,0,0,0,0
445156,80,74,80,80,0,0,0,0,0,0,0,0,0,0
445163,56,5,56,56,0,0,0,0,0,0,0,0,0,0
445169,41,41,39,0,30,38,1,0,0,0,0,0,0,0
445193,6,0,6,6,0,0,0,0,0,0,0,0,0,0
445196,48,48,40,0,20,0,4,20,14,3,0,0,1,1
445197,25,25,25,25,0,0,0,0,0,0,0,0,0,0
445202,5,5,5,5,0,0,0,0,0,0,0,0,0,0
445213,7,7,7,7,0,0,0,0,0,0,0,0,0,0
445216,28,27,28,28,9,0,0,0,0,0,0,0,0,0
445246,50,46,50,50,0,0,0,0,0,0,0,0,0,0
445276,26,26,25,25,0,0,0,0,0,0,0,0,0,0
445599,41,41,30,0,21,0,10,22,4,0,0,0,0,0
445612,1,0,1,1,0,0,0,0,0,0,0,0,0,0
445615,28,28,26,0,22,26,0,0,0,0,0,0,0,0
445926,51,27,51,51,0,0,0,0,0,0,0,0,0,0
445968,12,2,12,12,10,0,0,0,0,0,0,0,0,0
445971,26,24,26,26,0,0,0,0,0,0,0,0,0,0
445988,140,140,140,0,139,0,5,98,43,0,0,0,0,0
446099,50,47,50,50,0,0,0,0,0,0,0,0,0,0
446185,60,59,60,60,0,0,0,0,0,0,0,0,0,0
446192,60,60,59,0,58,59,0,0,0,0,0,0,0,0
446209,9,1,9,9,9,0,0,0,0,0,0,0,0,0
446213,3,3,3,3,0,0,0,0,0,0,0,0,0,0
446263,29,29,24,0,23,0,0,0,0,0,24,0,0,24
446264,18,18,17,17,17,0,0,0,0,0,0,0,0,0
446308,130,130,125,0,123,125,0,0,0,0,0,0,0,0
446321,8,8,8,8,5,0,0,0,0,0,0,0,0,0
446334,151,151,151,0,151,0,0,0,151,0,0,0,0,0
446373,83,83,82,0,75,0,0,0,0,82,0,0,0,0
446381,30,30,26,0,18,0,0,10,6,11,0,0,0,0
446399,28,1,28,28,28,0,0,0,0,0,0,0,0,0
446454,24,3,24,24,23,0,0,0,0,0,0,0,0,0
446481,118,118,110,0,92,0,3,92,7,5,5,9,8,21
446560,14,14,11,0,12,0,11,0,0,0,0,0,0,0
446624,9,8,9,9,6,0,0,0,0,0,0,0,0,0
446641,68,64,68,68,0,0,0,0,0,0,0,0,0,0
446861,1,0,1,1,0,0,0,0,0,0,0,0,0,0
446899,64,6,64,64,0,0,0,0,0,0,0,0,0,0
446901,1,0,1,1,0,0,0,0,0,0,0,0,0,0
446928,102,102,31,1,17,0,0,8,0,0,10,0,14,24
447714,56,55,56,56,0,0,0,0,0,0,0,0,0,0
447736,45,45,30,0,23,0,0,0,0,0,8,20,4,30
447744,38,36,38,38,1,0,0,0,0,0,0,0,0,0
447816,66,66,65,0,62,0,0,8,0,58,0,0,0,0
448147,28,2,28,28,26,0,0,0,0,0,0,0,0,0
448159,42,40,42,42,16,0,0,0,0,0,0,0,0,0
448165,74,46,74,74,0,0,0,0,0,0,0,0,0,0
448170,116,116,73,0,25,0,73,0,0,0,0,0,0,0
448178,68,4,68,68,0,0,0,0,0,0,0,0,0,0
448179,6,0,6,6,0,0,0,0,0,0,0,0,0,0
448200,35,33,35,35,0,0,0,0,0,0,0,0,0,0
448241,5,0,5,5,0,0,0,0,0,0,0,0,0,0
448242,117,117,105,0,72,0,0,0,0,0,0,105,0,105
448269,30,1,30,30,28,0,0,0,0,0,0,0,0,0
448276,32,32,25,0,20,0,0,0,0,0,7,0,20,25
448287,16,1,16,16,13,0,0,0,0,0,0,0,0,0
448306,34,2,34,34,33,0,0,0,0,0,0,0,0,0
448592,21,2,21,21,0,0,0,0,0,0,0,0,0,0
448602,145,145,142,0,141,0,5,0,142,0,0,0,0,0
448609,70,4,70,70,0,0,0,0,0,0,0,0,0,0
448614,5,0,5,5,1,0,0,0,0,0,0,0,0,0
448676,134,134,107,0,78,0,0,0,0,0,46,6,62,107
448693,11,0,11,11,0,0,0,0,0,0,0,0,0,0
448694,32,30,32,32,32,0,0,0,0,0,0,0,0,0
448753,41,41,41,41,0,0,0,0,0,0,0,0,0,0
448801,45,45,42,0,30,0,41,0,1,0,0,0,0,0
448802,31,29,28,28,28,0,0,0,0,0,0,0,0,0
449060,13,0,13,13,0,0,0,0,0,0,0,0,0,0
449072,68,67,68,68,0,0,0,0,0,0,0,0,0,0
449079,14,11,14,14,4,0,0,0,0,0,0,0,0,0
449082,44,44,38,0,29,0,0,0,0,0,23,0,15,38
449097,65,3,65,65,0,0,0,0,0,0,0,0,0,0
449107,110,110,103,0,102,0,0,87,5,13,0,0,0,0
449110,2,0,2,2,2,0,0,0,0,0,0,0,0,0
449145,2,2,2,0,0,2,0,0,0,0,0,0,0,0
449161,4,4,4,4,2,0,0,0,0,0,0,0,0,0
449168,50,50,43,0,34,0,9,2,12,6,14,0,0,14
449172,24,24,23,0,6,0,0,0,0,0,2,6,17,23
449173,8,0,8,8,3,0,0,0,0,0,0,0,0,0
449471,35,35,25,0,4,0,0,2,16,7,0,0,0,0
449774,2,2,2,2,0,0,0,0,0,0,0,0,0,0
449777,9,7,9,9,0,0,0,0,0,0,0,0,0,0
449820,16,16,16,16,0,0,0,0,0,0,0,0,0,0
450172,12,12,12,12,12,0,0,0,0,0,0,0,0,0
450192,6,6,6,0,4,6,0,0,0,0,0,0,0,0
450203,17,17,17,17,17,0,0,0,0,0,0,0,0,0
450204,88,88,45,0,32,0,0,0,0,0,23,2,20,45
450212,11,0,11,11,0,0,0,0,0,0,0,0,0,0
450260,143,143,142,0,140,0,0,0,142,0,0,0,0,0
450275,14,0,14,14,0,0,0,0,0,0,0,0,0,0
450282,13,0,13,13,1,0,0,0,0,0,0,0,0,0
450300,13,13,12,0,10,0,0,5,1,8,0,0,0,0
450306,31,3,31,31,31,0,0,0,0,0,0,0,0,0
450308,34,3,34,34,34,0,0,0,0,0,0,0,0,0
450314,151,151,149,0,144,0,14,56,2,0,1,14,103,110
450315,22,22,18,0,16,0,4,0,0,0,14,0,0,14
450317,11,11,8,0,10,8,0,0,0,0,0,0,0,0
450351,33,3,33,33,33,0,0,0,0,0,0,0,0,0
450545,13,0,13,13,0,0,0,0,0,0,0,0,0,0
450580,26,1,26,26,0,0,0,0,0,0,0,0,0,0
450665,32,31,31,31,14,0,0,0,0,0,0,0,0,0
450729,28,1,28,28,28,0,0,0,0,0,0,0,0,0
450832,7,7,7,7,0,0,0,0,0,0,0,0,0,0
450852,18,18,18,18,0,0,0,0,0,0,0,0,0,0
450864,4,0,4,4,4,0,0,0,0,0,0,0,0,0
451085,32,1,32,32,32,0,0,0,0,0,0,0,0,0
451109,26,26,24,0,21,24,0,0,0,0,0,0,0,0
451135,4,0,4,4,0,0,0,0,0,0,0,0,0,0
451143,12,12,4,0,2,0,0,0,3,0,1,0,0,1
451186,113,113,105,0,97,0,0,0,0,0,63,0,45,105
451188,102,102,62,0,58,0,2,6,54,0,0,0,0,0
451216,70,69,70,70,0,0,0,0,0,0,0,0,0,0
451259,7,7,7,0,3,7,0,0,0,0,0,0,0,0
451482,25,2,25,25,24,0,0,0,0,0,0,0,0,0
451491,31,4,31,31,0,0,0,0,0,0,0,0,0,0
451500,52,52,34,0,47,0,34,0,0,0,0,0,0,0
451532,31,31,31,31,31,0,0,0,0,0,0,0,0,0
451584,29,1,29,29,29,0,0,0,0,0,0,0,0,0
451585,37,35,37,37,0,0,0,0,0,0,0,0,0,0
451594,132,132,120,0,103,0,0,0,0,0,0,120,0,120
451595,46,46,46,46,0,0,0,0,0,0,0,0,0,0
451596,33,32,31,31,31,0,0,0,0,0,0,0,0,0
451628,8,0,8,8,1,0,0,0,0,0,0,0,0,0
451650,14,2,14,14,0,0,0,0,0,0,0,0,0,0
451687,24,24,15,0,9,0,12,0,0,0,3,0,2,5
451788,31,2,31,31,31,0,0,0,0,0,0,0,0,0
452035,33,33,32,0,29,0,4,0,0,0,30,0,0,30
452080,100,100,30,0,33,0,0,0,0,0,17,0,13,30
452095,8,8,7,0,3,7,0,0,0,0,0,0,0,0
452096,7,7,1,0,0,0,0,0,0,0,0,1,0,1
452104,161,161,158,0,156,0,0,0,158,0,0,0,0,0
452105,38,38,33,0,27,33,0,0,0,0,0,0,0,0
452121,64,64,39,0,22,0,0,25,3,4,1,6,1,8
452150,6,6,6,0,3,6,0,0,0,0,0,0,0,0
452199,15,15,12,0,11,0,3,0,6,0,3,0,0,3
452220,151,151,147,0,143,0,0,0,0,147,0,0,0,0
452221,90,90,76,0,43,0,0,14,0,0,47,20,0,65
452232,33,33,31,0,25,31,0,0,0,0,0,0,0,0
452234,133,133,101,0,82,0,0,0,0,0,71,0,33,101
452237,27,23,27,27,0,0,0,0,0,0,0,0,0,0
452238,33,33,32,0,32,32,0,0,0,0,0,0,0,0
452239,67,67,51,0,26,0,0,0,0,0,5,20,29,51
452240,12,11,12,12,0,0,0,0,0,0,0,0,0,0
452241,1,1,1,1,1,0,0,0,0,0,0,0,0,0
452249,27,25,22,22,0,0,0,0,0,0,0,0,0,0
452252,150,150,26,0,144,0,11,0,0,0,16,0,0,16
452254,156,156,156,0,155,0,0,0,0,0,0,0,156,156
452259,11,10,11,11,0,0,0,0,0,0,0,0,0,0
452293,10,0,10,10,0,0,0,0,0,0,0,0,0,0
452655,153,153,153,0,151,0,0,0,0,0,0,153,0,153
452657,32,2,32,32,32,0,0,0,0,0,0,0,0,0
452671,20,20,5,0,0,0,0,1,0,4,0,0,0,0
452672,70,70,68,0,58,68,0,0,0,0,0,0,0,0
452676,28,2,28,28,28,0,0,0,0,0,0,0,0,0
452678,97,97,95,0,94,0,0,0,0,95,0,0,0,0
452718,33,31,33,33,31,0,0,0,0,0,0,0,0,0
452733,29,28,29,29,23,0,0,0,0,0,0,0,0,0
452783,20,20,10,0,5,0,0,0,0,0,8,1,3,10
453056,18,18,18,0,18,0,0,0,0,0,6,13,0,18
453064,122,122,122,0,122,0,0,0,0,122,0,0,0,0
453178,33,30,32,32,32,0,0,0,0,0,0,0,0,0
453181,110,110,100,0,108,0,93,0,0,0,7,0,0,7
453184,11,10,11,11,9,0,0,0,0,0,0,0,0,0
453186,13,13,13,13,0,0,0,0,0,0,0,0,0,0
453192,9,9,9,9,7,0,0,0,0,0,0,0,0,0
453198,63,4,63,63,0,0,0,0,0,0,0,0,0,0
453211,150,150,147,0,135,0,0,0,0,0,0,147,0,147
453228,88,88,86,0,84,0,0,41,0,47,0,0,0,0
453236,9,9,4,0,2,0,4,0,0,0,0,0,0,0
453249,13,2,13,13,1,0,0,0,0,0,0,0,0,0
453268,73,4,73,73,0,0,0,0,0,0,0,0,0,0
453269,133,133,118,0,124,0,0,0,0,0,44,0,79,118
453281,27,25,26,26,25,0,0,0,0,0,0,0,0,0
453286,31,1,31,31,31,0,0,0,0,0,0,0,0,0
453298,31,31,23,0,12,0,0,0,0,0,7,0,17,23
453303,40,40,25,0,22,0,0,21,2,2,0,0,0,0
453307,15,1,15,15,15,0,0,0,0,0,0,0,0,0
453311,33,33,33,33,33,0,0,0,0,0,0,0,0,0
453329,28,1,28,28,28,0,0,0,0,0,0,0,0,0
453343,22,20,22,22,0,0,0,0,0,0,0,0,0,0
453344,26,2,26,26,26,0,0,0,0,0,0,0,0,0
453362,19,19,14,0,6,0,0,13,0,1,0,0,0,0
453368,20,20,10,0,9,0,0,7,1,3,0,0,0,0
453381,2,2,2,2,0,0,0,0,0,0,0,0,0,0
453385,33,32,33,33,33,0,0,0,0,0,0,0,0,0
453400,94,94,90,0,89,0,0,0,90,0,0,0,0,0
453454,46,46,40,0,20,0,0,14,4,7,8,2,6,15
453515,33,2,33,33,0,0,0,0,0,0,0,0,0,0
453525,17,17,15,0,13,15,0,0,0,0,0,0,0,0
453531,61,61,61,0,57,61,0,0,0,0,0,0,0,0
453539,19,19,14,0,5,0,0,0,0,0,8,7,0,14
453562,18,2,18,18,18,0,0,0,0,0,0,0,0,0
453646,50,47,50,50,0,0,0,0,0,0,0,0,0,0
453889,1,1,1,1,1,0,0,0,0,0,0,0,0,0
453895,139,139,139,0,124,0,0,0,0,139,0,0,0,0
453923,85,85,77,0,60,0,0,0,0,0,8,66,3,77
453974,87,87,87,0,81,87,0,0,0,0,0,0,0,0
454535,68,66,68,68,0,0,0,0,0,0,0,0,0,0
454537,4,4,4,4,0,0,0,0,0,0,0,0,0,0
454560,44,44,43,0,34,43,0,0,0,0,0,0,0,0
454972,2,0,2,2,0,0,0,0,0,0,0,0,0,0
454998,36,36,33,0,21,0,0,0,0,0,6,3,25,33
455009,64,61,64,64,0,0,0,0,0,0,0,0,0,0
455077,14,14,10,0,11,0,9,0,0,0,1,0,0,1
455088,135,135,127,0,123,0,0,126,1,0,0,0,0,0
455091,15,2,15,15,0,0,0,0,0,0,0,0,0,0
455092,1,1,1,1,0,0,0,0,0,0,0,0,0,0
455095,9,9,4,0,6,0,0,0,0,0,3,0,1,4
455104,61,61,56,0,51,52,3,0,1,0,0,0,0,0
455113,7,7,7,0,5,7,0,0,0,0,0,0,0,0
455126,17,17,8,0,4,0,0,4,4,0,0,0,0,0
455167,85,85,52,0,60,0,4,0,0,0,41,0,8,48
455369,85,85,74,0,41,0,0,8,48,23,0,0,2,2
455374,25,23,25,25,0,0,0,0,0,0,0,0,0,0
455605,10,8,9,9,9,0,0,0,0,0,0,0,0,0
455687,20,20,19,0,15,0,0,0,0,0,3,0,16,19
455755,2,2,2,0,0,1,1,0,0,0,0,0,0,0
455759,156,156,156,0,153,0,0,0,0,0,0,156,0,156
455949,2,2,2,2,0,0,0,0,0,0,0,0,0,0
455976,160,160,159,0,160,0,0,0,0,0,0,0,159,159
456027,21,18,21,21,21,0,0,0,0,0,0,0,0,0
456030,75,75,75,0,75,0,0,75,0,0,0,0,0,0
456034,32,4,32,32,31,0,0,0,0,0,0,0,0,0
456043,34,32,34,34,33,0,0,0,0,0,0,0,0,0
456078,7,7,5,0,5,5,0,0,0,0,0,0,0,0
456102,19,1,19,19,15,0,0,0,0,0,0,0,0,0
456121,99,99,92,0,72,0,0,0,0,0,44,50,18,92
456124,9,9,9,0,8,9,0,0,0,0,0,0,0,0
456422,141,141,138,0,133,0,0,0,0,0,0,138,0,138
456488,30,30,25,0,13,0,0,1,15,11,0,0,0,0
456496,21,21,21,21,0,0,0,0,0,0,0,0,0,0
456501,31,28,31,31,31,0,0,0,0,0,0,0,0,0
456589,4,4,4,4,0,0,0,0,0,0,0,0,0,0
456655,121,121,115,0,103,0,0,0,115,0,0,0,0,0
456665,15,15,11,0,9,0,11,0,0,0,0,0,0,0
456696,41,4,41,41,8,0,0,0,0,0,0,0,0,0
456701,19,18,19,19,19,0,0,0,0,0,0,0,0,0
456714,158,158,127,0,157,0,127,0,0,0,0,0,0,0
456715,43,43,39,0,36,0,0,0,0,0,1,38,1,39
456899,9,9,9,9,0,0,0,0,0,0,0,0,0,0
457117,33,33,33,33,0,0,0,0,0,0,0,0,0,0
457384,10,10,7,0,3,0,0,0,7,0,0,0,0,0
457420,81,81,78,0,67,0,2,0,56,22,0,0,0,0
457425,70,66,70,70,0,0,0,0,0,0,0,0,0,0
457428,15,15,15,15,12,0,0,0,0,0,0,0,0,0
457429,51,3,51,51,0,0,0,0,0,0,0,0,0,0
457435,74,4,74,74,1,0,0,0,0,0,0,0,0,0
457447,16,13,16,16,16,0,0,0,0,0,0,0,0,0
457448,37,1,37,37,6,0,0,0,0,0,0,0,0,0
457453,20,20,20,20,20,0,0,0,0,0,0,0,0,0
457454,12,12,8,0,6,7,1,0,0,0,0,0,0,0
457456,1,1,1,1,0,0,0,0,0,0,0,0,0,0
457461,38,3,38,38,0,0,0,0,0,0,0,0,0,0
457468,1,0,1,1,1,0,0,0,0,0,0,0,0,0
457477,19,19,12,0,8,0,0,0,0,0,0,9,5,12
457508,22,21,22,1,6,0,0,0,0,0,3,12,6,21
457567,18,17,18,18,0,0,0,0,0,0,0,0,0,0
457705,154,154,152,0,152,0,0,0,0,0,0,152,0,152
457706,151,151,149,0,140,0,0,0,0,0,0,149,0,149
457707,25,3,25,25,7,0,0,0,0,0,0,0,0,0
457708,133,133,128,0,129,0,0,0,0,0,0,0,128,128
457711,19,1,19,19,14,0,0,0,0,0,0,0,0,0
457727,82,82,77,0,74,0,0,0,0,0,0,77,0,77
457732,47,4,47,47,0,0,0,0,0,0,0,0,0,0
457759,9,9,8,0,3,0,0,6,1,1,0,0,0,0
457762,15,15,8,0,6,8,0,0,0,0,0,0,0,0
457763,108,108,105,0,105,76,30,0,0,0,0,0,0,0
457775,17,17,10,0,5,0,0,0,0,0,2,4,5,10
457779,14,0,14,14,0,0,0,0,0,0,0,0,0,0
457787,28,28,27,0,25,0,0,25,0,2,0,0,0,0
457796,35,2,35,35,0,0,0,0,0,0,0,0,0,0
457803,148,148,146,0,133,0,0,0,0,0,0,0,146,146
457812,1,0,1,1,0,0,0,0,0,0,0,0,0,0
457859,13,13,3,0,11,0,3,0,0,0,0,0,0,0
457918,16,16,16,16,16,0,0,0,0,0,0,0,0,0
457926,82,82,80,0,51,0,0,7,11,62,0,0,0,0
457935,28,28,28,28,0,0,0,0,0,0,0,0,0,0
458000,1,1,1,0,0,0,0,0,0,0,0,1,0,1
458003,45,44,45,45,8,0,0,0,0,0,0,0,0,0
458006,62,6,62,62,0,0,0,0,0,0,0,0,0,0
458015,150,150,149,0,146,0,149,0,0,0,0,0,0,0
458036,79,79,30,0,19,1,3,0,0,0,5,0,22,27
458085,91,91,90,0,87,0,0,0,0,0,90,0,0,90
458094,4,4,4,4,0,0,0,0,0,0,0,0,0,0
458155,9,9,9,9,1,0,0,0,0,0,0,0,0,0
458210,69,69,60,0,37,0,0,24,6,30,0,1,0,1
458220,57,55,57,57,0,0,0,0,0,0,0,0,0,0
458250,57,4,57,57,0,0,0,0,0,0,0,0,0,0
458501,7,7,5,0,3,0,0,0,0,5,0,0,0,0
458537,4,4,4,4,3,0,0,0,0,0,0,0,0,0
458567,41,5,41,41,4,0,0,0,0,0,0,0,0,0
458582,113,113,108,0,75,0,0,68,0,51,0,0,2,2
458589,47,43,47,47,0,0,0,0,0,0,0,0,0,0
458628,36,36,27,1,8,0,3,0,1,0,7,14,8,25
458643,19,19,12,0,9,11,2,0,0,0,0,0,0,0
458657,5,5,5,5,5,0,0,0,0,0,0,0,0,0
458675,144,144,134,0,124,0,0,0,0,0,0,134,0,134
458679,53,53,50,0,42,0,0,0,50,0,0,0,0,0
458690,30,28,30,30,30,0,0,0,0,0,0,0,0,0
458708,12,0,12,12,12,0,0,0,0,0,0,0,0,0
458709,25,24,25,25,25,0,0,0,0,0,0,0,0,0
458713,31,3,30,30,28,0,0,0,0,0,0,0,0,0
458730,41,41,41,41,0,0,0,0,0,0,0,0,0,0
458731,150,150,146,0,134,0,0,0,0,0,123,44,0,146
458913,51,51,44,0,42,0,0,35,0,0,10,0,0,10
458924,79,77,79,79,0,0,0,0,0,0,0,0,0,0
458950,8,0,8,8,1,0,0,0,0,0,0,0,0,0
459334,4,4,2,0,1,0,0,0,0,0,2,0,0,2
459411,14,13,14,14,0,0,0,0,0,0,0,0,0,0
459429,8,0,8,8,0,0,0,0,0,0,0,0,0,0
459431,100,100,89,0,86,0,0,0,0,0,77,14,0,89
459440,13,13,13,0,11,0,0,2,11,0,0,0,0,0
459932,34,1,34,34,0,0,0,0,0,0,0,0,0,0
459939,61,58,61,61,0,0,0,0,0,0,0,0,0,0
459941,14,14,13,0,13,0,0,0,0,0,10,0,3,13
459943,54,54,38,0,33,0,38,0,0,0,0,0,0,0
459964,77,77,63,0,63,0,0,0,0,0,13,0,53,63
459967,15,14,15,15,6,0,0,0,0,0,0,0,0,0
459987,14,13,14,14,0,0,0,0,0,0,0,0,0,0
459988,3,0,3,3,0,0,0,0,0,0,0,0,0,0
459991,151,151,149,0,148,0,149,0,0,0,0,0,0,0
459999,18,16,18,18,0,0,0,0,0,0,0,0,0,0
460003,28,28,28,0,22,28,0,0,0,0,0,0,0,0
460008,4,0,4,4,0,0,0,0,0,0,0,0,0,0
460022,44,44,40,0,31,0,0,15,11,22,0,0,0,0
460024,18,1,18,18,17,0,0,0,0,0,0,0,0,0
460026,85,85,76,0,73,76,0,0,0,0,0,0,0,0
460029,37,3,37,37,0,0,0,0,0,0,0,0,0,0
460051,72,72,66,0,60,0,0,64,2,0,0,0,0,0
460055,11,11,4,0,1,0,0,0,0,0,0,2,3,4
460059,34,32,34,34,33,0,0,0,0,0,0,0,0,0
460060,156,156,156,0,147,0,0,0,0,156,0,0,0,0
460067,122,122,116,0,106,0,0,0,0,0,48,68,4,116
460069,32,2,32,32,32,0,0,0,0,0,0,0,0,0
460072,41,4,41,41,0,0,0,0,0,0,0,0,0,0
460075,157,157,153,0,154,0,0,0,0,0,153,0,0,153
460077,49,49,47,0,44,47,0,0,0,0,0,0,0,0
460086,74,74,69,0,68,0,1,0,10,0,55,0,3,58
460092,23,23,23,23,0,0,0,0,0,0,0,0,0,0
460099,39,39,23,0,33,0,0,0,0,0,22,0,2,23
460104,5,0,5,5,0,0,0,0,0,0,0,0,0,0
460105,10,10,8,8,8,0,0,0,0,0,0,0,0,0
460131,19,19,11,0,5,0,0,0,0,0,7,3,2,11
460252,27,27,20,0,18,0,11,0,5,0,7,0,0,7
460257,4,0,4,4,1,0,0,0,0,0,0,0,0,0
460267,4,4,4,0,2,0,0,0,0,0,1,0,3,4
460269,28,28,26,0,19,24,0,0,0,0,1,0,1,2
460283,63,4,63,63,0,0,0,0,0,0,0,0,0,0
460284,30,1,30,30,30,0,0,0,0,0,0,0,0,0
460349,22,22,22,22,0,0,0,0,0,0,0,0,0,0
460366,13,0,13,13,0,0,0,0,0,0,0,0,0,0
460370,70,5,70,70,0,0,0,0,0,0,0,0,0,0
460576,97,97,81,0,67,0,0,0,0,0,5,75,2,81
460579,136,136,134,0,128,0,0,0,0,0,0,134,0,134
460657,49,45,49,49,0,0,0,0,0,0,0,0,0,0
460701,57,57,57,57,0,0,0,0,0,0,0,0,0,0
461212,14,0,14,14,1,0,0,0,0,0,0,0,0,0
461235,17,17,7,0,3,0,0,0,0,0,2,0,5,7
461314,162,162,158,0,149,0,0,0,0,0,0,158,0,158
461315,12,12,10,0,10,10,0,0,0,0,0,0,0,0
461325,78,74,78,78,0,0,0,0,0,0,0,0,0,0
461416,131,131,121,0,101,0,1,0,0,0,23,25,89,121
461791,77,74,77,77,0,0,0,0,0,0,0,0,0,0
461815,138,138,125,0,105,0,0,0,0,0,74,10,51,125
461829,33,2,33,33,33,0,0,0,0,0,0,0,0,0
461833,31,1,31,31,29,0,0,0,0,0,0,0,0,0
461856,1,0,1,1,0,0,0,0,0,0,0,0,0,0
461858,22,22,11,0,7,0,0,2,0,9,0,0,0,0
461865,5,5,4,0,3,0,0,0,0,4,0,0,0,0
461874,43,43,42,0,34,42,0,0,0,0,0,0,0,0
462101,148,148,148,0,144,0,0,0,0,148,0,0,0,0
462102,34,33,34,34,34,0,0,0,0,0,0,0,0,0
462136,7,5,7,7,1,0,0,0,0,0,0,0,0,0
462382,26,0,26,26,0,0,0,0,0,0,0,0,0,0
462405,103,103,44,0,24,0,0,9,37,0,0,0,0,0
462522,7,7,7,7,0,0,0,0,0,0,0,0,0,0
462564,159,159,158,0,158,0,0,158,0,0,0,0,0,0
462956,19,18,19,19,14,0,0,0,0,0,0,0,0,0
462962,2,2,2,0,0,0,1,1,0,0,0,0,0,0
462985,35,33,35,35,0,0,0,0,0,0,0,0,0,0
462995,9,1,9,9,1,0,0,0,0,0,0,0,0,0
463645,6,6,6,6,0,0,0,0,0,0,0,0,0,0
464281,14,14,10,0,6,0,0,0,0,10,0,0,0,0
464299,29,29,18,0,9,0,0,1,0,0,13,5,1,17
464341,14,14,10,0,6,0,0,0,0,10,0,0,0,0
464433,36,36,12,0,6,0,0,0,12,0,0,0,0,0
465041,93,93,91,0,80,90,0,0,2,0,0,0,0,0
465629,59,58,59,59,0,0,0,0,0,0,0,0,0,0
465657,66,2,66,66,0,0,0,0,0,0,0,0,0,0
465668,134,134,130,0,111,0,0,0,0,0,44,26,77,130
465674,8,8,1,0,0,0,0,0,0,1,0,0,0,0
465679,4,4,4,4,0,0,0,0,0,0,0,0,0,0
465784,76,76,67,0,55,0,0,6,0,61,0,0,0,0
466320,147,147,136,0,115,0,0,0,0,0,84,55,25,136
466412,1,1,1,1,0,0,0,0,0,0,0,0,0,0
466459,2,2,2,2,0,0,0,0,0,0,0,0,0,0
466918,56,51,56,56,0,0,0,0,0,0,0,0,0,0
466988,73,73,47,0,37,0,0,5,6,9,7,17,6,29
467008,15,0,15,15,0,0,0,0,0,0,0,0,0,0
467055,152,152,150,0,146,0,11,0,143,0,0,0,0,0
467092,22,22,22,0,21,22,0,0,0,0,0,0,0,0
467094,12,0,12,12,3,0,0,0,0,0,0,0,0,0
467099,33,33,33,33,0,0,0,0,0,0,0,0,0,0
467100,10,1,10,10,7,0,0,0,0,0,0,0,0,0
467726,47,1,47,47,0,0,0,0,0,0,0,0,0,0
467793,46,46,40,0,45,40,0,0,0,0,0,0,0,0
467798,102,102,102,0,101,0,0,0,0,0,93,13,0,102
467827,133,133,113,0,93,0,0,0,0,0,76,7,36,113
467850,5,5,5,5,0,0,0,0,0,0,0,0,0,0
467856,32,31,32,32,13,0,0,0,0,0,0,0,0,0
468396,44,2,44,44,0,0,0,0,0,0,0,0,0,0
468406,76,76,71,0,53,0,0,57,16,7,0,0,0,0
468504,28,26,28,28,21,0,0,0,0,0,0,0,0,0
469097,15,2,15,15,0,0,0,0,0,0,0,0,0,0
469134,33,31,28,28,8,0,0,0,0,0,0,0,0,0
469159,29,0,29,29,0,0,0,0,0,0,0,0,0,0
469167,8,8,8,8,0,0,0,0,0,0,0,0,0,0
469686,10,1,10,10,0,0,0,0,0,0,0,0,0,0
469690,22,3,22,22,0,0,0,0,0,0,0,0,0,0
469721,14,14,8,0,6,0,0,0,0,0,4,4,0,8
469735,7,0,7,7,0,0,0,0,0,0,0,0,0,0
469810,22,22,15,0,8,0,0,0,0,15,0,0,0,0
470462,52,49,52,52,0,0,0,0,0,0,0,0,0,0
470516,28,28,10,0,8,0,0,0,0,0,0,10,0,10
471083,85,85,79,0,77,79,0,0,0,0,0,0,0,0
471183,4,4,4,4,0,0,0,0,0,0,0,0,0,0
471803,5,0,5,5,0,0,0,0,0,0,0,0,0,0
471863,2,2,2,0,2,0,0,0,2,0,0,0,0,0
471865,145,145,142,0,140,0,0,0,0,0,63,58,40,142
471868,114,114,79,0,37,0,3,38,27,16,0,0,1,1
471897,9,9,9,0,7,0,0,0,0,0,4,4,1,9
471911,7,0,7,7,7,0,0,0,0,0,0,0,0,0
472528,91,91,83,0,76,0,0,71,9,5,1,0,0,1
472551,22,22,22,22,0,0,0,0,0,0,0,0,0,0
473234,81,81,44,0,39,0,0,12,20,15,0,0,0,0
474233,13,13,10,0,9,10,0,0,0,0,0,0,0,0
474319,10,10,10,0,5,0,10,0,0,0,0,0,0,0
474463,19,0,19,19,19,0,0,0,0,0,0,0,0,0
474699,5,5,5,5,2,0,0,0,0,0,0,0,0,0
474865,137,137,133,0,122,0,0,0,0,0,1,133,0,133
474892,24,24,22,0,23,0,0,0,0,0,22,0,0,22
475115,26,4,26,26,2,0,0,0,0,0,0,0,0,0
475138,3,0,3,3,3,0,0,0,0,0,0,0,0,0
475174,22,22,6,0,3,0,6,0,0,0,0,0,0,0
475243,17,17,17,17,17,0,0,0,0,0,0,0,0,0
475253,100,100,94,0,96,0,94,0,0,0,0,0,0,0
475416,34,2,34,34,29,0,0,0,0,0,0,0,0,0
475582,142,142,137,0,138,0,0,0,137,0,0,0,0,0
476011,7,7,7,7,2,0,0,0,0,0,0,0,0,0
476127,3,3,3,3,1,0,0,0,0,0,0,0,0,0
476206,12,10,12,12,0,0,0,0,0,0,0,0,0,0
476270,25,25,22,0,12,0,0,4,6,11,1,0,1,1
476451,10,1,10,10,4,0,0,0,0,0,0,0,0,0
476570,24,2,24,24,18,0,0,0,0,0,0,0,0,0
476601,14,0,14,14,0,0,0,0,0,0,0,0,0,0
476704,55,55,52,0,45,0,7,28,1,23,0,0,0,0
476811,2,2,2,2,2,0,0,0,0,0,0,0,0,0
476883,95,95,94,0,94,0,0,0,94,0,0,0,0,0
477003,31,30,30,30,30,0,0,0,0,0,0,0,0,0
477132,32,31,32,32,32,0,0,0,0,0,0,0,0,0
477165,51,51,48,0,41,0,48,0,0,0,0,0,0,0
477195,147,147,146,0,141,0,146,0,0,0,0,0,0,0
477229,16,0,16,16,0,0,0,0,0,0,0,0,0,0
477557,43,3,43,43,0,0,0,0,0,0,0,0,0,0
477569,27,26,27,27,0,0,0,0,0,0,0,0,0,0
488671,104,104,98,0,84,98,0,0,0,0,0,0,0,0
488674,53,53,53,53,0,0,0,0,0,0,0,0,0,0
488689,9,9,1,0,0,0,1,0,0,0,0,0,0,0
488721,51,51,51,0,49,0,0,0,0,0,0,51,0,51
488722,46,44,46,46,0,0,0,0,0,0,0,0,0,0
488726,72,72,72,0,69,0,0,0,0,0,7,65,0,72
488740,26,26,17,0,20,0,10,0,0,0,7,0,0,7
488751,41,4,41,41,0,0,0,0,0,0,0,0,0,0
488768,53,51,53,53,0,0,0,0,0,0,0,0,0,0
488771,67,67,67,0,57,67,0,0,0,0,0,0,0,0
488787,12,12,12,12,8,0,0,0,0,0,0,0,0,0
488811,53,53,39,0,30,0,0,0,0,0,23,2,17,39
488846,53,5,53,53,13,0,0,0,0,0,0,0,0,0
488862,135,135,134,0,133,0,0,0,0,134,0,0,0,0
488984,23,1,23,23,22,0,0,0,0,0,0,0,0,0
489020,5,0,5,5,0,0,0,0,0,0,0,0,0,0
489149,62,62,62,0,62,0,0,0,0,0,62,0,0,62
489150,1,0,1,1,1,0,0,0,0,0,0,0,0,0
489231,11,11,3,0,0,0,0,0,0,0,0,1,2,3
489242,54,54,53,0,46,0,0,53,0,0,0,0,0,0
489262,12,12,7,0,3,0,0,0,3,4,0,0,0,0
489265,68,67,68,68,0,0,0,0,0,0,0,0,0,0
489267,80,80,71,0,67,0,7,47,5,14,5,0,0,5
489277,104,104,63,0,41,0,24,0,8,0,36,0,0,36
489295,7,7,7,7,0,0,0,0,0,0,0,0,0,0
489334,36,36,35,35,19,0,0,0,0,0,0,0,0,0
489365,73,73,61,0,51,61,0,0,0,0,0,0,0,0
489413,36,36,36,0,21,0,0,0,0,0,8,4,29,36
489448,8,7,8,8,0,0,0,0,0,0,0,0,0,0
490008,10,0,10,10,0,0,0,0,0,0,0,0,0,0
490063,33,2,33,33,32,0,0,0,0,0,0,0,0,0
491159,65,62,65,65,0,0,0,0,0,0,0,0,0,0
491220,3,3,3,3,0,0,0,0,0,0,0,0,0,0
491624,9,9,9,9,2,0,0,0,0,0,0,0,0,0
491646,11,0,11,11,11,0,0,0,0,0,0,0,0,0
491688,11,11,11,11,0,0,0,0,0,0,0,0,0,0
491703,70,6,70,70,0,0,0,0,0,0,0,0,0,0
492821,8,8,8,8,0,0,0,0,0,0,0,0,0,0
493120,130,130,110,0,87,0,0,0,0,0,0,0,110,110
493127,64,64,50,0,49,0,0,40,10,0,0,0,0,0
493133,31,30,31,31,31,0,0,0,0,0,0,0,0,0
493137,25,2,25,25,25,0,0,0,0,0,0,0,0,0
493157,43,0,43,43,0,0,0,0,0,0,0,0,0,0
493247,85,84,85,85,0,0,0,0,0,0,0,0,0,0
493337,5,5,5,5,5,0,0,0,0,0,0,0,0,0
493351,156,156,156,0,154,0,0,0,0,156,0,0,0,0
493364,38,38,29,0,26,0,7,0,23,0,0,0,0,0
493416,56,54,56,56,0,0,0,0,0,0,0,0,0,0
493596,131,131,126,0,126,0,0,126,0,0,0,0,0,0
493603,6,5,5,5,3,0,0,0,0,0,0,0,0,0
494686,7,7,6,0,5,0,0,0,0,0,6,0,2,6
497807,40,5,40,40,0,0,0,0,0,0,0,0,0,0
499856,1,1,1,1,1,0,0,0,0,0,0,0,0,0
499877,18,18,18,18,16,0,0,0,0,0,0,0,0,0
500872,5,0,5,5,0,0,0,0,0,0,0,0,0,0
501605,20,20,20,0,10,0,0,3,4,15,0,0,0,0
501638,2,0,2,2,0,0,0,0,0,0,0,0,0,0
501697,4,4,4,4,0,0,0,0,0,0,0,0,0,0
501800,44,44,38,0,27,0,5,1,2,0,5,0,30,34
501814,6,6,6,0,0,0,0,0,0,6,0,0,0,0
501822,5,5,4,0,2,4,0,0,0,0,0,0,0,0
501835,31,31,29,0,13,0,0,2,16,0,11,0,0,11
501873,17,17,17,17,0,0,0,0,0,0,0,0,0,0
501874,3,0,3,3,0,0,0,0,0,0,0,0,0,0
501888,53,53,51,0,44,0,0,0,0,0,12,38,2,51
501896,70,70,66,0,64,0,1,0,66,0,0,0,0,0
501925,53,3,53,53,0,0,0,0,0,0,0,0,0,0
501954,14,14,11,0,10,0,0,0,0,11,0,0,0,0
501955,73,5,73,73,0,0,0,0,0,0,0,0,0,0
501957,11,1,11,11,11,0,0,0,0,0,0,0,0,0
501983,82,82,80,0,75,0,0,0,0,0,53,0,29,80
501985,9,9,9,9,8,0,0,0,0,0,0,0,0,0
501989,5,1,5,5,5,0,0,0,0,0,0,0,0,0
502003,48,48,46,0,41,0,0,40,6,0,0,0,0,0
502009,31,29,31,31,31,0,0,0,0,0,0,0,0,0
502026,10,10,10,10,0,0,0,0,0,0,0,0,0,0
502028,51,3,51,51,0,0,0,0,0,0,0,0,0,0
502032,27,27,27,27,27,0,0,0,0,0,0,0,0,0
502034,7,7,5,0,0,0,0,5,0,0,0,0,0,0
502055,8,8,8,8,0,0,0,0,0,0,0,0,0,0
502085,64,5,64,64,0,0,0,0,0,0,0,0,0,0
502100,19,19,14,0,2,0,0,0,0,0,2,4,8,14
502125,135,135,111,0,81,0,0,0,0,0,55,18,59,111
502126,35,35,15,0,13,0,0,0,0,0,0,0,15,15
502130,41,40,41,41,0,0,0,0,0,0,0,0,0,0
502136,37,35,37,37,0,0,0,0,0,0,0,0,0,0
502143,85,85,81,0,81,0,0,0,81,0,0,0,0,0
502151,9,9,8,0,4,0,1,0,0,0,4,0,3,7
502158,16,1,16,16,0,0,0,0,0,0,0,0,0,0
502161,27,27,11,0,4,0,0,0,0,0,0,8,3,11
502165,1,1,1,1,0,0,0,0,0,0,0,0,0,0
502166,7,0,7,7,3,0,0,0,0,0,0,0,0,0
502188,7,7,7,7,3,0,0,0,0,0,0,0,0,0
502190,28,27,24,24,22,0,0,0,0,0,0,0,0,0
502208,7,7,7,7,3,0,0,0,0,0,0,0,0,0
502210,29,29,25,0,15,0,0,0,0,0,6,6,15,25
502226,20,20,15,0,9,0,0,0,0,0,6,7,4,15
502239,30,2,30,30,30,0,0,0,0,0,0,0,0,0
502249,18,18,18,0,11,0,18,0,0,0,0,0,0,0
502253,15,14,15,15,12,0,0,0,0,0,0,0,0,0
502260,5,0,5,5,0,0,0,0,0,0,0,0,0,0
502261,45,45,36,0,26,0,0,0,0,0,24,7,9,36
502272,2,0,2,2,0,0,0,0,0,0,0,0,0,0
502317,97,97,77,0,42,0,0,0,0,0,38,22,27,77
502374,6,6,2,0,1,2,0,0,0,0,0,0,0,0
502381,80,78,80,80,0,0,0,0,0,0,0,0,0,0
502481,18,18,15,0,14,0,0,0,0,0,0,15,0,15
502609,36,32,36,36,0,0,0,0,0,0,0,0,0,0
502621,1,1,1,1,0,0,0,0,0,0,0,0,0,0
502706,14,0,14,14,10,0,0,0,0,0,0,0,0,0
503285,72,3,72,72,0,0,0,0,0,0,0,0,0,0
503438,1,0,1,1,0,0,0,0,0,0,0,0,0,0
506606,56,3,56,56,0,0,0,0,0,0,0,0,0,0
506673,33,33,13,0,14,0,13,0,0,0,0,0,0,0
514913,78,78,77,0,70,0,0,50,0,28,0,0,0,0
516769,33,30,33,33,3,0,0,0,0,0,0,0,0,0
516770,125,125,123,0,121,0,0,0,0,123,0,0,0,0
518516,20,20,18,18,18,0,0,0,0,0,0,0,0,0
518553,3,3,3,3,0,0,0,0,0,0,0,0,0,0
518614,11,11,9,0,9,0,0,0,9,1,0,0,0,0
518626,14,14,9,0,9,7,2,0,0,0,0,0,0,0
518655,18,17,18,18,18,0,0,0,0,0,0,0,0,0
518692,20,20,12,0,2,0,12,0,0,0,0,0,0,0
518716,5,5,5,5,5,0,0,0,0,0,0,0,0,0
518792,142,142,140,0,136,0,0,0,0,0,0,0,140,140
518794,16,16,6,0,0,0,0,1,3,2,0,0,0,0
518799,1,1,1,0,0,1,0,0,0,0,0,0,0,0
518813,15,0,15,15,0,0,0,0,0,0,0,0,0,0
518875,22,2,22,22,0,0,0,0,0,0,0,0,0,0
518886,21,21,21,21,0,0,0,0,0,0,0,0,0,0
518960,75,75,75,0,74,75,0,0,0,0,0,0,0,0
518980,11,11,7,0,10,0,0,0,7,0,0,0,0,0
519048,47,47,44,0,41,0,40,0,0,0,0,0,7,7
519128,23,23,6,0,1,0,0,0,0,0,5,0,1,6
519144,27,1,27,27,27,0,0,0,0,0,0,0,0,0
519184,13,13,11,0,6,0,0,0,0,0,3,6,2,11
519186,21,21,21,21,0,0,0,0,0,0,0,0,0,0
519240,14,0,14,14,12,0,0,0,0,0,0,0,0,0
519242,21,0,21,21,0,0,0,0,0,0,0,0,0,0
519259,18,0,18,18,0,0,0,0,0,0,0,0,0,0
519299,4,4,3,0,1,0,0,3,0,0,0,0,0,0
519317,100,100,98,0,97,0,0,0,0,0,0,0,98,98
519322,54,50,54,54,0,0,0,0,0,0,0,0,0,0
519357,5,0,5,5,0,0,0,0,0,0,0,0,0,0
519405,28,0,28,28,0,0,0,0,0,0,0,0,0,0
519445,39,39,38,0,33,0,0,12,3,24,0,0,0,0
519455,7,7,7,7,7,0,0,0,0,0,0,0,0,0
520209,4,4,2,0,2,2,0,0,0,0,0,0,0,0
534428,8,8,8,8,0,0,0,0,0,0,0,0,0,0
537953,60,60,54,0,44,0,0,0,0,0,54,0,0,54
538227,53,51,53,53,12,0,0,0,0,0,0,0,0,0
543339,14,11,14,14,14,0,0,0,0,0,0,0,0,0
543409,24,0,24,24,0,0,0,0,0,0,0,0,0,0
543569,21,21,20,0,19,0,0,0,20,0,0,0,0,0
543634,60,1,60,60,0,0,0,0,0,0,0,0,0,0
544931,12,11,12,12,12,0,0,0,0,0,0,0,0,0
545404,3,3,3,3,3,0,0,0,0,0,0,0,0,0
547820,22,3,22,22,0,0,0,0,0,0,0,0,0,0
547973,15,15,15,15,0,0,0,0,0,0,0,0,0,0
579799,34,32,34,34,0,0,0,0,0,0,0,0,0,0
